Student ID,CGPA,Internships,Projects,Workshops,AptitudeTestScore,SoftSkillsRating,PlacementTraining,Placed
1,7.5,1,1,1,65,4.4,0,0
2,8.9,0,3,2,90,4,1,1
3,7.3,1,2,2,82,4.8,0,0
4,7.5,1,1,2,85,4.4,1,1
5,8.3,1,2,2,86,4.5,1,1
6,7,0,2,2,71,4.2,0,0
7,7.7,1,1,1,76,4,0,0
8,7.7,2,1,0,85,3.5,1,0
9,6.5,1,1,0,84,3.9,1,0
10,7.8,1,3,2,79,4.4,1,1
11,8.3,2,3,2,90,4.8,1,1
12,7.9,1,3,2,90,4.8,1,1
13,8.3,2,3,2,90,4.5,1,1
14,7.7,1,1,1,74,4.6,1,0
15,7.5,1,1,1,66,4.1,0,0
16,7.4,0,2,1,78,4.4,0,0
17,8.6,0,3,0,84,4.8,1,1
18,8.2,2,3,2,90,4.7,1,1
19,6.8,2,3,0,73,4.4,1,1
20,7.4,1,2,0,70,4.4,1,0
21,7.6,2,1,0,84,4.4,1,1
22,7.4,1,2,1,72,3.5,1,1
23,7.7,0,1,0,77,3.4,1,1
24,7.4,1,1,0,60,3.8,0,0
25,7.4,1,2,1,90,4.3,1,0
26,6.7,1,1,1,70,4,0,0
27,7.4,2,3,2,78,4.3,1,0
28,8.3,1,1,1,81,4.5,1,0
29,7.5,1,2,1,84,4.4,0,0
30,7,0,1,1,63,3.9,1,0
31,8.4,2,3,2,90,4.6,1,1
32,7.4,1,2,1,76,4.7,1,0
33,8.5,1,3,0,90,4.8,1,1
34,8.6,1,2,2,75,4.3,1,1
35,6.9,0,1,0,70,3.9,1,1
36,7.8,1,1,1,67,4.3,0,0
37,8.3,1,2,2,89,4.8,1,1
38,8.2,1,2,2,77,4.2,1,1
39,8.5,2,3,3,90,4.7,1,1
40,6.7,0,3,2,88,4.2,1,1
41,8.6,2,3,1,90,4.8,1,1
42,8.3,2,3,2,85,4.8,1,1
43,6.7,0,1,1,72,4.4,0,0
44,8.6,2,3,2,88,4.7,1,1
45,7.4,1,3,0,86,4.8,1,0
46,6.7,1,1,2,73,4.5,0,1
47,6.9,1,1,1,76,4.4,0,0
48,7,1,1,0,62,4.3,1,0
49,8.1,1,3,2,90,4.6,1,1
50,7.7,1,2,0,74,3.8,0,0
51,6.5,0,2,1,77,4.8,1,0
52,8.2,1,3,0,65,4.1,0,0
53,8.1,2,3,2,90,4.7,1,1
54,6.5,1,2,1,80,4.5,1,0
55,6.5,0,2,1,72,4.5,0,0
56,8.8,2,3,2,90,4.8,1,1
57,8,1,1,0,74,4.5,1,0
58,8.4,2,2,2,81,4.6,1,1
59,8,1,1,0,86,4.2,0,0
60,6.6,0,1,0,76,3.9,1,1
61,7.7,2,2,0,86,4,1,0
62,8.2,1,2,1,86,4.3,1,1
63,7.2,1,2,0,74,4.1,0,0
64,6.6,1,2,1,72,4.1,0,0
65,7.6,1,2,0,77,4.6,0,0
66,8,0,3,0,68,4.2,0,1
67,7.8,2,3,2,87,4.8,0,0
68,7.2,1,1,0,82,4.6,1,0
69,7.7,1,1,0,74,4.1,1,1
70,8.4,1,1,2,67,3.8,1,0
71,7.5,1,1,1,69,4.3,1,0
72,6.7,0,2,1,79,4.1,0,0
73,8.1,2,3,2,90,4.8,1,1
74,7.5,1,2,0,73,4.4,0,0
75,7.4,2,1,0,75,4.2,1,0
76,6.5,1,1,0,63,4.5,1,0
77,8.1,1,3,1,90,4.6,1,1
78,6.9,1,1,0,83,3.5,1,0
79,8.2,1,3,0,83,4.8,1,1
80,7.6,1,2,1,72,3.9,1,0
81,6.6,1,1,1,69,3.6,1,0
82,6.7,1,2,1,74,4.8,1,1
83,8.2,2,3,2,76,4.5,1,0
84,8.3,2,3,1,90,4.2,1,1
85,7.6,0,2,0,86,4.8,1,1
86,6.7,1,3,0,87,4.6,0,0
87,8.1,0,2,1,84,3.8,0,0
88,8.5,1,2,2,79,3.9,1,1
89,8.8,1,3,0,76,4.7,1,1
90,7.2,1,2,0,68,4.2,1,0
91,7.6,1,1,0,80,4.5,1,0
92,7.1,1,1,0,70,3.3,0,0
93,8.1,1,3,2,89,4.6,1,1
94,7.4,1,3,0,83,4.2,1,0
95,7.7,2,2,2,85,4.8,1,0
96,7.5,0,1,1,75,3.3,1,0
97,7.5,1,1,0,64,4,0,0
98,7.8,2,2,2,90,4.8,0,1
99,7.7,1,3,1,89,4.6,1,1
100,7.9,0,1,2,83,4.8,0,0
101,7.4,1,2,1,63,3.9,0,0
102,7.3,1,1,0,80,4.7,1,0
103,6.5,1,1,1,62,3.8,1,0
104,7.5,2,1,1,76,4.2,1,0
105,6.5,1,1,0,68,4.1,0,0
106,8.5,2,3,2,90,4.8,1,1
107,6.7,0,1,1,74,3.9,0,0
108,6.5,0,1,0,82,4.4,0,0
109,8.1,1,3,2,90,4.8,1,1
110,8.7,2,3,2,90,4.8,1,1
111,8,1,1,3,84,4,1,0
112,7.3,1,3,1,81,4.2,1,0
113,7.4,1,1,1,81,4.1,0,0
114,8.6,2,3,0,81,4.7,0,1
115,6.7,2,1,2,76,4.8,0,0
116,7.6,1,1,1,67,3.5,0,0
117,8.8,1,3,2,90,4.6,1,1
118,6.5,1,2,0,65,4.4,1,0
119,6.5,1,2,1,78,4.2,0,0
120,7.4,1,2,1,75,4.2,1,0
121,8.7,2,3,2,81,4.7,1,1
122,8,1,1,1,68,4.2,1,0
123,7.7,1,3,2,90,4.8,0,1
124,7.3,1,1,0,64,3.2,1,0
125,8.4,2,1,2,76,4.1,0,0
126,7.7,1,2,0,73,4,1,1
127,7.5,1,1,1,68,4.7,0,0
128,7.4,0,1,0,79,4.3,0,0
129,7.4,1,1,1,64,4.3,1,0
130,8.5,1,2,2,90,4.8,1,1
131,8,1,3,0,80,4.4,1,1
132,6.5,1,1,1,72,3.8,0,0
133,8.4,1,1,0,81,4.6,0,1
134,8.7,0,3,2,88,4.8,0,0
135,8,0,1,0,60,4,0,0
136,8.4,2,3,1,88,4.6,1,0
137,8.2,2,3,2,90,4.4,1,1
138,8.1,2,2,2,90,4.5,1,1
139,7.9,1,3,1,75,3.7,1,0
140,8.9,2,3,2,90,4.8,1,1
141,6.5,1,1,1,72,4.5,0,0
142,7.6,1,1,0,73,4.3,1,1
143,8.4,1,3,2,90,4.6,1,1
144,7.8,2,3,0,77,4.8,1,0
145,8.4,1,2,1,74,4.3,1,1
146,7.6,1,2,0,74,3.7,1,1
147,7.9,1,1,1,62,4.6,1,0
148,7.9,1,3,1,80,4.2,1,1
149,8,2,1,2,90,4.8,1,0
150,7.9,2,1,0,83,4,1,0
151,8.4,2,3,2,90,4.8,1,1
152,8.6,0,3,2,90,4.8,1,1
153,7.8,0,1,0,81,3.9,1,1
154,8.1,2,3,3,90,4.8,1,1
155,7.2,1,3,1,75,4.2,1,0
156,7.7,0,1,0,81,4.8,1,1
157,8.4,1,3,2,90,4.5,1,1
158,8,1,3,1,87,4.6,1,0
159,7.8,0,1,1,72,4,0,0
160,6.5,1,1,0,63,3.5,0,0
161,6.5,0,3,0,71,3.6,1,0
162,7.9,1,2,1,81,4,1,0
163,6.7,1,1,0,75,4.2,0,0
164,6.9,0,1,0,73,4.1,1,1
165,6.5,1,1,2,85,4.3,0,1
166,6.5,0,1,1,79,3.9,0,0
167,7.3,1,1,1,71,3.6,0,0
168,8.3,2,3,0,71,4.6,1,1
169,7.5,1,1,1,74,3.9,0,0
170,8,2,3,3,76,4.1,1,0
171,8.3,1,2,1,69,3.8,1,0
172,6.6,0,3,0,87,4.5,0,0
173,7.4,0,3,0,90,4.6,0,0
174,8,1,1,1,78,4.4,0,0
175,8,2,3,2,90,4.8,1,1
176,6.7,1,2,0,73,4.5,1,0
177,8.3,1,2,3,78,3.8,0,0
178,8.5,1,3,2,90,4.8,1,1
179,7.5,2,1,2,90,4.8,0,0
180,7.4,1,1,0,60,3.4,0,0
181,8.4,0,1,2,88,4.8,1,1
182,8.2,1,3,0,82,4.8,1,1
183,6.5,1,1,0,74,4.2,1,0
184,7.7,1,1,0,71,4.7,1,0
185,7.3,1,2,2,67,4.5,0,0
186,6.5,0,1,0,78,3.7,1,0
187,6.5,1,1,1,68,4.1,0,0
188,7.5,1,1,0,76,4.3,1,0
189,7.8,1,1,1,65,3.9,0,0
190,6.8,1,1,0,78,4.3,0,0
191,8.4,2,3,2,90,4.1,1,1
192,7.8,2,2,2,80,4.6,1,1
193,7.5,1,2,0,77,4.2,1,0
194,8.9,0,1,2,80,4.8,1,1
195,6.5,0,1,0,75,3.7,0,0
196,8.4,1,1,2,87,4.1,0,0
197,8.1,0,1,0,71,3.6,0,0
198,8.5,2,3,0,86,4.2,1,1
199,7.6,1,1,1,82,4.8,1,1
200,7.8,2,3,0,79,4.3,0,0
201,8.6,1,3,2,90,4.7,1,1
202,7.9,2,3,2,76,4.6,1,1
203,6.5,0,2,2,75,4.5,0,0
204,8.2,0,2,1,82,4.5,1,1
205,8.2,1,1,0,81,4.3,1,1
206,7.6,1,1,0,64,4.1,0,0
207,7.3,1,2,1,84,4.6,1,0
208,8.4,2,3,2,90,4.5,1,1
209,8.3,2,3,3,90,4.5,1,1
210,7.8,1,3,0,88,4.8,1,1
211,8.3,1,2,1,82,4.7,1,0
212,7.5,1,1,1,69,4.1,0,0
213,8.6,2,3,2,78,4.8,1,0
214,7.8,2,2,2,77,4.2,0,0
215,6.6,1,1,1,71,4.3,0,0
216,7.4,0,1,1,70,4.2,0,0
217,6.9,1,2,1,74,4.1,0,0
218,6.6,1,1,0,77,4.5,0,0
219,8.3,1,2,2,88,4.1,1,1
220,7.9,2,2,2,88,4.8,1,1
221,6.6,1,2,1,76,4.1,1,0
222,8,2,3,2,86,4.8,1,1
223,7.5,1,2,0,86,3.8,0,0
224,7.9,2,3,2,90,4.8,0,0
225,8.3,1,3,2,78,3.9,1,1
226,7.4,1,1,0,74,3.5,1,0
227,8,2,2,2,87,3.8,1,1
228,8.7,2,3,2,87,4.7,1,1
229,7.4,1,2,0,77,4.5,1,0
230,7.9,2,3,2,90,4.8,1,1
231,7.5,1,1,1,70,4.6,0,0
232,7.4,2,1,1,87,4.5,1,0
233,7.7,0,1,1,69,4.8,1,0
234,7.8,0,1,1,70,3.8,1,0
235,7.5,2,3,0,88,4.6,1,0
236,8.2,2,3,1,69,4,1,0
237,7.8,1,3,2,75,4.3,1,0
238,7.6,1,1,0,72,4.6,1,0
239,8.5,2,3,2,90,4.8,1,1
240,6.7,0,1,1,71,4.7,1,0
241,7.6,1,3,0,82,4.5,1,0
242,7.6,0,2,0,80,3.7,0,0
243,7.3,1,2,0,71,4.4,1,0
244,8.1,1,2,1,78,3.5,1,0
245,7.6,2,3,0,88,4.4,1,1
246,7.4,1,2,0,77,3.8,1,0
247,8.4,0,2,1,85,4.3,1,1
248,6.7,1,2,1,73,4.3,1,0
249,6.5,1,1,0,70,4.7,1,0
250,7.4,1,2,1,68,3.4,1,0
251,8.4,2,3,1,76,4.1,1,0
252,6.5,1,1,0,68,4.3,1,0
253,6.6,1,2,1,82,4.4,1,0
254,8.1,0,2,2,80,4.4,0,1
255,6.5,1,1,0,74,4.2,0,0
256,8.5,1,3,2,75,4.5,1,0
257,8.7,2,3,2,90,4.8,1,1
258,7.5,1,2,3,86,4.8,1,0
259,8.1,2,3,2,90,4.8,1,1
260,8.2,1,3,1,83,4.1,1,0
261,8.7,2,1,0,66,4.8,0,0
262,6.6,0,1,2,72,4.2,1,1
263,8.1,0,2,3,78,4.1,1,1
264,6.5,1,3,0,80,3.7,0,0
265,7.4,1,1,0,88,4.5,1,1
266,8.2,2,3,2,80,4.8,1,1
267,6.8,2,2,2,80,4.6,1,0
268,8,1,2,1,76,4.5,1,0
269,8.5,1,3,0,82,4.4,1,1
270,6.6,1,2,1,65,4.1,0,0
271,8.4,1,2,0,79,3.8,1,0
272,7.8,1,1,1,79,3.7,1,0
273,7.7,1,2,0,81,3.8,1,0
274,6.8,1,1,0,73,3.7,1,0
275,7.3,1,2,1,71,4.7,0,0
276,6.5,2,2,2,79,4.5,1,1
277,8.3,2,1,1,83,4.5,1,0
278,7.3,1,2,1,79,3.8,1,0
279,6.8,1,2,1,65,3.9,1,1
280,8.7,1,3,2,90,4.8,1,1
281,8.3,2,3,1,90,4.8,0,1
282,8.2,1,2,1,79,3.8,1,0
283,8.2,1,1,2,86,4.4,0,0
284,8.5,0,2,0,81,3.2,1,0
285,8,0,1,1,87,3.8,1,0
286,7.9,1,1,0,77,4.7,1,0
287,7.7,1,1,2,82,4.4,0,0
288,7.6,0,3,3,75,4.3,1,1
289,6.7,1,3,0,77,4.1,1,0
290,8.5,0,2,2,75,4.5,0,1
291,8.8,1,2,2,90,4.8,0,1
292,6.5,2,3,1,82,4.6,0,0
293,7.5,0,1,1,80,4.2,0,0
294,7.7,2,3,2,78,4.6,1,0
295,7.7,0,1,0,79,4.8,1,0
296,8.6,1,1,2,84,4.3,1,1
297,7.5,0,2,0,69,3.6,0,0
298,6.8,1,1,0,68,4.3,1,0
299,8.1,0,3,2,90,4.8,1,0
300,8.4,2,3,3,82,4.5,0,1
301,7.5,1,1,0,67,3.4,0,0
302,8.1,1,3,0,70,4.8,0,0
303,7.4,1,1,1,64,4,0,0
304,8.4,2,3,2,80,4.6,1,1
305,8.2,0,3,2,90,4.8,1,1
306,8,1,2,1,80,4.3,1,0
307,7.9,0,3,2,90,4.8,1,1
308,6.8,0,1,0,77,3.3,0,0
309,8.3,2,3,2,82,4.6,1,1
310,7.4,1,2,1,75,4.3,1,0
311,7.6,1,1,0,66,4.1,1,0
312,8.5,2,3,1,90,4.8,1,0
313,8.2,2,3,2,90,4.6,1,1
314,8.2,1,3,2,90,4.3,1,1
315,6.5,1,1,0,79,3.6,1,0
316,7.5,1,1,2,82,4.5,1,1
317,7.5,1,2,1,85,4.1,1,0
318,6.6,0,1,1,67,4.3,1,0
319,7.6,1,1,1,88,4.5,1,1
320,7.5,1,1,1,81,4.5,1,0
321,7.5,0,2,1,66,4.5,1,1
322,8.5,2,3,1,85,4.3,1,1
323,7.9,2,1,0,71,4.8,1,0
324,8.2,0,2,0,85,4.1,0,0
325,7.2,1,2,0,69,4,1,0
326,8.6,2,3,2,90,4.8,1,1
327,6.5,1,1,1,78,3.9,1,1
328,8.7,1,3,0,86,4.5,1,1
329,7.8,1,2,0,78,4.8,1,1
330,7.7,1,1,0,80,4,1,0
331,6.5,0,2,0,80,4.6,1,1
332,8.5,1,2,1,71,3.8,1,0
333,7.4,2,3,0,86,4.6,1,1
334,8.6,1,3,2,81,4.8,1,1
335,8,1,2,1,88,3.6,1,0
336,7.8,1,3,1,89,4.6,1,1
337,8.1,1,3,2,90,4.7,0,1
338,7.2,1,2,0,83,4.5,1,0
339,8.4,2,3,2,87,4.8,1,1
340,8.4,0,3,2,85,4.6,1,0
341,8.3,0,3,1,88,4.7,1,0
342,7.2,0,2,1,66,3.9,0,0
343,8.6,2,3,2,90,4.8,1,1
344,7.9,2,1,0,73,4.2,0,0
345,6.6,1,1,2,81,4.8,0,0
346,7.1,1,1,1,63,3.6,1,0
347,7.8,0,3,0,90,4.7,1,1
348,6.6,1,1,1,81,4,0,0
349,6.5,2,3,0,79,3.7,1,0
350,7.5,2,1,0,83,4.6,0,0
351,7.5,1,2,0,70,3.7,1,0
352,7.8,0,2,2,74,4.6,1,0
353,6.6,1,2,0,71,4,0,1
354,7.4,1,2,0,72,4.3,1,0
355,7.8,1,3,2,77,4.2,0,0
356,8.2,2,3,2,90,4.8,1,1
357,8.9,2,3,2,89,4.6,1,1
358,8.2,1,2,1,90,4.8,1,1
359,7.5,1,3,0,70,4.2,1,0
360,7.7,1,2,0,68,3.9,1,0
361,8.7,1,3,2,90,4.7,1,1
362,7.5,1,1,1,65,4.4,1,0
363,6.6,1,1,1,82,3.7,1,1
364,7.4,2,3,1,84,4.8,1,1
365,7.5,0,3,2,90,4.8,1,1
366,8.2,1,1,1,79,4.6,1,0
367,8.7,1,2,0,84,4.4,1,1
368,8,2,3,1,87,4.2,1,1
369,8.4,2,2,0,76,4.4,1,1
370,8,2,2,2,81,4.5,0,0
371,7.5,1,2,2,70,4.7,1,0
372,6.5,1,3,2,90,4,0,1
373,7.8,0,3,2,73,4.6,0,0
374,7.6,1,2,0,64,4.5,1,0
375,8.7,0,3,0,75,3.7,1,0
376,7.2,1,1,0,85,3.5,1,0
377,8.1,1,3,2,90,4.7,1,1
378,7.4,1,2,0,77,4.1,1,0
379,8.2,2,2,2,81,4.8,1,1
380,8.2,2,1,2,90,4.8,1,1
381,6.5,1,2,1,65,4,1,0
382,7.4,0,2,1,73,3.8,0,0
383,7.3,0,1,1,80,3.6,1,0
384,8.7,0,1,1,87,4.1,0,0
385,8.5,2,1,3,82,3.6,1,0
386,8.5,1,3,2,74,4.1,1,1
387,7.9,1,2,1,76,4.1,1,0
388,7.4,2,3,0,71,4.8,1,0
389,6.7,1,2,0,86,4.4,0,1
390,8.3,2,3,2,82,4.8,1,1
391,7.6,1,1,0,76,4.3,1,0
392,7.5,1,2,0,90,4.2,1,1
393,8.9,0,3,0,89,4.8,0,1
394,7.3,1,1,0,79,4.1,0,0
395,8.6,1,2,0,86,4.8,1,1
396,8.2,2,3,2,90,4.8,1,1
397,7.7,1,1,1,73,4.6,0,0
398,7.9,1,3,0,88,4.7,1,1
399,7.4,1,1,1,87,4.6,1,0
400,6.9,0,1,0,90,4.5,1,1
401,8,1,3,2,90,4.8,1,1
402,7.1,1,3,0,81,4.4,1,0
403,6.9,0,1,1,76,3.8,0,0
404,8.5,2,3,2,90,4.8,1,1
405,6.9,0,1,2,76,4.8,0,1
406,7.3,1,1,1,77,4.7,1,0
407,7.8,2,3,0,89,4.6,1,0
408,8.3,2,1,0,81,4.1,1,0
409,8.6,1,3,2,83,4.4,1,1
410,8.6,2,3,0,87,4.8,0,0
411,8.7,2,1,0,90,4.7,1,1
412,7.5,1,3,2,90,4.2,1,1
413,7.8,0,1,1,63,4.5,0,0
414,6.5,0,1,0,71,3.4,1,0
415,7.6,1,3,1,73,4.4,1,0
416,6.5,1,1,1,80,3.8,1,0
417,8,1,3,0,75,4.3,0,0
418,8,2,3,0,86,4.8,1,1
419,7.5,1,1,0,67,4.2,1,1
420,7.8,1,3,0,78,4.4,1,1
421,7.3,1,1,1,75,3.6,1,0
422,7.8,1,2,0,82,4.7,1,0
423,6.5,1,1,1,82,3.4,0,0
424,8.1,1,3,3,90,4.8,1,1
425,7.9,0,1,0,85,4.5,0,0
426,8.7,1,3,0,74,4.6,1,1
427,7.1,2,2,0,76,4,1,1
428,8.9,1,3,2,81,4.8,0,1
429,8.3,0,3,0,75,4.2,0,0
430,8.3,1,2,0,90,4.5,1,1
431,7.9,2,3,2,86,4.7,1,1
432,8.1,2,3,2,90,4.5,1,1
433,7.7,2,1,1,64,3.7,1,0
434,8.1,2,3,2,85,4.5,1,1
435,7.8,1,3,0,81,4.3,0,0
436,7.2,1,1,1,67,3.8,0,0
437,8.4,1,1,2,84,4.8,1,1
438,8.4,2,3,2,90,4.8,1,1
439,8.2,1,1,0,76,4.2,1,0
440,6.5,0,1,0,67,4.3,0,1
441,6.5,1,1,0,73,4.1,1,0
442,8.3,2,3,2,90,4.8,1,1
443,8.2,0,3,2,78,4.5,1,1
444,8.1,1,2,2,76,4.5,1,1
445,6.5,1,1,1,60,3.8,0,0
446,8.2,0,3,1,83,4.7,0,0
447,7.7,1,3,1,75,4.6,1,0
448,7.7,0,3,2,89,4.4,1,1
449,6.5,1,1,0,80,4.3,1,0
450,8.3,2,3,2,87,4.8,1,0
451,8,1,3,0,77,4.1,0,1
452,8.6,0,2,1,90,4.6,1,1
453,7.6,0,2,0,83,4.2,1,0
454,7,1,1,1,71,4.3,1,0
455,7.9,2,3,2,90,4.8,1,1
456,7.7,1,3,2,84,4.6,1,1
457,7.4,1,3,0,76,4.4,1,0
458,6.5,1,1,1,78,4.1,1,0
459,7.4,1,2,0,73,4.3,1,0
460,7.8,2,3,2,84,4.1,1,1
461,7.7,1,1,0,80,4.8,1,0
462,7.9,0,1,0,60,3.4,0,0
463,7.4,1,1,0,79,4.8,1,0
464,8.2,2,2,1,76,4.6,1,0
465,7.4,0,1,0,78,4.6,0,0
466,6.7,1,1,1,66,3.6,0,0
467,6.5,1,2,0,84,4.2,0,0
468,7.8,0,1,1,73,4.8,1,1
469,7.2,1,2,1,68,4.4,0,0
470,8.1,0,2,0,88,4,1,1
471,8.2,1,2,0,83,4.6,1,1
472,8.2,0,3,3,90,4.7,1,1
473,8.4,2,1,2,81,4.7,1,0
474,7.8,0,3,2,77,4.2,1,0
475,7.3,1,2,1,75,4.6,1,0
476,7.5,1,1,0,67,4.6,0,0
477,8,2,1,0,74,4.1,1,1
478,7.5,2,3,2,90,4.7,1,1
479,8.4,2,3,1,85,4.7,1,1
480,6.6,1,1,0,73,3.4,0,0
481,7.6,1,1,0,66,3.7,1,0
482,7.1,1,2,0,80,4.3,1,0
483,7.6,1,2,2,69,3.3,1,0
484,7.5,1,1,2,75,3.5,1,0
485,6.5,1,1,0,74,3.9,0,0
486,6.7,1,1,1,73,4,1,0
487,8.3,1,3,1,86,4.8,1,0
488,8.6,2,1,2,73,4.6,0,0
489,6.6,1,3,0,70,4.1,0,1
490,8.3,1,3,0,82,4.8,1,0
491,7.6,1,2,1,76,3.9,0,0
492,8.3,2,3,2,79,4.4,1,1
493,8.5,1,2,1,70,4.5,1,1
494,7.7,1,2,0,82,4.3,1,0
495,7.4,1,1,0,89,4.4,1,0
496,8.8,1,3,2,88,4.8,1,1
497,7,1,2,0,75,4.6,1,0
498,7.7,0,3,2,86,4.7,1,0
499,7.5,0,2,0,71,3.4,0,0
500,7.5,1,1,1,79,3.6,1,0
501,7.8,1,1,0,82,4.2,1,0
502,6.8,1,1,2,74,4.2,0,0
503,7.3,0,1,0,80,3.5,1,0
504,7.2,0,2,1,60,3.6,0,0
505,6.7,2,0,0,69,3.9,1,0
506,7.3,0,3,2,77,4.6,1,1
507,6.6,2,3,1,72,4.6,0,0
508,6.9,2,1,0,67,4,0,0
509,8.2,1,1,0,79,4.2,0,0
510,6.7,1,2,1,80,4.1,0,0
511,7.9,1,2,1,63,4.2,1,0
512,8.3,2,3,2,89,4.7,1,1
513,6.8,0,2,0,88,4.5,1,0
514,7.6,1,2,0,88,4.8,1,0
515,7.9,2,3,2,90,4.8,1,0
516,6.5,0,3,0,81,4.8,1,0
517,7.3,1,1,1,69,4.2,0,0
518,7.7,2,3,0,78,4.1,1,0
519,7.9,1,2,2,75,4.6,1,0
520,7.9,2,3,1,82,4.2,1,0
521,7.5,1,1,0,71,3.7,1,0
522,7.5,1,3,0,86,4.2,1,0
523,8.2,1,1,2,83,4.4,1,1
524,8,0,3,3,90,4.3,1,1
525,7.5,1,3,1,89,4.2,1,0
526,7.8,1,1,0,69,4.7,0,0
527,8.1,0,2,0,80,4.5,1,0
528,8.2,1,1,0,70,4.2,0,0
529,8.1,1,3,0,88,4.3,0,0
530,8.1,1,3,2,90,4.5,1,1
531,6.7,1,2,1,68,4.6,1,0
532,7.7,2,1,0,75,4.4,0,0
533,7.6,0,1,1,73,4.4,1,0
534,8.6,2,3,2,87,4.8,1,1
535,7.5,1,2,0,77,4.3,0,0
536,8.4,2,2,2,73,4.8,0,1
537,8.1,2,3,2,84,4.6,1,1
538,6.5,1,2,0,78,4.6,1,0
539,8.9,2,3,2,90,4.8,1,1
540,7.5,2,2,0,73,4.4,1,1
541,8.7,2,3,2,90,4.8,1,1
542,7.4,2,3,2,84,4.8,1,0
543,7.8,1,1,1,66,3.4,0,1
544,8.3,1,3,1,84,4.6,1,0
545,8.3,1,2,2,85,4.6,1,1
546,7.6,2,3,2,90,4.5,1,1
547,6.5,1,1,1,74,4,0,0
548,7.4,1,3,1,75,4.5,1,1
549,7.9,1,3,0,90,4.6,1,1
550,8.4,1,1,0,73,4.2,1,0
551,7.7,2,2,1,74,4.1,1,0
552,8.2,1,3,1,88,4.8,1,0
553,7.6,0,2,0,81,4,0,0
554,6.8,1,1,0,67,4.1,0,0
555,8.2,0,3,0,76,4.7,1,0
556,8.3,2,3,2,88,4.7,1,1
557,7.1,0,2,0,67,3.2,0,0
558,6.5,1,2,1,60,3.5,0,0
559,8.6,1,3,2,90,4.8,1,1
560,7.6,2,2,0,72,4.3,1,1
561,7.9,2,1,1,78,4.1,1,0
562,7.7,1,3,0,82,4.2,1,1
563,7.4,1,3,2,88,4.8,1,1
564,6.5,1,3,1,68,4,1,0
565,8.2,1,2,1,90,4.7,1,1
566,7.6,1,2,2,70,4.8,1,1
567,7.3,0,2,1,78,4.8,1,0
568,8.1,2,3,2,90,4.4,1,0
569,7.5,1,1,1,71,4.3,0,0
570,7.4,1,3,0,81,4.7,1,1
571,7.8,0,3,2,90,4.7,1,1
572,8.2,2,3,2,90,4.8,1,1
573,8.4,0,3,2,79,4.5,1,0
574,8.2,2,3,2,90,4.7,1,1
575,7.6,2,1,2,87,4.8,0,0
576,8.6,1,1,1,88,4,1,1
577,6.5,2,3,1,84,4.7,1,1
578,6.7,0,3,2,90,4.8,0,0
579,7.5,1,1,0,70,4.5,0,0
580,7.5,1,2,0,60,4,1,0
581,7.5,1,1,1,60,4.1,0,0
582,8.7,2,3,2,90,4.8,1,1
583,7.4,1,2,1,71,4.8,1,0
584,7.8,0,1,1,77,4.1,1,0
585,8.1,2,3,2,90,4.4,1,1
586,7.3,1,1,0,81,4.4,0,0
587,7.8,2,3,0,90,4.8,1,1
588,8,0,0,2,76,4.8,0,1
589,7.5,1,3,1,90,4.8,1,1
590,7.8,1,2,0,81,3.9,0,0
591,6.5,0,3,0,68,4.2,0,1
592,7.9,0,1,0,66,4.1,0,0
593,7.7,0,3,1,80,4.3,0,0
594,8,1,3,0,87,4.3,1,0
595,7.8,1,1,0,85,4.5,1,0
596,8.5,2,3,2,90,4.8,1,1
597,8.4,1,3,2,90,4.6,1,1
598,7.4,2,1,1,81,4,0,1
599,7,1,3,0,82,4.6,1,0
600,7.6,1,2,1,85,4.6,0,0
601,6.8,1,1,1,75,3.8,1,0
602,7.5,0,2,1,63,3.5,1,0
603,8.5,2,3,0,89,4.8,1,1
604,6.9,1,2,1,70,4.4,1,0
605,8.2,0,1,0,73,4.8,1,1
606,6.5,0,3,2,85,4.7,0,1
607,7.7,1,2,2,76,4.1,1,0
608,7.7,1,1,1,78,4.2,1,0
609,6.8,1,1,0,74,3.8,1,0
610,8.3,1,3,0,78,4.7,1,0
611,7.6,2,1,1,89,3.9,1,0
612,7.4,0,3,0,78,4.4,1,1
613,8.1,2,3,2,90,4.8,1,1
614,7.7,0,1,1,67,4.2,0,0
615,6.5,2,3,2,84,4,0,0
616,8,2,3,2,90,4.8,1,1
617,6.9,1,1,1,74,4.3,1,0
618,8.5,2,2,0,79,4.8,0,0
619,6.5,1,1,0,84,4.5,1,0
620,7.7,1,1,0,73,3.9,1,1
621,7.4,1,2,1,90,4.8,1,1
622,6.7,1,1,1,68,4.3,0,0
623,8.3,1,2,2,88,4.4,1,1
624,7.6,0,1,1,70,4,0,0
625,8.4,1,1,0,72,3.9,0,0
626,7.1,1,2,1,73,4.3,1,0
627,7.4,1,1,2,80,4.3,1,0
628,7.5,1,2,1,90,4.3,1,1
629,8.3,2,3,0,90,4.8,1,1
630,8.3,2,3,2,85,4.7,1,1
631,7.6,1,2,1,74,4.6,1,1
632,7.5,1,2,0,80,3.6,0,0
633,8.6,2,2,2,88,4.8,0,1
634,6.6,1,2,1,81,3.4,1,1
635,8.6,2,3,2,87,4.4,1,1
636,7.4,1,1,1,69,3.8,1,1
637,7.7,1,2,0,81,4.4,1,1
638,7.5,1,1,0,79,4.5,0,0
639,7.4,1,2,0,68,4.3,1,0
640,8.5,1,1,2,83,4.3,1,1
641,6.5,1,1,1,81,4.6,0,0
642,7.9,1,1,1,66,4.5,0,0
643,6.6,0,1,1,72,3.4,0,0
644,8.3,2,3,2,90,4.8,0,1
645,8.5,2,3,2,88,4.6,1,1
646,7.4,1,2,1,79,4.7,1,0
647,7.9,2,3,2,90,4.6,1,1
648,8.3,1,3,0,84,4.6,1,0
649,7.6,1,2,0,79,4.3,1,1
650,7.6,0,1,2,74,4.6,1,1
651,8.1,1,3,0,90,4.8,1,0
652,6.5,1,1,1,71,4.2,0,0
653,6.8,0,3,2,89,4.8,1,1
654,7.3,1,1,0,84,4.3,0,0
655,8.2,2,3,1,90,4.8,1,1
656,7.6,0,3,2,85,3.8,0,0
657,7.4,1,3,0,88,4.2,1,0
658,6.5,0,1,0,77,4.1,0,0
659,8.2,1,2,3,85,4.5,1,0
660,8.4,0,3,2,87,4,0,1
661,7.4,1,1,1,73,3.7,0,0
662,7.3,1,1,0,90,4.6,0,0
663,8.4,1,2,1,85,4.8,1,1
664,7.8,0,3,2,90,4.8,1,0
665,8.5,0,3,1,83,4,1,0
666,8.1,2,3,2,90,4.8,1,1
667,8.7,2,3,2,87,4.8,1,1
668,6.9,0,1,0,79,3.6,0,0
669,8.3,2,3,2,90,4.8,1,1
670,7.6,1,1,0,76,4,1,1
671,7.3,1,1,1,88,4.1,0,0
672,7.3,1,1,0,71,4.6,1,0
673,8.8,1,3,2,83,4.8,1,1
674,6.7,1,1,0,82,3.9,1,1
675,8.3,2,3,2,90,4.6,1,1
676,8.2,1,3,2,85,4.8,1,0
677,7.6,1,3,1,68,4.6,1,1
678,7.3,1,1,0,72,3.9,0,0
679,8,2,3,2,83,4.8,1,1
680,7.6,1,3,0,69,4.3,1,1
681,8.2,2,1,2,71,4.2,1,0
682,8.1,2,2,0,71,4.4,1,1
683,7.1,0,2,2,76,4.2,0,0
684,8.6,1,2,0,82,3.7,1,1
685,7,1,2,0,67,4.3,1,0
686,8.7,0,1,2,82,4.5,1,1
687,8.1,1,2,1,84,4.3,1,0
688,7.5,1,2,0,87,4.6,1,1
689,8.3,1,2,1,73,3.9,1,0
690,6.5,2,3,2,74,4.2,0,0
691,8.5,2,2,2,84,4.5,1,1
692,7.5,0,2,1,62,4.5,0,0
693,8.2,1,3,2,83,4.7,1,1
694,8.3,1,3,0,90,4.7,1,1
695,7.2,1,2,0,81,4.3,1,0
696,7.1,2,3,2,90,4.4,1,1
697,7.6,1,2,0,70,3.4,1,0
698,7.7,1,2,1,74,4.1,1,0
699,8.7,2,3,3,81,4.2,1,1
700,6.7,0,1,1,69,4.4,0,0
701,7.9,1,3,0,79,3.7,1,0
702,8.4,2,1,1,87,4.8,1,0
703,6.9,0,1,0,67,3.9,0,0
704,7.7,1,2,0,78,3.6,1,0
705,8.4,2,3,2,90,4.7,1,1
706,7.8,0,1,0,78,4,0,0
707,8.1,2,3,0,81,4.8,1,0
708,8.5,1,1,2,82,3.4,0,0
709,7.7,2,3,2,78,4.8,0,0
710,8.4,1,3,1,79,4.1,1,1
711,8.4,2,3,2,84,4.5,1,1
712,6.5,1,2,1,70,3.8,0,0
713,7.5,1,1,0,81,4.6,1,0
714,7.4,1,1,1,75,4.2,1,0
715,8.7,1,3,2,90,4.8,1,1
716,6.7,1,1,1,66,3.4,1,0
717,8.5,2,3,2,88,4.3,1,0
718,6.9,1,1,1,74,4.4,0,0
719,8.1,2,3,2,87,4.4,1,1
720,8.3,2,2,0,90,4.6,1,1
721,8.1,1,3,2,90,4.6,1,1
722,7.6,1,2,0,86,4,1,0
723,7.9,1,2,2,90,4.3,1,1
724,6.5,1,3,2,75,4.7,0,0
725,7.8,0,3,0,76,3.7,1,1
726,6.8,1,2,0,67,4.8,0,0
727,8.3,0,1,2,84,4.7,1,1
728,8.7,1,3,2,90,4.7,1,1
729,7.4,0,2,0,71,4,1,1
730,7.9,0,2,0,69,4.2,0,0
731,8.1,2,3,2,90,4.8,1,1
732,7.9,2,3,2,90,4.8,1,1
733,6.5,1,1,1,82,3.4,0,0
734,6.7,1,1,1,65,4,1,0
735,8.2,0,1,0,71,4.8,0,0
736,8.1,2,3,2,87,4.6,1,1
737,7,1,1,1,70,4.8,0,0
738,7,1,1,1,65,3,0,0
739,7.7,1,2,0,78,3.6,1,1
740,6.5,2,1,0,79,3.6,0,0
741,8,1,2,0,81,4.2,1,0
742,7.9,2,3,2,80,4.3,1,1
743,8.3,1,3,2,86,4.8,1,1
744,6.7,1,1,0,78,3.1,1,0
745,8.4,1,1,2,81,3.9,1,1
746,8.2,2,2,1,74,4.5,1,0
747,7.9,1,1,1,65,4.3,0,0
748,8.3,1,1,2,81,4.6,0,0
749,8.6,2,2,2,84,4,1,0
750,7.5,1,1,0,72,4.1,1,0
751,8.1,1,2,3,86,4.5,1,1
752,8.2,2,3,1,79,4.8,1,1
753,8.4,2,1,2,77,4.5,1,0
754,6.9,1,2,1,73,4.5,0,0
755,6.8,1,1,0,67,4.3,0,0
756,7.8,1,2,3,87,4.4,1,0
757,8.1,1,3,1,89,4.7,1,1
758,7.7,0,1,1,76,3.9,0,0
759,7.6,0,1,0,66,3.5,0,0
760,8.6,1,2,0,74,4.4,0,1
761,7.5,1,1,0,79,3.7,0,0
762,8.3,0,1,1,72,3.5,0,0
763,7.7,1,1,0,70,3.9,1,0
764,7.6,1,1,0,70,3.5,0,0
765,7.5,1,3,0,80,4,1,0
766,8.1,2,3,2,90,4.8,1,1
767,7.8,1,3,2,81,4.2,1,1
768,8.4,1,3,1,79,4.4,1,1
769,8,2,3,2,90,4.8,1,1
770,8.1,2,3,2,90,4.8,1,1
771,7.6,2,3,2,84,4.6,1,1
772,6.8,0,3,1,82,4.2,1,0
773,7.3,1,2,2,73,4.7,1,0
774,6.6,0,1,1,63,3.8,0,0
775,6.6,1,1,0,72,3.9,1,0
776,8.4,1,2,0,71,4.5,1,1
777,8.1,0,3,2,90,4.2,1,1
778,8.1,2,3,2,90,4.8,1,1
779,7.5,2,2,0,79,4.5,1,1
780,7.7,1,3,0,79,4.8,1,0
781,8.4,0,1,0,90,4.6,1,1
782,7.5,0,2,0,82,4.8,1,1
783,7.8,0,1,1,69,4.2,0,0
784,8.4,2,3,1,89,4.6,1,0
785,6.6,1,1,1,69,4.6,0,0
786,8.3,2,3,1,86,4.7,0,0
787,7.4,1,1,1,67,4.5,0,0
788,8.2,1,3,2,87,4.7,1,1
789,6.5,1,1,1,78,4,0,0
790,7.6,1,2,1,82,4.7,1,0
791,8.3,1,3,3,86,4.8,1,1
792,6.5,0,1,0,72,3.6,0,0
793,6.5,1,1,0,76,3.9,1,0
794,6.5,1,2,0,77,4.6,1,0
795,8.4,1,3,2,68,3.6,1,1
796,8.6,1,3,0,81,4.8,1,1
797,8.3,1,3,2,82,4.6,0,0
798,8.4,1,2,2,75,4.1,1,0
799,7.6,0,1,0,65,4.1,0,0
800,8.3,2,3,2,90,4.8,1,1
801,7.7,0,1,2,76,4.6,1,0
802,6.5,0,1,1,71,4.4,1,0
803,7.6,1,1,0,70,4,1,0
804,7.7,1,1,0,79,3.9,1,0
805,8.2,1,3,2,71,4.8,1,0
806,7.6,1,2,1,89,4.5,0,0
807,7.3,1,3,2,83,4.7,1,1
808,8.3,2,2,1,81,4.3,1,0
809,8.4,1,3,2,90,4.7,1,1
810,7.5,1,1,1,80,3.8,0,0
811,7.7,1,2,0,78,4.4,1,0
812,7.6,1,1,0,79,3.9,0,0
813,7.1,1,2,0,70,4,0,0
814,7.9,1,1,1,86,4.3,1,0
815,6.6,0,1,1,72,4.1,1,0
816,8.2,2,2,1,90,4.8,1,1
817,7.4,1,2,2,85,3.5,1,1
818,8.4,1,3,2,78,4.8,0,0
819,6.8,0,3,2,76,3.9,1,0
820,7.7,1,2,2,90,4.8,0,0
821,7.9,1,2,1,82,4.5,1,0
822,8.1,1,3,1,88,4.4,1,1
823,8.4,2,3,2,90,4.5,1,1
824,7.3,0,2,1,74,3.7,0,0
825,8.2,2,3,2,87,4.8,1,1
826,7.6,1,1,1,68,4.2,0,0
827,6.7,1,3,1,88,4.3,0,0
828,7.1,0,2,0,80,3.8,1,0
829,8.3,1,3,3,90,4.8,1,1
830,7.4,0,1,1,69,3.5,0,0
831,8.6,0,3,2,88,4.8,1,1
832,6.7,1,2,1,60,4.1,0,0
833,8,1,2,0,87,4.4,1,1
834,6.5,1,1,1,67,4.3,0,0
835,7.1,0,1,1,71,4,1,0
836,6.7,0,1,0,83,4.4,0,0
837,6.5,0,1,1,63,3.7,0,0
838,7.7,1,1,2,85,4.7,1,0
839,6.5,1,2,0,69,3.4,0,0
840,6.5,1,2,0,67,4.4,0,0
841,7.7,0,1,1,65,4,0,0
842,8,2,3,2,90,4.7,1,1
843,6.5,1,1,0,70,4.8,1,1
844,7.1,1,1,1,72,4.3,1,0
845,7.4,0,2,0,88,3.6,0,0
846,8,1,1,2,85,4.5,1,1
847,6.5,1,1,1,75,3.9,0,0
848,7.5,2,1,2,79,3.9,1,0
849,8.9,1,2,0,77,4.5,1,0
850,8.3,2,1,0,86,4.8,0,0
851,8.4,1,3,2,90,4.8,1,0
852,6.6,0,2,1,70,3.2,1,0
853,6.6,1,1,1,75,3.6,0,1
854,8.1,2,3,1,75,3.7,1,1
855,6.5,2,3,2,81,3.5,0,1
856,7.6,0,1,1,85,4.1,1,1
857,6.5,1,2,0,79,4.6,0,1
858,6.5,0,3,2,90,4.8,1,1
859,8.6,2,3,2,90,4.8,1,1
860,6.5,1,2,0,84,4.3,1,0
861,8,1,1,0,84,3.9,0,0
862,7.6,0,1,1,84,4.3,0,0
863,7.4,0,1,1,65,4.7,0,0
864,8.4,2,3,0,75,4.8,0,1
865,8.4,1,3,0,77,4.7,1,1
866,7.5,1,2,1,69,3.8,1,0
867,6.5,1,1,0,75,4.7,1,1
868,8.2,2,3,1,70,3.8,0,0
869,7.4,1,2,1,67,4.2,1,0
870,8.4,1,3,2,88,4.8,1,1
871,7.2,1,1,1,69,4.3,0,0
872,7.5,1,1,0,74,4.2,0,0
873,6.5,1,2,0,71,4.3,1,0
874,8.6,2,3,2,90,4.8,1,1
875,6.5,1,1,2,71,4.1,1,0
876,7.7,1,1,1,71,4.3,0,0
877,8.7,1,3,2,90,4.8,1,1
878,6.5,0,1,0,65,3.5,1,0
879,8.1,1,3,1,90,4.8,1,1
880,7.6,1,2,1,68,4.5,1,0
881,8.7,2,3,1,77,4.3,1,0
882,7.7,0,1,1,71,4,0,0
883,8.7,1,3,2,88,4.8,1,1
884,7.1,1,2,0,77,3.7,1,1
885,6.6,1,2,1,74,3.7,0,0
886,6.5,0,2,0,78,4.5,1,1
887,7.6,1,2,0,60,3.9,0,0
888,7.4,1,1,1,81,3.8,1,0
889,8,1,1,0,83,4.7,1,1
890,7.6,1,3,1,83,4.8,0,1
891,8.3,2,3,2,90,4.7,1,1
892,7,0,1,0,82,4.4,0,0
893,7.9,1,1,2,74,4.8,0,0
894,6.5,0,3,1,67,3.5,1,1
895,7.6,1,1,0,74,4,1,0
896,7.4,1,1,1,68,4.7,1,0
897,7.1,1,2,0,84,4.6,1,1
898,6.5,1,1,0,68,4.1,1,0
899,8.5,1,3,1,77,4.7,1,0
900,8.4,0,3,2,89,4.1,1,1
901,8.6,2,3,3,87,4.7,1,1
902,8,1,2,1,81,4.4,1,1
903,8,1,1,1,77,3.7,1,0
904,8.5,2,2,0,86,4.3,1,1
905,8.2,0,3,0,71,4.7,1,1
906,7.6,0,1,1,81,4.3,0,0
907,8.3,2,3,0,79,4.5,0,0
908,6.8,1,2,2,82,3.9,1,1
909,7.8,2,3,1,86,4.4,1,0
910,8.6,1,3,1,87,4.6,1,1
911,7.8,2,3,0,82,4.3,1,1
912,8.2,1,3,2,75,4.5,1,0
913,8.3,0,3,2,84,4.3,0,0
914,7.6,1,3,0,80,4.3,1,0
915,7.6,1,1,0,81,4.5,0,0
916,6.5,1,1,0,78,3.5,1,0
917,6.5,1,1,1,64,4,1,0
918,7.5,2,2,0,89,4.8,1,1
919,7.4,2,1,0,77,4.3,0,1
920,7.8,0,3,0,69,4.2,1,1
921,7.7,1,2,1,66,3.4,1,0
922,7.7,2,1,1,90,4.5,1,1
923,8.2,1,1,0,76,4.7,1,0
924,7.2,1,1,0,78,4.2,0,0
925,7.5,0,1,2,89,4,1,0
926,7.5,0,1,0,66,3.5,0,0
927,7.3,0,1,1,74,4.1,0,0
928,7.1,1,2,0,85,4.2,1,1
929,8,2,3,3,80,4.8,1,0
930,7.7,0,1,0,69,3.9,1,0
931,7.5,2,3,1,86,4.4,1,1
932,7.7,0,1,0,76,3.4,0,0
933,7.5,1,1,0,70,4.3,1,0
934,7.9,1,3,2,81,4.8,1,1
935,6.6,1,1,1,70,4.6,1,1
936,6.5,0,1,0,75,4.1,1,0
937,8.4,2,3,3,87,4.8,1,1
938,8.4,2,3,2,90,4.8,1,0
939,7.3,1,1,0,65,4,1,0
940,7.6,1,2,0,66,3.8,0,0
941,8.2,1,3,2,90,4.6,1,1
942,8.3,1,3,0,75,3.9,1,1
943,6.5,2,3,0,82,4.3,1,0
944,8.3,1,2,2,71,4.5,1,1
945,7.2,0,2,2,90,4.8,1,1
946,7.7,0,1,0,67,3.5,0,0
947,7.8,0,2,1,66,3.6,1,0
948,8.4,2,3,2,90,4.8,1,1
949,8.1,1,2,0,88,4.6,1,1
950,8,0,3,0,88,4.6,1,1
951,8.3,1,1,1,64,4.1,0,0
952,6.7,1,2,1,78,4.4,0,0
953,6.6,1,2,0,71,3.8,1,0
954,7.6,0,1,1,65,4.1,0,0
955,7.5,1,1,0,70,3.9,0,0
956,6.5,1,1,0,82,3.9,1,0
957,8.3,1,2,2,82,4.6,1,1
958,6.5,0,2,1,69,4.7,1,0
959,7.9,2,3,2,87,4.5,1,0
960,6.6,1,3,0,81,4.4,1,0
961,8.1,2,3,2,90,4.7,1,1
962,7.3,1,1,1,83,3.9,0,0
963,6.6,0,1,1,67,4.5,0,0
964,7.6,1,1,0,81,3.8,1,0
965,6.5,1,1,1,62,3.4,1,0
966,7.5,0,1,0,71,4.1,0,0
967,7.4,1,1,1,63,4.2,1,0
968,6.5,1,2,0,66,4,0,0
969,7.6,1,2,0,73,4,1,0
970,6.8,1,1,1,78,4.1,0,0
971,8.8,2,3,2,90,4.8,1,1
972,6.7,1,2,0,77,4.4,1,0
973,7.3,1,1,2,66,4.6,1,1
974,7.6,1,2,1,81,4,1,0
975,7.7,1,2,1,69,4.1,1,0
976,8,2,2,2,83,4.5,1,0
977,7.9,0,1,2,86,4.3,1,1
978,8.4,1,3,0,73,4.6,1,0
979,7.5,1,1,0,69,4.3,0,0
980,6.6,1,2,0,88,4,0,0
981,8.3,2,3,2,90,4.8,1,1
982,7.4,2,3,2,71,4.8,1,1
983,6.8,1,2,0,79,3.4,1,0
984,8.4,1,3,2,90,4.8,1,1
985,8.3,1,1,2,88,4.1,0,1
986,7.9,2,1,2,89,4.8,0,0
987,7.5,1,1,0,66,3.8,0,0
988,8.2,2,1,1,69,4.5,0,0
989,6.9,1,2,0,85,4.8,1,1
990,6.7,0,1,0,71,4.3,0,0
991,7.6,0,3,2,85,3.7,1,0
992,7.9,1,2,2,76,4.5,1,0
993,7.8,1,1,2,82,4.3,1,1
994,8.1,2,3,2,78,4.5,1,1
995,8.6,2,3,0,89,4.8,1,1
996,7.7,1,2,1,76,4.7,1,0
997,8.2,2,3,2,90,4.8,1,1
998,8,1,2,2,89,4.5,1,1
999,7.4,1,2,0,78,4.6,0,0
1000,7.6,1,2,0,60,4.1,1,0
1001,7.8,0,2,0,70,4.3,0,0
1002,7.6,1,2,1,78,4.3,1,0
1003,8.1,2,2,1,88,4.8,1,0
1004,8.1,0,1,0,85,4.5,1,1
1005,8.6,1,1,2,75,4.5,1,0
1006,7.8,1,2,2,76,4,1,0
1007,8.3,0,3,2,75,3.8,1,1
1008,7.3,1,1,1,76,4.1,1,0
1009,7.1,0,1,0,68,3.6,1,1
1010,8.2,2,3,2,90,4.6,0,0
1011,7.5,1,1,0,81,4.5,1,1
1012,8.4,1,1,1,70,4.8,0,0
1013,6.8,1,2,1,81,4,1,0
1014,8.7,2,3,2,90,4.8,1,1
1015,8,2,2,2,83,3.3,1,0
1016,8.6,1,3,1,83,4.7,1,1
1017,8.1,2,3,3,76,4.5,1,0
1018,6.5,1,1,0,70,4.2,0,0
1019,8.4,0,3,0,84,4.8,1,1
1020,8.3,0,3,2,78,4.3,0,0
1021,7.8,2,2,2,81,4.8,1,1
1022,7.5,1,2,1,79,4.6,1,0
1023,8.3,2,3,2,90,4.8,1,1
1024,7.4,1,1,0,64,4.7,1,0
1025,8.1,1,1,1,72,4.6,0,0
1026,7.9,2,3,2,85,4.7,1,1
1027,7.8,1,3,2,87,4.3,1,1
1028,7,1,1,2,81,4.8,0,0
1029,8.3,1,1,0,80,4.4,0,0
1030,6.9,1,1,0,70,4.6,1,1
1031,8.2,1,2,0,83,4.8,0,1
1032,7.9,1,1,0,81,4.6,0,1
1033,7.8,2,3,1,73,4.3,1,1
1034,7.7,1,2,1,85,4.6,1,1
1035,8.5,2,2,2,80,4.8,1,1
1036,7.7,1,2,0,71,4.5,1,0
1037,8.3,2,3,2,87,4.8,1,1
1038,8.4,1,3,2,89,4.2,1,1
1039,7.5,1,1,1,71,4,1,0
1040,7.4,1,2,3,71,4.8,1,0
1041,8.2,2,1,0,74,4.5,1,0
1042,7.9,1,2,2,88,4.8,1,1
1043,8.3,2,3,2,90,4.8,1,0
1044,6.5,0,1,0,75,4.5,0,0
1045,7.6,1,2,0,76,3.8,1,1
1046,8.1,2,3,3,90,4.7,1,1
1047,7.7,2,3,0,87,4.4,1,0
1048,8.3,1,1,1,71,4.8,1,0
1049,7.7,1,1,1,71,4.2,1,0
1050,8.5,1,3,2,88,4.2,1,1
1051,8,2,3,2,90,4.8,1,1
1052,7.5,1,1,1,64,3.3,0,0
1053,8.7,0,1,2,90,4.5,1,1
1054,8.3,1,2,1,71,3.9,0,0
1055,8,2,3,2,90,4.3,1,1
1056,7.7,0,2,0,73,4.2,1,1
1057,7.8,1,1,1,72,4.3,1,0
1058,8.5,2,3,2,89,4.8,1,1
1059,7.5,1,1,0,77,3.9,1,0
1060,8.2,1,2,3,82,4.6,1,0
1061,8.7,2,3,2,90,4.8,1,1
1062,7.5,1,1,2,75,3.5,1,0
1063,7.6,0,2,2,67,4,1,0
1064,6.5,1,1,0,80,3.8,0,1
1065,7.7,1,1,1,77,4.1,1,0
1066,8.6,0,3,2,73,4.2,0,1
1067,6.5,0,1,1,82,4.5,0,0
1068,7.6,2,2,2,67,4.7,0,0
1069,7.5,2,1,2,80,4,0,0
1070,6.5,1,1,1,70,3.8,0,0
1071,7.6,1,2,0,82,4,0,0
1072,7.9,0,3,1,86,4.6,0,1
1073,6.5,1,1,1,77,3.9,1,0
1074,8.3,2,3,2,90,4.7,1,0
1075,8.1,2,3,2,90,4.8,1,1
1076,7.5,1,2,2,71,4.1,1,1
1077,6.8,1,1,0,85,4.3,1,0
1078,7.4,1,1,0,78,3.9,0,0
1079,6.6,1,2,0,77,4.1,1,0
1080,8.4,1,2,2,77,4.5,1,0
1081,8.8,1,1,2,87,4.4,1,1
1082,7.8,0,1,0,79,4.1,1,1
1083,7.4,0,2,0,86,3.8,1,0
1084,7.4,0,1,1,73,4.4,0,0
1085,7.6,1,1,3,79,4.8,1,0
1086,8.3,1,3,2,90,4.8,1,1
1087,8.4,0,3,0,75,4.6,1,1
1088,7.2,0,1,0,60,3.8,0,0
1089,8.2,2,3,2,86,4.7,1,1
1090,8.5,2,3,2,90,4.8,1,1
1091,7.7,1,1,0,70,4.3,1,0
1092,8.7,1,2,2,77,4.3,1,1
1093,8.8,1,3,2,82,4.8,1,0
1094,8.7,1,2,0,78,4.4,1,1
1095,8.8,2,3,2,90,4.8,1,1
1096,8.4,1,3,3,90,4.7,1,1
1097,8.1,2,3,2,90,4.6,1,1
1098,7.6,1,2,0,81,4.5,1,0
1099,7.4,1,1,0,74,3.8,1,0
1100,8.1,0,3,2,90,4.7,1,1
1101,7.8,1,1,2,81,4.8,1,1
1102,7.5,0,2,0,78,4.4,1,0
1103,8.1,0,2,3,71,4.2,0,0
1104,7.4,1,1,1,80,4.5,1,0
1105,7.5,0,1,1,67,3.6,0,0
1106,7.7,1,3,2,90,4.7,1,1
1107,7.6,1,2,2,78,4.4,1,0
1108,6.5,0,1,0,78,3.9,0,0
1109,7.3,1,1,2,82,4.2,1,0
1110,8.3,2,3,2,89,4.4,1,1
1111,7.5,1,1,0,72,3.4,0,0
1112,8.7,2,1,3,73,4.6,1,1
1113,7.4,1,3,1,87,3.6,0,0
1114,7.8,2,1,0,84,4.2,1,1
1115,8,1,3,2,89,4.8,1,0
1116,7.3,1,1,1,75,3.7,1,0
1117,8.3,0,1,0,79,3.5,1,1
1118,7.8,1,1,1,78,4.5,1,0
1119,8.2,1,3,2,90,4.8,1,1
1120,8.4,2,2,2,87,4.7,1,0
1121,8.5,1,1,0,75,4.5,1,0
1122,7.4,0,2,1,83,4.5,1,1
1123,7.2,1,1,1,83,4.4,0,0
1124,6.9,1,2,1,70,4.1,0,0
1125,8.5,0,3,3,87,4.7,1,0
1126,7.8,2,3,2,90,4.3,1,1
1127,7.5,0,3,1,84,4.2,1,0
1128,6.5,1,1,0,68,4.5,0,0
1129,6.7,0,1,0,60,3.9,1,0
1130,7.3,1,2,2,79,4.6,0,1
1131,7.4,1,2,1,63,3.6,1,0
1132,8.6,2,3,2,90,4.8,1,1
1133,6.5,1,2,0,84,4.2,0,0
1134,7.7,1,2,0,85,4.3,1,0
1135,6.7,1,1,1,67,3.7,0,0
1136,7.4,0,1,1,68,4.1,1,0
1137,7.7,1,2,0,88,4.8,1,1
1138,8.7,2,3,0,86,4.8,1,1
1139,7.8,2,3,2,90,4.7,1,1
1140,8,2,3,2,90,4.8,1,0
1141,7.7,2,1,1,79,4.6,1,1
1142,8.3,1,3,2,87,4.6,1,0
1143,7.5,1,3,0,86,4.4,1,1
1144,8.3,2,3,2,81,4.8,1,1
1145,8.1,1,1,1,71,4.7,1,0
1146,8.5,0,3,2,90,4.8,1,1
1147,8.6,2,3,0,85,4.8,1,1
1148,7.9,1,1,2,90,4.8,1,0
1149,8.1,1,2,0,85,4.3,1,1
1150,6.9,1,1,0,71,4.5,1,0
1151,6.8,2,3,3,87,4,1,0
1152,7.7,1,1,0,84,4.7,1,1
1153,6.7,1,3,0,86,4.1,0,0
1154,6.5,1,2,1,76,4.5,1,0
1155,8.1,2,3,2,85,4.6,1,1
1156,7.5,0,1,1,78,3.9,1,0
1157,8.4,2,3,0,85,4.2,1,0
1158,6.8,1,1,0,76,4.5,0,1
1159,7.9,1,3,1,84,3.9,1,0
1160,6.5,1,1,0,71,4.1,0,0
1161,7.8,1,3,0,88,4.8,1,1
1162,6.5,0,2,1,60,3.5,0,0
1163,7.8,0,1,1,77,4.8,1,0
1164,7.8,0,1,0,61,4,0,0
1165,6.5,1,1,0,67,3.8,1,0
1166,8.3,1,3,2,76,4.8,1,1
1167,8.3,0,3,1,71,3.4,1,0
1168,7.6,1,3,1,70,4.5,1,0
1169,8,1,3,2,90,4.8,1,0
1170,7.5,0,1,0,74,4.1,0,0
1171,6.5,0,1,0,73,4,1,0
1172,8.5,1,3,1,83,4.7,1,1
1173,7.6,1,1,2,78,4.2,0,0
1174,7.7,2,3,1,85,4.2,0,1
1175,7.5,1,1,3,68,3.6,0,0
1176,8,2,1,0,83,4.4,1,1
1177,8.2,0,1,2,88,4.6,0,1
1178,7.3,1,2,1,71,4.8,1,0
1179,8.8,2,1,2,85,4.8,1,1
1180,8.1,1,3,2,90,4.8,1,1
1181,8.1,2,2,2,82,4.7,1,0
1182,6.5,1,1,0,81,4.3,1,0
1183,7.7,1,3,2,74,4.4,1,0
1184,7.9,2,3,1,90,4,1,1
1185,6.9,0,2,1,76,3.7,0,0
1186,6.8,1,1,3,72,4.3,1,0
1187,7.6,1,1,0,71,3.8,0,0
1188,7.7,1,1,0,88,4.7,1,0
1189,8.6,2,3,2,90,4.3,0,1
1190,8,1,3,2,86,4.6,1,1
1191,6.5,2,3,0,85,4,0,0
1192,7.8,1,2,1,70,4.1,1,0
1193,7.6,1,1,1,77,4.5,0,0
1194,7.6,1,1,2,73,3.6,1,0
1195,8.1,2,3,2,90,4.8,1,1
1196,6.9,2,1,0,78,4.8,1,0
1197,6.8,1,1,0,78,3.7,1,1
1198,7.2,1,1,0,69,4,0,0
1199,8.4,0,1,0,73,4.4,0,0
1200,8.2,0,3,2,87,4.8,1,1
1201,6.7,1,1,2,90,4.2,0,0
1202,6.9,1,1,2,81,4.5,1,1
1203,7.5,1,1,1,77,4.5,1,1
1204,7.7,1,2,1,75,3.8,0,0
1205,7.4,0,2,0,78,4.4,1,0
1206,7.2,1,2,1,69,3.1,1,0
1207,7.5,1,1,1,66,3.7,1,0
1208,8.1,1,1,2,77,4.8,1,1
1209,7.5,1,2,1,78,4.4,1,0
1210,8.3,2,3,0,89,4.6,1,1
1211,7.9,1,2,0,89,4.8,1,0
1212,8.1,1,2,1,72,4.2,1,0
1213,8.2,1,3,2,90,4.8,1,1
1214,7.4,0,1,0,75,3.8,0,0
1215,7.7,1,2,0,73,4.3,1,0
1216,6.9,1,3,2,82,3.5,1,1
1217,7.6,2,2,0,89,3.8,0,0
1218,7.5,1,2,0,75,3.7,1,0
1219,8.7,0,1,3,72,4.8,1,1
1220,7.7,2,1,1,64,4.2,1,0
1221,8.3,1,2,0,74,4.7,1,1
1222,7.5,1,1,1,76,3.9,0,0
1223,6.9,1,3,2,86,4.4,1,1
1224,8,1,2,0,79,4.4,0,0
1225,8.3,2,3,0,90,4.6,1,1
1226,7.6,1,1,1,70,3.6,1,1
1227,8.9,2,1,2,90,3.7,1,1
1228,7.5,1,3,0,82,4.5,1,1
1229,8.3,1,2,0,79,4.3,1,1
1230,6.7,1,2,0,71,3.8,1,0
1231,6.5,1,1,0,75,4.5,0,0
1232,7.7,0,3,2,90,4.8,1,1
1233,7,0,1,2,72,4,1,0
1234,8.6,2,3,2,90,4.8,0,1
1235,7.6,1,2,1,82,4.7,1,0
1236,8.5,1,1,1,81,4.7,1,1
1237,8.4,0,3,2,74,4.5,1,1
1238,8.8,1,3,2,74,4.3,1,1
1239,8.4,1,3,2,87,4.8,1,1
1240,7.4,1,1,0,78,4.5,1,1
1241,8.2,1,3,2,90,4.4,1,1
1242,7.1,1,1,0,76,3.9,0,0
1243,8.3,0,1,2,90,4.8,1,1
1244,8.4,0,2,1,82,4.7,1,0
1245,6.5,0,2,0,78,4.3,1,0
1246,7.2,1,1,1,90,4.5,1,0
1247,8.4,2,2,2,79,4.7,1,1
1248,7.7,1,3,2,90,4.8,1,1
1249,7.3,0,2,0,69,3.8,1,0
1250,6.5,1,1,1,62,4.1,1,0
1251,8.3,1,1,0,75,4,0,0
1252,7.2,0,1,0,79,3.8,1,0
1253,8.2,2,3,2,90,4.8,1,1
1254,7.4,1,1,1,80,4.3,0,0
1255,8.4,1,3,2,90,4.8,1,1
1256,7.6,1,3,0,83,4.3,1,1
1257,7.6,1,1,1,77,4.1,1,0
1258,7.5,2,2,3,70,4.2,1,1
1259,8.1,2,3,2,86,4.8,1,1
1260,7.6,1,2,1,76,4.3,1,1
1261,8.3,2,3,2,81,4.7,0,1
1262,7.7,2,3,2,90,4.8,1,0
1263,7.4,1,2,2,83,4.4,1,1
1264,8.5,1,2,2,78,4.8,1,0
1265,8.4,1,1,1,69,4.1,1,0
1266,8.6,1,3,1,90,4.8,1,0
1267,7.9,0,2,2,85,4,1,1
1268,7.6,1,1,1,84,4.5,1,0
1269,7.5,1,2,0,80,4,1,0
1270,8,2,3,1,85,4.8,1,0
1271,8.2,0,1,2,86,4.4,0,1
1272,7.5,1,1,0,68,4.1,1,0
1273,8.6,0,3,2,85,4.6,1,1
1274,8.1,1,1,2,72,4.1,0,0
1275,8.1,2,3,2,90,4.8,1,1
1276,8.5,2,3,0,90,4.8,1,1
1277,8.6,2,2,2,90,4.8,1,1
1278,6.5,1,3,2,89,4.6,1,0
1279,6.5,0,1,0,61,3.7,0,0
1280,7.7,0,1,0,63,4,0,1
1281,8.2,1,1,1,80,4.3,0,0
1282,7.7,1,3,0,81,4.1,1,1
1283,8.2,0,1,1,80,4.8,1,1
1284,8.5,2,3,2,90,4.1,1,1
1285,8.6,0,3,2,89,4.3,1,1
1286,7.4,1,2,1,70,3.8,1,0
1287,8.5,2,3,0,90,4.7,1,1
1288,8.2,1,2,0,82,3.9,1,0
1289,7.8,2,3,0,83,4.6,1,1
1290,7,0,2,1,67,3.8,0,0
1291,7.4,1,2,2,80,4.2,1,1
1292,7.5,1,3,0,77,4.5,0,0
1293,8,0,3,2,90,4.8,1,1
1294,8.2,0,3,2,82,4.7,1,1
1295,7.6,1,1,1,66,4.5,1,0
1296,6.5,2,1,0,67,3.7,0,0
1297,6.8,2,2,2,78,4.3,1,1
1298,7.6,0,2,0,80,4,1,0
1299,7.5,1,1,0,78,4,0,0
1300,7.3,1,2,0,79,4.6,1,0
1301,8.3,2,3,2,80,4.2,1,1
1302,7.3,1,2,1,61,4.5,1,0
1303,8.5,1,3,2,88,4.8,1,1
1304,8.6,1,3,2,90,4.6,1,1
1305,8.6,1,3,2,79,4.5,1,1
1306,8.2,1,3,2,90,4.8,1,0
1307,8.1,1,2,2,86,4.4,1,1
1308,7,1,1,2,70,4.8,1,0
1309,8.2,2,2,0,85,4.1,1,1
1310,6.6,0,1,2,72,4.1,1,0
1311,6.6,1,1,0,73,3.9,0,0
1312,8.6,2,3,2,89,4.8,1,1
1313,7.7,1,2,1,67,3.8,1,0
1314,7.6,0,3,1,90,4.6,1,1
1315,7.4,1,2,0,90,4.7,1,1
1316,7.3,0,1,0,78,4.2,1,0
1317,6.5,1,2,0,76,4.4,0,0
1318,7.2,0,2,0,77,4.6,0,0
1319,7.5,0,1,0,72,4.3,1,0
1320,7.9,1,3,0,89,4.5,1,1
1321,8.7,1,3,2,90,4.8,1,0
1322,7.9,2,3,2,80,4.6,0,0
1323,6.8,0,1,1,61,3.5,1,0
1324,8.2,0,3,3,90,4.6,1,1
1325,8.5,1,1,2,85,4.7,1,1
1326,6.6,1,1,1,76,4.5,0,1
1327,6.6,1,1,0,70,3.3,1,0
1328,6.5,1,1,1,67,3.6,0,0
1329,7.6,1,2,1,86,4.8,1,0
1330,7.6,2,2,2,74,3.8,1,0
1331,7.5,0,1,0,60,3.7,0,0
1332,8,1,3,2,90,4.8,1,1
1333,8.8,2,3,2,90,4.8,1,1
1334,7.5,0,1,0,80,4.5,0,0
1335,7.3,2,1,1,80,4.6,1,0
1336,8,2,3,1,90,4.3,1,1
1337,7.6,1,1,0,74,4.6,1,0
1338,7.5,2,3,1,90,4.4,1,0
1339,6.5,1,1,0,67,4.6,1,0
1340,7.6,0,1,0,78,4.3,1,0
1341,8.2,0,1,0,90,4.7,1,0
1342,7.4,0,3,2,80,4.4,1,0
1343,8.4,1,3,2,90,4.1,1,1
1344,8.7,2,2,2,90,4.8,1,1
1345,8.2,2,3,2,90,4.8,1,1
1346,8.3,1,3,0,90,4.1,1,1
1347,7.8,1,2,1,78,4.4,1,0
1348,8.1,0,2,0,73,4.5,1,0
1349,6.6,2,2,0,85,3.7,1,1
1350,7.6,2,2,0,86,4,1,1
1351,8.6,0,3,2,90,4.8,1,1
1352,8.4,2,3,2,85,4.5,1,1
1353,8.1,2,3,2,89,4.6,0,1
1354,8.1,1,3,1,82,4.8,1,1
1355,7.7,0,1,0,78,4.3,0,0
1356,6.9,1,1,0,68,4.7,1,0
1357,7.8,1,1,2,79,4.7,0,0
1358,7.6,1,1,1,75,3.9,1,0
1359,8.4,1,3,2,90,4.8,1,1
1360,6.7,1,1,1,69,3.5,0,0
1361,7.3,1,2,0,76,4.5,1,0
1362,8.8,0,2,1,73,4.8,0,0
1363,7.6,1,2,0,78,4.4,0,0
1364,8.3,2,3,2,85,4.7,1,0
1365,8.4,1,1,2,82,4.8,1,1
1366,6.7,2,0,0,75,4,1,1
1367,7.6,1,2,0,79,4.1,1,0
1368,7.5,1,2,2,77,4.1,1,1
1369,7.9,2,3,2,75,3.9,1,1
1370,7.9,2,3,2,85,4.4,1,1
1371,8.1,2,3,2,83,4.4,1,1
1372,8.1,0,3,0,90,4.7,0,1
1373,7.5,2,1,1,60,3.2,1,0
1374,8.2,0,1,1,79,4.3,1,0
1375,7.5,1,2,2,86,3.6,0,1
1376,6.7,1,2,3,69,4.6,0,0
1377,6.8,1,2,0,75,4.3,1,0
1378,7.8,0,2,0,74,4.7,1,1
1379,8.5,1,1,2,85,4.8,1,1
1380,7.5,1,1,1,84,4.3,1,0
1381,8.3,2,3,2,90,4.8,1,1
1382,8.7,1,2,2,90,4.8,1,1
1383,8.4,1,1,0,80,3.7,1,0
1384,8.4,2,3,0,74,3.6,1,0
1385,8.3,1,2,0,73,3.6,1,0
1386,7.5,0,1,1,83,3.9,0,0
1387,7.9,1,1,0,61,4.4,1,0
1388,8,2,2,2,90,4.8,1,1
1389,7.8,1,3,2,89,4.6,1,1
1390,6.5,0,1,1,68,4.1,1,0
1391,7.9,0,3,0,75,3.6,1,1
1392,7.7,0,1,0,71,4.2,0,0
1393,7.9,1,3,0,81,4.8,1,1
1394,7.6,1,2,0,75,4.8,0,0
1395,6.7,1,1,0,73,3.8,1,0
1396,8,1,3,1,89,4.5,1,1
1397,8.3,0,3,2,89,4.5,1,1
1398,7.6,1,1,2,67,4,1,0
1399,6.5,1,2,1,81,3.9,1,0
1400,8.2,1,1,3,77,3.6,1,1
1401,8.4,2,3,2,90,4.8,1,1
1402,8.4,1,2,2,86,4.5,1,1
1403,7.6,1,2,0,83,4.6,0,0
1404,7.4,1,2,1,74,3.7,1,0
1405,7.6,1,1,0,84,4.1,0,0
1406,7.5,0,1,0,64,4.3,0,0
1407,7.4,1,1,0,66,4.1,0,0
1408,6.5,2,1,1,64,3.8,0,0
1409,7.8,1,3,1,87,4.5,1,1
1410,8,1,3,1,75,4.5,1,1
1411,7.9,1,3,0,82,4.6,1,1
1412,7,1,1,1,70,4,1,0
1413,7.4,1,1,3,61,4,0,0
1414,7.7,1,1,0,80,4.3,1,1
1415,8.4,2,3,2,90,4.7,1,1
1416,8.2,1,2,0,73,4.5,1,0
1417,7.5,1,1,3,77,4.1,1,0
1418,7.6,0,1,0,71,3.9,0,0
1419,8.8,2,3,0,86,4.5,1,0
1420,6.9,0,1,0,69,3.4,0,0
1421,7.7,1,1,0,67,4,0,0
1422,8.1,2,2,3,76,4.1,1,0
1423,6.5,0,1,0,66,3.4,0,0
1424,8.3,0,3,1,84,4.8,1,1
1425,8,1,3,2,90,4.8,1,1
1426,7.5,1,2,1,83,4.6,1,0
1427,7,1,2,1,77,4.3,1,1
1428,8.2,1,3,2,90,4.5,1,1
1429,7.4,1,2,1,72,4.4,1,0
1430,7.5,1,3,0,82,4.7,1,0
1431,7.8,1,1,1,83,3.7,0,0
1432,6.9,1,3,1,72,4.7,1,1
1433,8.6,1,3,0,88,4.8,1,0
1434,7.8,1,1,1,83,4.8,1,1
1435,8.5,1,3,0,74,4,1,0
1436,7.1,1,2,0,71,4.8,0,0
1437,7,1,1,0,69,3.7,0,0
1438,8.8,2,3,2,90,4.8,1,1
1439,7.6,0,2,0,79,4.3,0,1
1440,7.5,0,2,2,78,4,1,0
1441,8,2,3,2,90,4.8,1,1
1442,6.6,1,2,0,81,4.8,1,0
1443,7.3,2,3,2,90,4.6,1,1
1444,6.6,1,1,1,68,4,0,0
1445,8.1,1,3,2,90,4.8,1,1
1446,8.1,2,3,1,67,4.4,1,0
1447,7.7,1,1,0,74,4.3,1,0
1448,7.6,1,1,0,68,4.3,1,0
1449,8.2,0,3,1,78,4.2,0,0
1450,7.3,1,2,3,90,4.4,1,1
1451,6.9,0,3,0,81,4.2,1,1
1452,7.5,1,2,0,80,4.1,1,1
1453,8.2,2,3,1,90,4.8,1,1
1454,7,1,2,1,75,4.7,1,0
1455,8.3,1,3,1,86,4.3,1,1
1456,7.4,2,1,0,79,4.8,1,0
1457,8.3,1,1,1,70,4.8,1,0
1458,8.2,2,3,2,90,4.5,1,1
1459,7.5,1,1,0,65,3.5,1,0
1460,8.7,2,3,2,90,4.8,1,1
1461,7.1,2,2,0,81,4.4,1,1
1462,6.5,1,1,1,83,4.1,1,1
1463,8.2,2,3,2,90,4.8,1,0
1464,7.5,1,2,1,71,4.3,1,0
1465,7.6,1,1,0,75,3.9,1,0
1466,8.4,1,3,0,84,4.4,1,1
1467,7.2,0,2,1,77,4.6,1,0
1468,6.6,1,1,1,71,4.2,1,0
1469,8.5,0,3,2,84,4.1,1,0
1470,6.8,1,2,1,76,3.8,1,0
1471,8.4,0,1,0,80,4.5,0,1
1472,8.2,1,2,1,83,4.7,1,1
1473,8.5,2,2,0,88,4.8,0,0
1474,8.4,2,3,2,90,4.8,1,0
1475,7.8,2,3,2,90,4.8,1,1
1476,7.6,1,3,0,82,4.3,1,0
1477,8.2,1,3,2,90,4.5,1,1
1478,7.4,1,2,0,76,4.2,1,0
1479,6.5,1,2,0,70,3.8,1,0
1480,7.6,0,1,0,65,3.4,0,0
1481,7.5,0,2,0,78,3.5,1,0
1482,8,2,3,2,90,4.8,1,1
1483,8.2,0,1,1,73,4.5,0,1
1484,8.3,1,3,2,90,4.8,1,1
1485,7,0,3,0,80,3.9,1,1
1486,7.9,0,2,0,83,4,1,0
1487,8.5,1,3,2,90,4.8,1,1
1488,7.9,2,1,1,81,4.8,0,1
1489,8.3,0,3,0,76,3.9,0,0
1490,7.6,1,2,0,74,4.2,1,0
1491,7.1,1,2,1,80,4.7,1,1
1492,7.8,1,2,0,76,4.4,1,0
1493,7.5,1,3,1,72,4.5,1,1
1494,7.6,2,3,3,72,4,0,0
1495,6.5,1,1,1,70,3.9,0,0
1496,8,2,1,2,88,4,1,0
1497,6.5,0,2,0,71,4.1,1,0
1498,6.7,1,1,1,65,3.8,0,0
1499,9,1,3,2,90,4.8,0,0
1500,7.6,0,3,0,77,4.8,1,1
1501,7.4,2,2,2,90,4.1,0,1
1502,7.9,0,1,0,70,3.7,1,0
1503,8.3,1,3,2,86,4.8,1,0
1504,7.3,0,1,1,80,4.1,0,0
1505,7.9,1,3,2,85,4.6,1,1
1506,6.9,0,3,0,76,3.8,1,0
1507,6.5,0,1,0,75,3.7,1,0
1508,7.7,2,1,0,78,4.3,1,0
1509,7.6,2,1,1,66,3.4,0,0
1510,8.2,1,3,1,80,4,1,0
1511,7.8,1,1,0,74,4.5,0,1
1512,7.5,1,2,1,77,4.4,1,1
1513,8.6,0,3,1,77,4.8,1,0
1514,8.3,2,3,2,90,4.8,1,1
1515,7.5,1,1,0,65,3.8,1,0
1516,7.6,1,1,1,72,4.2,1,0
1517,8.9,1,1,0,70,4.7,1,0
1518,7.8,1,3,0,82,3.7,0,0
1519,8,2,3,2,90,4.8,1,1
1520,7.8,1,1,0,74,4.1,0,0
1521,7.9,1,1,0,82,3.7,0,0
1522,7.4,1,1,1,71,4.1,1,0
1523,7.7,1,2,1,78,4.6,1,0
1524,7.4,1,1,0,75,4.3,0,0
1525,8.2,0,1,2,90,4.7,1,1
1526,8.7,1,1,2,81,4.1,1,0
1527,7.8,2,3,2,90,4.8,1,1
1528,7.5,1,2,0,73,4.7,1,1
1529,8.3,1,3,2,80,4.1,1,1
1530,8.3,1,3,0,82,4.7,1,0
1531,7.5,1,1,1,74,4,0,0
1532,7.6,1,2,2,81,3.8,0,1
1533,8,2,3,2,90,4.1,0,0
1534,7.2,2,1,0,77,4.4,1,1
1535,8.1,1,1,0,69,3.8,0,0
1536,8.2,2,3,1,78,4.4,1,0
1537,7.7,2,3,2,82,4.8,1,1
1538,7.8,2,2,0,69,3.7,0,0
1539,6.7,0,1,0,66,3.7,1,1
1540,7.5,1,2,1,78,4.8,1,0
1541,6.5,0,1,0,78,3.5,1,0
1542,7.6,1,1,2,81,4.2,1,0
1543,6.7,1,1,0,74,4.1,1,0
1544,8.1,2,3,0,84,4.8,1,1
1545,8.1,1,3,1,74,4.6,0,0
1546,7.8,2,3,2,90,4.8,0,1
1547,7.3,1,1,1,84,3.9,0,0
1548,8.1,2,3,1,90,4.5,1,1
1549,8.3,1,1,1,90,4.8,1,1
1550,8.6,1,3,2,86,4.5,1,1
1551,7.5,2,3,2,88,4.8,1,0
1552,7.7,1,2,2,81,4,1,1
1553,6.5,1,1,1,67,3.7,1,0
1554,8.2,2,3,2,81,4.8,0,1
1555,7.6,2,2,1,77,4.1,0,0
1556,7.8,2,3,1,79,4.6,0,0
1557,7.4,0,2,1,76,4.1,0,0
1558,6.7,1,1,1,60,4.3,0,0
1559,8.3,1,3,2,88,4.4,1,1
1560,8.3,2,3,0,90,4.7,1,1
1561,7.5,1,1,1,77,3.9,1,0
1562,7.6,1,2,1,87,3.8,1,0
1563,7.5,1,1,1,87,4.2,1,0
1564,7.5,1,1,1,60,3.5,1,0
1565,7.4,1,2,0,82,4.6,1,0
1566,7.6,1,1,0,74,4.6,1,0
1567,7.7,1,1,1,72,4.4,0,0
1568,8.1,1,1,0,80,4.5,0,0
1569,7.7,1,3,0,85,4.8,1,1
1570,8.4,2,3,2,90,4.8,1,1
1571,7.4,1,1,0,81,4,1,0
1572,8.9,2,3,2,90,4.8,1,1
1573,8.5,1,2,1,73,4.2,1,0
1574,8.2,2,3,2,90,4.8,0,1
1575,7.5,2,3,2,79,4.1,1,1
1576,7.6,1,3,2,84,4.4,1,1
1577,7.6,1,1,1,62,4.2,0,0
1578,8.1,0,3,0,90,4.8,1,1
1579,8.8,0,3,0,90,4.1,1,1
1580,6.6,1,3,1,75,3.9,1,0
1581,7.5,1,1,1,78,4.2,1,0
1582,8.4,1,1,2,81,4.8,0,1
1583,7.5,2,3,0,69,3.9,1,0
1584,8.5,1,3,2,90,4.7,1,1
1585,7.5,0,3,0,83,3.9,1,0
1586,8.2,1,2,0,81,4,1,0
1587,7.7,1,1,0,74,4,1,1
1588,6.6,1,1,0,63,3.3,0,0
1589,7.7,1,1,1,69,4.2,0,0
1590,7.6,1,3,0,83,4.1,1,0
1591,8.2,1,3,0,84,4.6,1,1
1592,7.7,1,2,0,73,4.8,1,0
1593,9,1,3,2,78,4.8,1,1
1594,7.5,0,3,0,78,4.2,1,1
1595,7.9,1,3,2,84,4.8,0,1
1596,7.4,2,3,3,86,4.2,1,0
1597,7.3,1,2,1,69,4.3,0,0
1598,7,1,1,0,60,3.3,1,0
1599,8.4,2,3,2,90,4.5,1,1
1600,6.8,1,1,1,60,4.4,1,0
1601,8.2,1,3,0,88,4.8,1,1
1602,6.6,0,2,0,73,4.2,1,0
1603,7.5,1,3,0,80,4.5,0,0
1604,6.5,2,1,1,72,3.7,0,0
1605,7.9,2,3,2,90,4.8,1,1
1606,8.2,0,2,0,89,4.1,1,0
1607,7.4,1,2,0,67,3.3,0,0
1608,8.1,1,3,1,71,4.1,1,0
1609,6.5,1,1,1,78,4,0,0
1610,7.6,1,1,1,68,4.1,0,0
1611,7,1,2,0,78,4.7,1,0
1612,8.3,2,2,2,68,4.8,1,1
1613,7.7,2,3,2,86,4.4,1,1
1614,7.5,1,1,0,70,3.5,1,0
1615,7.5,1,1,0,78,4.1,0,0
1616,8.6,2,3,3,87,4.8,1,1
1617,6.6,1,2,0,61,3.9,0,0
1618,8.1,2,1,3,86,4.7,0,1
1619,8.9,0,3,2,85,4.6,1,0
1620,7.7,1,1,0,80,4.5,0,0
1621,6.5,0,1,1,70,3.6,0,0
1622,8.3,2,3,2,79,4.7,1,1
1623,7.8,1,2,1,77,4.5,1,1
1624,7.4,1,3,3,84,4.6,1,1
1625,7.8,1,2,1,83,3.5,1,0
1626,6.6,1,1,1,69,4.3,0,0
1627,7.5,1,2,1,79,4.7,1,0
1628,7.6,0,1,1,61,4.3,0,0
1629,8,1,1,0,75,4.3,1,1
1630,6.8,0,2,1,72,4.4,0,0
1631,7.7,1,2,0,82,4.4,1,1
1632,6.5,0,1,0,69,4,0,0
1633,6.5,1,2,0,82,4.1,1,0
1634,6.5,1,2,0,78,4.3,0,0
1635,8.1,2,3,2,90,4.7,1,1
1636,7.7,1,2,0,76,4.6,1,0
1637,8.2,1,3,1,82,4.8,1,0
1638,6.5,1,2,0,79,4.5,0,0
1639,7.6,1,2,1,69,3.9,0,0
1640,9,0,2,2,86,4.5,1,1
1641,7.5,1,1,0,81,3.8,1,0
1642,7.5,1,2,0,76,4.5,1,1
1643,6.7,1,1,1,81,4.5,1,0
1644,8.4,2,3,0,84,4.8,1,0
1645,6.8,0,3,0,83,4.3,1,1
1646,8.2,2,3,2,90,4.6,1,1
1647,8.5,0,3,2,90,4.3,1,1
1648,7.3,1,1,1,72,4.1,1,0
1649,8.5,2,3,2,90,4.5,1,1
1650,8,0,3,2,85,4.7,1,1
1651,8.2,2,3,2,90,4.1,1,1
1652,7.4,0,3,0,83,3.5,1,1
1653,7.6,2,3,2,90,4.8,0,1
1654,8.2,1,2,1,81,4.3,1,1
1655,8.1,1,3,2,81,4.8,1,0
1656,6.5,1,1,1,73,3.9,0,0
1657,8.2,1,2,2,79,4.8,1,1
1658,8.1,2,3,1,75,4.8,1,0
1659,8.5,0,1,0,82,4.5,1,0
1660,7.8,1,2,0,73,4.1,1,0
1661,8,1,2,0,78,3.8,0,0
1662,8.6,1,3,2,90,4.5,1,0
1663,8,1,3,2,90,4.5,1,1
1664,6.5,1,1,1,78,3.5,1,0
1665,8.5,0,2,2,85,4.2,1,1
1666,8.6,1,2,0,87,4.8,1,1
1667,7.3,1,1,2,75,3.5,1,0
1668,8,0,3,0,89,4.4,0,1
1669,8.3,1,3,0,86,4.4,1,1
1670,6.7,1,1,1,75,4.3,1,0
1671,8.2,1,3,2,86,4.4,1,1
1672,8.4,1,2,0,80,3.3,0,0
1673,6.6,0,1,1,71,3.5,0,0
1674,6.5,0,1,0,83,4.1,1,0
1675,6.6,1,2,1,70,4.6,1,0
1676,7.5,1,2,1,74,4.7,1,1
1677,6.6,1,3,0,86,4.4,0,0
1678,7,1,1,0,82,4.6,0,0
1679,8.4,0,2,0,86,4.6,1,0
1680,7.6,0,2,1,72,4.5,0,0
1681,7.5,1,3,1,73,4.6,1,1
1682,8.3,1,2,1,82,4.4,1,1
1683,7.6,1,1,0,73,3.7,1,0
1684,7.7,1,1,0,71,4.2,1,0
1685,6.5,0,1,0,62,3.9,0,0
1686,8.3,1,2,1,84,4.4,1,0
1687,8.1,1,1,0,80,4.6,0,0
1688,7.4,1,2,0,81,4.8,0,0
1689,6.7,1,1,1,71,4.5,0,0
1690,6.5,0,1,1,89,4.2,0,1
1691,8.2,2,3,2,90,4.8,0,1
1692,7.7,1,2,0,70,3.6,1,0
1693,7.8,2,3,0,90,4.7,1,1
1694,7.5,2,1,0,78,4.2,1,0
1695,7.5,1,1,1,80,4.6,0,0
1696,8.4,1,3,0,85,3.9,1,1
1697,7.6,1,2,2,79,4.3,1,1
1698,7.5,0,2,2,79,4.6,1,1
1699,6.5,0,1,0,64,4.3,1,0
1700,7.4,1,2,0,79,4.7,1,0
1701,7.5,1,1,2,84,4.7,1,0
1702,8.4,2,3,2,81,4.3,1,1
1703,8.2,2,3,2,88,4.8,1,1
1704,7,1,1,1,61,3.5,0,0
1705,8.7,2,3,0,80,4.1,1,1
1706,6.6,2,1,1,77,3.4,0,0
1707,8.1,1,3,2,90,4.8,1,1
1708,8.5,0,3,2,85,4.8,1,1
1709,6.5,1,2,0,63,4.3,0,0
1710,8.1,2,3,2,90,4.7,1,1
1711,8.3,0,3,2,89,4.4,1,0
1712,7.6,1,2,1,83,4.6,1,0
1713,6.9,0,1,0,73,4.2,0,0
1714,7.5,0,2,1,76,4.2,1,0
1715,8.1,2,3,2,86,4.5,0,0
1716,7.7,2,1,0,71,4.5,1,0
1717,8,0,3,2,83,4.7,1,1
1718,6.7,1,1,1,64,4.2,1,0
1719,8.5,2,3,2,88,4.8,1,1
1720,7.7,1,2,0,74,4.7,1,1
1721,7.6,1,2,1,74,4.4,1,1
1722,8.2,0,1,1,79,3.9,1,0
1723,8.5,2,3,2,87,4.8,1,1
1724,8.8,1,3,0,72,4.1,1,1
1725,8.2,1,3,2,82,4.5,1,1
1726,8.1,1,3,2,90,4.8,1,1
1727,8.5,2,3,2,90,4.8,1,1
1728,6.5,1,1,0,71,4.5,0,0
1729,8.2,2,3,2,87,4.7,0,1
1730,7.9,2,3,2,90,4.8,1,1
1731,6.9,1,1,1,79,3.5,0,0
1732,6.6,1,1,1,60,4,0,0
1733,7.6,0,2,2,82,4.7,0,1
1734,7.6,1,3,2,90,4.4,0,1
1735,7.7,0,1,1,67,4.8,0,0
1736,7.8,1,1,2,81,3.9,1,0
1737,8.5,2,3,2,90,4.8,1,1
1738,8.4,0,1,0,86,4.3,1,1
1739,6.9,1,3,1,78,4.5,1,1
1740,7.8,2,3,2,73,4.6,0,0
1741,7.5,1,2,0,81,4.4,1,0
1742,8.2,0,3,0,86,4.3,0,1
1743,8.3,0,1,0,80,3.9,1,0
1744,7.7,1,3,0,78,4.7,1,1
1745,7.5,1,1,0,78,3.8,1,0
1746,8.5,0,3,0,88,4.8,1,1
1747,7.4,2,2,1,72,3.5,0,0
1748,6.5,1,1,0,65,4.5,1,0
1749,7.5,1,1,1,61,4.2,0,0
1750,6.5,2,1,0,75,4.3,1,0
1751,7.8,1,1,0,73,3.9,1,1
1752,7.2,0,1,1,79,4.1,1,1
1753,8.3,0,3,2,90,4.8,1,1
1754,8.1,2,3,2,90,4.6,1,1
1755,6.5,1,1,2,71,3.7,0,0
1756,8.1,2,3,0,88,4.5,0,1
1757,7.8,2,3,2,90,4.8,1,1
1758,7.5,1,1,0,83,4.4,1,0
1759,7.9,1,1,1,79,4.1,1,0
1760,8.1,2,3,2,82,4.5,1,0
1761,7.4,1,2,1,69,4.1,1,0
1762,7.5,1,1,1,70,3.8,1,0
1763,8.1,0,3,0,81,4.5,1,1
1764,8.5,2,3,2,90,4.8,1,1
1765,8.3,2,3,2,90,4.5,1,1
1766,7.5,1,2,0,65,4.7,1,0
1767,7.6,1,2,0,77,4.3,1,0
1768,8.3,2,3,2,90,4.8,1,1
1769,8.6,2,3,1,86,4.8,0,1
1770,7.8,0,2,0,79,4.1,1,0
1771,8.4,1,2,3,75,3.8,1,0
1772,8.4,0,3,2,90,4.3,1,1
1773,7.4,2,1,1,65,3.2,1,0
1774,8.5,1,3,1,72,4.5,1,0
1775,7.4,0,1,0,75,3.8,0,0
1776,8.3,2,3,2,90,4.8,1,1
1777,8.3,0,2,0,79,4.3,0,1
1778,8.2,1,3,0,77,3.4,1,0
1779,7.6,0,1,0,75,4,0,0
1780,8.1,1,1,1,71,4.2,0,0
1781,7.7,1,2,2,88,4.6,1,1
1782,8.4,2,3,2,80,4.5,1,1
1783,6.5,1,1,1,76,3.8,0,0
1784,8.6,2,3,2,90,4.6,1,0
1785,7.4,1,1,0,77,4.3,1,0
1786,8.3,1,1,0,89,3.9,1,1
1787,7.5,1,3,0,88,4.8,0,1
1788,8.2,1,3,2,85,4.6,1,1
1789,6.7,2,1,2,72,4.5,1,0
1790,7.7,2,1,0,80,3.8,1,1
1791,8.2,1,2,0,74,4.8,0,1
1792,7.5,1,1,1,76,4.5,0,0
1793,7.6,1,1,0,60,4.2,0,0
1794,8.5,2,3,2,90,4.8,1,1
1795,7.4,1,2,1,76,4.3,1,0
1796,8.3,0,2,2,82,4.4,1,0
1797,7.2,1,1,1,68,4,0,0
1798,8.3,2,3,2,84,4.6,1,0
1799,7.5,1,2,1,67,4.7,0,0
1800,6.7,0,2,0,66,3.9,0,0
1801,8.3,1,2,0,72,4.2,1,0
1802,7.4,0,2,0,76,3.8,1,0
1803,8.7,2,3,2,88,4.8,1,0
1804,6.5,1,2,0,84,4.7,1,0
1805,7.6,1,1,2,69,4,1,0
1806,8.1,1,2,0,72,4.5,1,1
1807,8.2,0,3,2,90,4.8,1,1
1808,8.4,1,3,2,90,4.8,1,1
1809,7.7,0,1,2,78,4.6,1,1
1810,7.7,1,1,1,64,3.7,1,0
1811,8.4,1,3,2,87,4.8,1,1
1812,8.3,1,1,2,78,4.5,1,1
1813,8.6,1,2,1,77,3.9,1,0
1814,8,2,1,1,85,4.5,0,1
1815,8.6,2,3,0,81,4.7,1,1
1816,7.4,1,2,1,71,4,1,1
1817,8.4,2,3,2,90,4.8,1,1
1818,7.9,1,3,0,82,4.6,1,0
1819,8.2,2,2,0,89,4.6,1,0
1820,7.8,2,1,1,75,3.8,0,0
1821,8.5,2,3,2,90,4.5,1,1
1822,8.4,2,3,2,89,4.4,1,1
1823,8.1,1,3,2,79,4.6,1,1
1824,7.8,0,1,0,73,4,0,0
1825,7.8,0,3,1,88,4.6,1,1
1826,6.5,0,1,0,89,4.6,0,0
1827,6.7,1,1,0,73,4.5,1,1
1828,7.5,1,1,1,69,4,1,0
1829,8.1,2,3,2,74,4.2,1,1
1830,6.5,1,2,1,85,4,1,1
1831,8.2,2,3,2,90,4.8,1,1
1832,7.6,1,1,1,75,3.7,0,0
1833,8.5,2,3,2,90,4.8,1,1
1834,7.6,0,2,0,77,3.7,1,1
1835,7.9,1,2,0,73,4.3,1,0
1836,7.2,1,1,0,76,3.5,1,0
1837,7.9,1,1,0,76,4.2,1,0
1838,7.5,1,2,1,72,4.3,1,0
1839,7.6,1,2,0,65,4.8,1,1
1840,6.9,1,2,0,73,4.2,0,0
1841,7.7,1,1,0,69,3.8,0,0
1842,7.3,0,1,1,74,3.8,1,0
1843,7.9,1,2,0,84,4.1,1,1
1844,8.8,2,3,3,90,4.8,1,1
1845,6.7,1,1,2,78,4.3,0,0
1846,8.4,2,3,0,79,4.6,0,0
1847,8.2,2,3,0,90,4.8,1,1
1848,7.8,2,3,1,90,4.6,0,1
1849,6.5,1,1,0,60,3.6,0,0
1850,7.6,1,1,0,76,4.6,0,0
1851,7.8,1,1,0,86,4,1,1
1852,7.4,1,3,2,70,4.7,1,0
1853,7.6,1,2,0,69,4.4,1,0
1854,6.7,1,2,1,74,4.1,1,1
1855,7.3,1,2,2,84,4.4,1,1
1856,7.4,1,2,0,70,4.5,1,1
1857,6.5,1,1,0,70,4.7,1,1
1858,6.5,2,3,0,90,4.6,1,1
1859,7.7,1,1,1,73,4.3,0,0
1860,6.6,1,2,0,78,4.4,0,0
1861,8.1,1,3,0,90,4.6,1,1
1862,7.4,1,1,1,69,4.2,1,0
1863,7.9,0,1,1,74,4.4,0,0
1864,6.6,1,1,0,68,4.6,0,0
1865,8.4,2,3,2,90,4.8,0,1
1866,6.7,0,2,0,83,4,1,0
1867,7.7,1,1,0,65,3,0,0
1868,6.7,1,1,0,80,3.5,0,0
1869,7.4,1,1,1,75,3.7,0,0
1870,8.7,2,3,2,90,4.6,1,1
1871,8,2,3,0,77,4.8,1,0
1872,7.6,1,2,1,67,4.1,0,0
1873,6.9,1,3,1,78,4.4,1,0
1874,8.2,2,3,2,90,4.8,1,1
1875,6.5,0,3,2,86,4.6,1,0
1876,7.7,2,1,1,80,4.7,1,1
1877,7.8,1,2,0,70,3.8,1,0
1878,7.4,0,1,1,81,3.5,1,0
1879,6.8,2,1,2,83,4.7,0,0
1880,8.3,2,1,2,72,4,1,0
1881,7.2,0,1,0,73,3.7,0,0
1882,7.9,0,2,0,87,4.4,1,1
1883,7.7,1,1,1,78,3.3,0,0
1884,7.4,1,1,0,69,4.4,0,0
1885,8.2,2,3,2,90,4.8,0,1
1886,7.7,1,2,0,85,3.7,1,0
1887,7.4,1,2,0,80,4.2,1,1
1888,8.1,2,3,2,90,4.8,1,1
1889,7.3,0,2,0,81,4.2,1,0
1890,6.5,1,1,0,74,4,1,0
1891,8.3,0,1,3,77,4,1,0
1892,7.7,1,2,2,75,4.7,1,0
1893,8.1,0,1,0,83,4.2,1,0
1894,8.2,1,1,1,71,3.5,0,0
1895,7.5,0,1,0,66,4.3,0,0
1896,8.6,2,1,0,87,4.4,1,1
1897,7.5,1,3,2,75,4.5,1,1
1898,8.2,1,1,0,71,3.8,0,0
1899,6.9,1,3,1,84,4.4,1,1
1900,6.5,0,1,0,76,4.3,0,0
1901,8.4,1,1,0,87,4.8,1,0
1902,8.2,1,3,1,72,3.9,1,0
1903,7.7,0,1,1,78,4.1,0,0
1904,8.4,2,3,2,90,4.8,1,1
1905,8.4,1,3,2,90,4.6,1,1
1906,7.7,2,3,2,89,4.8,1,1
1907,7.7,1,3,1,84,4.7,0,0
1908,7.6,1,1,1,72,3.3,1,0
1909,6.7,1,2,0,75,4.8,1,1
1910,6.5,1,2,1,76,4.4,1,1
1911,7.5,1,1,0,64,3.4,0,0
1912,7.1,1,3,0,81,4.2,1,1
1913,7.8,0,3,0,84,3.8,1,0
1914,6.5,1,1,3,87,4.2,1,1
1915,7.5,0,3,1,76,4.4,1,1
1916,8.3,2,3,2,87,4.6,1,1
1917,8.1,1,1,2,90,4.8,1,1
1918,7.5,2,3,2,79,4.4,1,1
1919,7.4,2,1,3,66,3.9,0,0
1920,8.2,0,3,2,90,4.8,1,1
1921,8.1,0,3,0,69,4.1,0,0
1922,8.6,1,3,0,82,4.8,1,0
1923,6.5,1,2,1,78,4.4,1,0
1924,6.5,1,2,0,70,3.7,1,0
1925,7.4,1,1,1,78,4.3,1,0
1926,6.9,1,2,1,78,4.5,1,1
1927,7.7,2,2,2,84,3.9,1,1
1928,8.1,2,3,2,90,4.8,1,1
1929,7.9,2,1,2,88,3.6,0,0
1930,8.3,2,3,2,90,4.8,1,1
1931,8.4,2,3,2,90,4.8,1,1
1932,6.9,1,3,2,90,4.8,1,1
1933,8.2,0,1,0,76,4.4,1,0
1934,8.5,1,3,0,84,4.7,1,1
1935,8.4,2,3,2,90,4.8,1,1
1936,7.2,2,2,2,79,4.4,1,1
1937,8.6,2,3,2,89,4.8,0,1
1938,7.6,2,2,1,90,4.7,1,0
1939,7.6,0,1,0,67,4.3,1,0
1940,7.5,0,2,0,69,3.7,0,0
1941,7.6,1,1,0,66,4.1,1,0
1942,6.6,1,3,2,90,4.8,1,0
1943,7.6,0,1,0,81,3.9,1,1
1944,8.3,1,3,2,85,4.1,1,1
1945,6.5,0,1,1,81,4,1,0
1946,8.4,2,3,2,89,4.8,1,0
1947,6.5,1,1,1,60,4,0,0
1948,8.1,2,3,0,90,4.8,1,1
1949,7.3,0,1,0,85,4.4,0,0
1950,7.7,1,1,1,79,4.3,0,0
1951,7.5,1,1,0,77,4.2,1,0
1952,8,1,1,2,80,4.7,1,0
1953,7.8,0,2,0,86,4.1,1,0
1954,8.5,2,3,2,90,4.8,1,1
1955,6.5,0,2,1,77,4.1,0,0
1956,7.8,1,1,1,87,4.2,1,1
1957,7.7,1,1,0,79,4.3,1,1
1958,7.7,0,1,0,73,3.6,0,0
1959,7.5,1,1,0,78,3.3,0,0
1960,6.5,2,1,2,86,4.7,0,1
1961,8.3,2,3,0,77,4.1,1,0
1962,7.8,1,2,0,90,4,1,0
1963,8.4,2,3,2,90,4.8,1,1
1964,7.6,1,2,0,70,3.9,1,0
1965,6.8,0,2,0,73,4.3,1,1
1966,6.8,0,1,0,70,3.3,0,0
1967,6.6,1,1,1,72,4,0,0
1968,6.5,0,1,0,86,3.9,0,0
1969,6.5,0,1,0,79,4.2,1,1
1970,7.8,1,1,0,66,4.6,0,0
1971,7.6,0,1,2,83,4.8,1,1
1972,7.7,1,2,2,75,4.6,0,1
1973,8.2,1,1,0,75,4.1,0,0
1974,6.5,1,1,0,85,3.7,0,0
1975,6.5,1,1,1,64,4,0,0
1976,8.2,2,3,2,90,4.8,1,1
1977,8.1,0,3,2,83,4.6,0,1
1978,7.9,1,2,0,90,4.8,1,1
1979,7.3,1,1,1,70,3.8,0,0
1980,8.3,2,3,0,88,4.8,1,0
1981,8.4,1,3,2,88,4.5,1,1
1982,7.3,1,3,0,89,3.8,0,0
1983,7.7,1,2,1,69,4.1,0,0
1984,8.3,1,1,0,81,4.7,0,0
1985,7.6,2,1,1,76,3.5,1,0
1986,8,1,1,2,75,3.6,1,0
1987,7.7,2,2,1,71,4.4,1,0
1988,7.5,0,2,1,67,4.4,1,0
1989,8.4,2,3,1,85,4.4,1,1
1990,6.6,0,2,1,78,4.5,0,0
1991,6.6,1,1,1,85,4,1,1
1992,6.5,1,1,1,66,3.7,1,0
1993,7,0,2,0,66,4.3,1,1
1994,7.6,2,1,0,77,4.2,1,1
1995,7.7,0,1,0,65,4.3,1,0
1996,6.5,0,3,0,73,4.6,1,1
1997,7.7,1,2,0,79,4.1,1,0
1998,8.1,2,3,0,87,4.4,1,1
1999,7.5,1,1,1,73,4.7,0,0
2000,8,2,3,2,90,4.7,1,1
2001,7.7,2,1,0,65,3.8,0,0
2002,8.1,1,2,0,83,4.6,1,0
2003,8.2,1,2,2,74,4.4,1,1
2004,7.3,1,2,2,75,4.6,1,1
2005,6.7,1,2,0,76,4.8,1,1
2006,8,1,3,3,90,4.6,1,1
2007,7.3,1,1,0,69,3.9,1,0
2008,8.2,1,3,2,79,4,1,0
2009,8.5,2,3,0,76,4.8,1,1
2010,8.1,2,3,2,90,3.7,1,1
2011,7.2,0,1,1,73,3.4,1,0
2012,8.1,1,3,2,90,4.8,1,1
2013,6.9,0,2,1,82,4.2,1,1
2014,7.9,1,2,0,75,3.8,0,0
2015,6.5,1,2,1,62,4.4,1,0
2016,7.7,0,3,2,84,4.8,1,1
2017,7.6,1,2,0,68,4.3,1,0
2018,8.9,2,3,2,90,4.8,1,1
2019,8,0,3,2,90,4.7,1,1
2020,7.4,1,3,2,90,4.8,1,1
2021,7.4,1,1,1,70,3.2,1,0
2022,6.9,1,1,2,78,4.6,1,0
2023,8.1,2,1,0,82,4.4,0,0
2024,8.3,2,3,0,90,4.8,1,1
2025,6.5,1,2,0,85,3.4,1,0
2026,7.7,2,3,1,88,4.3,1,0
2027,7.3,1,1,0,70,3.7,1,0
2028,7.4,0,3,2,75,4.3,1,1
2029,8.2,2,3,2,89,4.8,1,1
2030,7.6,1,1,0,74,4.1,1,0
2031,6.8,1,1,0,64,4.2,1,0
2032,8.4,1,3,0,87,4.1,0,0
2033,8.3,2,3,2,89,4.6,1,1
2034,6.9,1,1,1,67,4.5,1,0
2035,8.2,1,2,2,86,4.2,1,0
2036,6.5,0,1,1,73,3.5,0,0
2037,7.7,1,1,1,82,4.6,1,0
2038,7.8,0,3,1,76,3.8,1,0
2039,8.3,1,3,1,90,4.8,1,1
2040,7.5,1,3,1,79,3.8,1,1
2041,7.9,1,2,0,68,3.7,0,0
2042,7.8,1,1,1,69,4.1,0,0
2043,7.6,0,1,0,63,4.4,1,1
2044,7.4,1,3,1,61,4.8,0,0
2045,7.8,0,2,0,89,3.9,1,0
2046,7.5,0,1,1,70,4.3,0,0
2047,6.6,1,1,0,70,4.1,0,0
2048,7.6,0,1,0,61,3.8,1,0
2049,8.6,2,3,1,90,4.8,1,1
2050,7.5,0,2,1,78,3.8,1,0
2051,8.1,0,3,0,84,3.3,0,0
2052,7.6,0,1,1,75,4.2,1,0
2053,7.7,1,1,1,60,3.6,0,0
2054,8,2,3,2,83,4.6,1,1
2055,8.3,2,3,2,90,4.8,1,1
2056,7.8,0,1,0,64,3.9,0,0
2057,8,1,3,0,74,3.8,1,0
2058,8.4,2,3,2,90,4.8,1,1
2059,8.7,2,3,2,90,4.8,1,1
2060,8.4,0,3,2,87,4.8,0,1
2061,7.1,1,1,0,79,3.8,0,0
2062,8.1,1,2,0,78,4.2,1,1
2063,8.4,1,3,2,90,4.7,1,1
2064,8.8,0,3,2,89,4.5,1,1
2065,7.5,2,2,1,75,4.2,1,0
2066,7.7,1,2,1,69,4.5,1,0
2067,7.5,0,2,1,81,4.1,0,0
2068,7.9,0,3,1,77,4.7,0,0
2069,7.5,1,3,0,83,4.8,1,1
2070,8.6,1,3,0,87,4.7,1,1
2071,8.3,0,3,2,90,4.7,1,1
2072,7.6,0,2,1,69,4.8,0,0
2073,6.7,1,1,0,81,4.6,1,1
2074,7.6,0,1,0,73,4.7,0,0
2075,6.5,0,1,0,81,4.1,1,0
2076,7.9,2,3,2,90,4.5,0,1
2077,8.4,0,3,2,90,4.7,1,1
2078,6.9,1,1,0,76,4.5,0,1
2079,7.8,2,3,2,82,4.6,0,0
2080,7.3,1,1,0,74,4.5,0,0
2081,6.8,0,2,1,76,4,1,0
2082,7.6,0,2,0,84,4.5,1,1
2083,7.4,1,1,1,82,4.3,1,0
2084,8.7,1,2,2,84,4.3,0,0
2085,8,2,1,0,74,4.6,1,1
2086,7.9,0,3,2,89,4.5,0,1
2087,7.8,2,3,2,90,4.8,1,1
2088,7.8,1,2,0,77,4.2,1,1
2089,6.8,1,1,1,78,4,0,0
2090,8.7,1,1,2,80,3.8,1,0
2091,7.7,1,2,2,86,4.8,1,1
2092,7.6,1,1,1,77,4,1,1
2093,7.7,1,2,0,88,4.5,1,0
2094,6.7,2,3,2,83,4,0,1
2095,7.7,1,1,0,82,4.3,1,0
2096,8.2,0,2,2,83,4.8,1,1
2097,8.2,2,2,2,82,4.7,0,1
2098,6.9,2,3,0,80,4.4,1,0
2099,8.1,1,3,2,90,4.3,1,0
2100,8.1,1,3,3,89,4.8,1,1
2101,6.7,1,2,0,74,4,1,0
2102,8.4,1,2,2,77,4.1,0,0
2103,7.9,0,2,2,85,4.2,0,0
2104,6.5,1,2,0,77,3.5,1,1
2105,7.5,0,1,1,79,4.4,1,0
2106,8.1,2,3,2,85,4.8,1,1
2107,7.3,0,1,1,66,4.7,0,0
2108,8.7,2,3,2,90,4.8,1,1
2109,7.5,1,1,0,70,4.4,1,0
2110,8.1,1,1,0,60,3.7,0,0
2111,8.7,2,3,2,90,4.8,1,1
2112,7.5,1,3,0,84,4.1,1,0
2113,8.7,0,3,1,88,4.8,0,1
2114,8,2,3,2,90,4.5,1,1
2115,8.3,0,1,1,77,3.8,1,0
2116,6.6,0,1,1,71,4.4,1,0
2117,8.3,1,3,2,90,4.8,1,1
2118,7.8,0,1,0,81,4.2,0,0
2119,8,1,1,2,84,4.6,0,1
2120,6.5,0,2,1,75,3.9,1,0
2121,7.5,1,2,0,67,4.4,0,0
2122,7.7,2,3,1,67,4.2,1,0
2123,8.1,2,2,0,90,4.8,1,0
2124,6.5,1,1,0,67,3.8,0,0
2125,7.1,1,1,0,70,4.1,1,0
2126,7.7,1,3,0,86,4.8,1,1
2127,8.7,2,3,2,90,4.8,1,1
2128,7.6,1,2,1,83,3.9,1,1
2129,8.6,1,2,0,77,4.7,1,1
2130,7.9,0,3,2,90,4.4,1,1
2131,8.1,0,2,0,70,4.8,1,1
2132,8.1,1,2,1,69,4,1,1
2133,8.1,1,1,0,62,3,0,0
2134,8.2,2,3,2,90,4.8,0,1
2135,8.1,2,2,2,79,4.6,1,0
2136,7.7,0,2,2,83,4.5,1,1
2137,6.5,1,2,1,72,4.6,1,0
2138,8,2,2,2,90,4.8,1,1
2139,8.4,1,3,0,83,4.8,1,1
2140,6.5,1,0,0,88,4.7,1,1
2141,7.3,1,1,1,60,4.1,0,0
2142,7.7,1,2,0,78,3.8,1,0
2143,8.5,1,3,2,88,4.8,1,1
2144,6.6,1,2,2,73,3.3,1,1
2145,8.5,0,3,2,87,4.7,1,1
2146,6.5,1,1,0,76,3.8,0,0
2147,8.5,2,3,1,90,4.7,1,1
2148,7,1,3,1,88,4.8,1,1
2149,8.2,1,3,0,77,4.5,1,1
2150,6.5,1,1,0,77,4.3,0,0
2151,7.5,1,1,1,88,4.8,1,1
2152,7.6,1,2,2,87,4.8,1,0
2153,6.5,1,1,1,60,4,0,0
2154,6.6,1,2,1,69,3.6,1,0
2155,7.8,1,2,0,82,4,1,0
2156,8.4,2,3,2,90,4.8,0,1
2157,7.4,1,2,2,74,4.4,1,0
2158,7.8,2,2,1,65,4.8,1,1
2159,7.9,0,2,1,79,4.8,1,0
2160,7.4,1,1,1,68,4.5,0,0
2161,8.4,0,3,2,90,4.8,1,1
2162,7.4,1,2,0,66,4.7,1,0
2163,7.8,0,1,0,61,3.8,0,0
2164,6.5,1,1,0,68,3.8,0,0
2165,7.6,1,2,0,72,4.1,1,0
2166,6.8,2,3,3,90,4.8,1,1
2167,8,1,2,2,80,4.7,0,0
2168,7.9,0,1,2,87,4.7,1,0
2169,8.7,0,3,2,90,4.8,1,1
2170,8.2,1,0,0,84,4.8,1,1
2171,8.5,1,3,2,83,4.8,1,1
2172,7.1,2,1,0,72,4.3,1,0
2173,7.8,1,2,0,71,3.7,1,1
2174,8.3,0,2,2,84,4.8,1,1
2175,7.6,2,1,1,82,3.9,0,0
2176,6.5,1,1,0,77,3.7,1,0
2177,7.8,1,2,2,68,4.4,0,0
2178,8.3,2,3,2,90,4.8,1,1
2179,8.4,2,3,2,90,4.8,1,1
2180,6.5,1,1,1,61,3.1,0,0
2181,7.5,1,2,0,87,4.5,0,0
2182,8.3,2,3,2,90,4.7,0,1
2183,7.7,2,3,2,90,4.7,1,1
2184,7.2,1,1,1,77,4.7,1,1
2185,8,1,3,1,83,4.7,1,0
2186,6.9,1,1,0,76,4.3,1,0
2187,7.8,2,1,1,74,3.6,1,0
2188,8.6,1,2,2,85,3.7,1,0
2189,7.9,1,3,0,78,4.6,1,1
2190,8.3,0,2,0,70,4.1,1,0
2191,7.8,1,2,1,78,4.8,1,0
2192,7.6,2,3,2,81,4,1,1
2193,7.3,0,1,0,67,3.6,0,0
2194,7.8,1,1,0,79,4,1,0
2195,7.4,1,1,0,74,4.4,1,1
2196,8.3,1,3,2,79,4.4,1,1
2197,8,1,2,2,74,4.1,1,1
2198,7.6,0,2,2,78,4.4,1,0
2199,8.3,0,3,0,82,4.5,1,1
2200,8.5,2,3,0,90,4.8,0,1
2201,8.1,1,1,0,90,4.7,1,0
2202,8.5,1,3,0,79,4.5,1,0
2203,6.8,0,1,1,79,4.2,1,0
2204,6.5,0,2,1,60,3.1,0,0
2205,8.3,0,3,1,76,4.5,0,0
2206,6.5,0,1,0,62,4,1,0
2207,8,2,3,3,90,4.6,1,1
2208,7.8,1,1,0,89,4.7,1,0
2209,8.9,2,3,2,86,4.7,1,1
2210,8.3,1,3,2,85,4.8,1,1
2211,8.5,2,3,2,90,4.7,1,1
2212,8.5,0,1,1,90,4.8,0,0
2213,6.5,1,1,1,62,4.1,1,0
2214,8.1,0,1,2,81,4.1,1,1
2215,6.5,0,1,1,65,4.2,1,0
2216,7.7,2,3,2,89,4.8,1,1
2217,8.2,1,2,0,68,4.2,0,0
2218,6.7,1,1,1,70,4.5,1,0
2219,7.5,0,1,1,71,3.4,0,0
2220,8.3,2,3,2,82,4.8,1,1
2221,6.5,1,2,3,77,4.4,0,0
2222,6.5,0,2,0,71,3.4,1,0
2223,7.4,1,2,0,65,3.9,0,0
2224,6.5,1,2,1,76,4.3,0,1
2225,7.4,0,3,2,90,4.7,1,1
2226,7.7,0,1,1,66,3.4,0,0
2227,8.4,1,3,2,81,4.3,1,1
2228,7.8,1,3,0,81,4.5,1,1
2229,8,1,3,2,90,4.7,1,0
2230,8.3,2,3,2,90,4.8,1,1
2231,8,1,3,0,83,4.8,1,0
2232,8.4,1,3,1,78,4.4,0,0
2233,8.3,2,3,2,90,4.8,1,1
2234,8.4,2,3,2,84,4.8,1,1
2235,8.5,1,3,2,86,4.6,1,1
2236,8.3,1,2,2,90,4.8,1,1
2237,8.5,1,2,3,90,4.8,1,0
2238,6.8,0,2,1,89,3.9,1,1
2239,7.5,1,2,0,82,4.4,1,1
2240,7.4,1,2,1,64,3.5,0,0
2241,7.8,1,1,0,73,3.2,1,0
2242,7.5,1,1,0,68,4.1,1,0
2243,6.5,2,3,0,89,4.4,1,1
2244,7.5,1,2,0,79,3.8,0,0
2245,7.4,0,1,1,69,4,1,0
2246,8,1,2,1,83,4,1,1
2247,8.5,2,2,2,69,4.4,1,0
2248,7.8,1,3,0,87,4.1,1,0
2249,6.6,0,2,0,64,4.2,0,0
2250,8.5,1,2,1,76,3.8,1,0
2251,6.5,1,2,1,66,4.2,0,0
2252,7.6,1,3,3,78,4.7,0,1
2253,7.7,1,1,1,75,4.6,1,0
2254,8,2,3,0,90,4.4,1,1
2255,8,1,3,2,86,4.8,0,1
2256,6.8,1,2,0,75,4.5,1,0
2257,8.2,1,3,2,79,4.1,1,1
2258,8.1,2,3,2,86,4.5,1,1
2259,8.3,1,2,0,82,4.6,1,1
2260,8.2,2,3,2,90,4.8,1,1
2261,7.6,1,2,0,85,4.6,1,0
2262,6.5,1,2,0,76,4.2,1,0
2263,8.3,1,2,1,84,4.7,1,0
2264,7.4,0,1,0,85,3.9,1,0
2265,7.6,1,2,0,77,4.1,1,1
2266,8.4,2,3,1,83,4.6,1,1
2267,7.4,1,1,0,74,4.1,1,0
2268,8,1,1,0,77,3.9,1,1
2269,8.2,0,3,2,80,4.8,1,1
2270,8.2,1,2,2,89,4.3,1,1
2271,8,0,2,2,83,4.6,1,0
2272,7.8,2,3,0,75,4.5,1,1
2273,8,1,2,1,80,3.4,1,0
2274,6.5,2,2,2,79,4.4,0,1
2275,6.5,1,1,0,62,4,0,0
2276,7.9,1,1,1,78,4.2,0,0
2277,6.5,0,1,0,73,3.7,0,0
2278,7.8,1,3,2,90,4.8,1,1
2279,7.8,1,2,0,72,4.5,1,0
2280,8,2,3,2,87,4.5,1,1
2281,8.3,0,3,2,74,4.1,1,0
2282,6.6,1,1,0,68,3.9,1,1
2283,7.5,1,3,1,78,4,0,0
2284,7.6,1,1,1,70,4.5,0,0
2285,7.7,0,1,0,65,3.9,0,0
2286,7.4,1,2,0,80,4.3,1,0
2287,8.5,1,1,0,75,4.2,1,0
2288,7.5,1,2,1,67,3.3,1,0
2289,7.6,1,3,0,82,4.8,1,1
2290,8,1,2,1,80,4.2,0,0
2291,8.7,1,3,2,80,4.7,1,1
2292,6.5,0,2,0,76,3.6,1,0
2293,8.2,1,3,2,76,4.4,1,0
2294,6.5,1,1,0,80,4.4,1,0
2295,8.4,2,3,2,90,4.5,0,1
2296,7.9,2,1,2,81,4.8,0,1
2297,7.6,1,2,0,71,4.1,0,0
2298,7.5,1,1,1,73,4.2,1,0
2299,7.5,1,1,1,62,4.3,0,0
2300,8.4,0,1,1,67,4.1,0,1
2301,8.8,0,3,0,82,4.8,1,1
2302,8,1,3,3,90,4.8,1,1
2303,8.6,2,3,2,90,4.5,1,1
2304,8.4,2,3,2,90,4.8,1,0
2305,8.2,1,3,2,90,3.6,1,1
2306,7.3,1,1,1,64,4.1,0,0
2307,6.5,1,2,2,75,4.1,1,1
2308,7.4,1,1,1,63,3.6,0,0
2309,8,2,1,0,77,4.5,1,0
2310,7.9,1,2,0,80,4.5,1,0
2311,8.3,0,3,0,88,4.7,1,0
2312,7,1,3,1,90,4.7,1,0
2313,6.5,1,2,0,80,4.4,1,0
2314,8.2,1,3,0,77,4.3,0,0
2315,8.7,1,2,1,90,4.6,0,0
2316,7.5,1,1,0,76,4.5,1,1
2317,7.6,1,1,0,60,4,0,0
2318,7.6,1,3,0,84,4.1,0,0
2319,8.3,1,3,2,89,4.7,1,0
2320,7.4,0,1,1,90,4.8,1,0
2321,7.6,1,2,0,79,4.1,1,0
2322,7.4,1,2,1,62,4.5,1,0
2323,7.5,0,1,1,71,4.4,1,0
2324,7.7,1,1,0,75,3.6,1,0
2325,6.5,2,2,1,81,4.8,0,0
2326,7.4,2,3,1,79,4.4,1,0
2327,7.5,1,1,0,67,4.3,0,0
2328,7.8,1,3,0,90,4.6,1,0
2329,8.1,1,1,0,72,4,0,0
2330,8,1,3,0,83,4.1,1,1
2331,7.4,2,2,1,78,4.3,0,0
2332,8.6,2,3,2,86,4.1,1,1
2333,7.6,1,3,1,73,3.9,0,1
2334,8,0,3,2,90,4.8,1,1
2335,7.6,1,3,2,90,4.3,1,1
2336,7.3,1,1,1,73,4,1,0
2337,7.5,1,2,1,90,3.4,1,0
2338,8,1,3,2,84,4.7,1,1
2339,8.5,0,3,3,84,4.6,1,0
2340,8.6,1,3,1,88,4.8,1,0
2341,6.6,1,1,0,69,4.2,1,0
2342,7.7,1,1,1,79,3.9,1,0
2343,8.7,2,2,1,72,4.6,1,0
2344,7.5,1,2,0,65,3.5,0,0
2345,6.7,1,1,1,76,4.6,0,0
2346,7.2,1,3,2,81,4.8,1,1
2347,6.9,1,1,1,76,4.8,1,0
2348,8.2,2,3,2,86,4.7,1,1
2349,8.5,2,3,2,84,4.6,1,1
2350,8.2,0,3,0,90,4.3,1,0
2351,7.3,1,1,1,77,4.1,0,0
2352,7.6,1,2,1,71,4.1,1,0
2353,6.5,1,3,2,85,3.7,1,1
2354,7.4,1,3,0,83,3.8,1,0
2355,8,2,3,2,90,4.8,1,1
2356,8.2,2,1,2,77,4.8,1,0
2357,7.5,1,1,0,66,4.1,0,0
2358,8.1,2,2,1,90,4.7,1,1
2359,6.5,1,3,0,87,4.8,0,0
2360,8.8,1,3,0,86,4.4,1,0
2361,7.4,1,2,1,73,4.5,0,0
2362,8.2,2,3,2,90,4.7,1,1
2363,7.7,1,2,0,74,3.8,1,0
2364,8.5,2,3,2,86,4.8,1,1
2365,8.6,1,3,1,83,4.7,1,1
2366,8.6,1,2,0,86,4.1,1,0
2367,7.7,1,3,2,86,4.5,1,0
2368,8.2,2,3,2,90,4.2,1,1
2369,6.5,1,2,1,86,4.3,1,1
2370,9,2,3,2,88,4.8,1,1
2371,7.5,0,2,1,73,3.6,0,0
2372,7.8,0,2,0,74,4.2,1,0
2373,8.3,0,3,0,88,3.4,1,1
2374,6.5,2,1,1,77,4.2,1,0
2375,6.5,0,2,3,85,4.5,1,1
2376,7.4,1,1,0,77,3.6,0,0
2377,8.2,2,3,2,90,4.8,1,1
2378,8.5,2,3,2,90,4.8,1,1
2379,8.6,2,3,2,90,4.8,1,1
2380,8.5,1,1,2,72,4,1,1
2381,7.8,1,3,2,83,4.2,1,0
2382,8.4,2,3,2,83,4.8,1,1
2383,8.5,2,1,1,73,4.5,0,0
2384,7.7,1,1,1,70,4.3,1,0
2385,7.5,1,2,0,81,4.8,1,0
2386,6.5,1,3,1,90,4.5,0,0
2387,7.8,1,2,0,83,4.8,1,1
2388,7.6,1,1,1,76,4.2,1,1
2389,7.6,1,1,1,85,4.1,1,0
2390,6.5,0,1,0,90,4.5,1,0
2391,8,2,2,1,82,3.9,1,0
2392,7.5,2,1,1,65,4,1,0
2393,7.8,1,1,0,63,4.4,1,0
2394,6.9,0,3,2,82,4.8,1,1
2395,8.6,1,3,2,88,4.6,1,1
2396,7,0,3,1,67,3.6,1,0
2397,8.8,2,1,2,83,4.8,1,1
2398,7.4,1,2,0,87,3.5,1,0
2399,6.7,1,1,1,69,4,0,0
2400,7.7,1,1,0,72,4.2,0,0
2401,7.4,1,1,2,68,4.3,1,0
2402,8.3,1,2,0,72,4.2,0,0
2403,8.2,2,3,0,87,4.7,1,1
2404,8,1,3,1,77,4.5,1,0
2405,7.8,1,1,0,81,4.5,1,0
2406,7.6,1,1,2,77,3.9,1,0
2407,7.6,0,1,0,83,3.2,0,0
2408,7.4,1,3,2,83,4.5,0,1
2409,6.5,1,1,1,79,4.1,0,1
2410,7.9,1,1,1,76,4.4,1,0
2411,8.4,0,3,0,80,4.3,1,0
2412,8.7,1,2,2,74,4.1,1,1
2413,8.5,2,2,2,89,4.6,1,1
2414,8,2,3,2,90,4.8,1,1
2415,7.4,1,3,0,78,4.6,1,0
2416,8.2,2,3,2,87,4.8,1,1
2417,7.3,1,2,0,69,3.7,1,0
2418,7.5,0,3,0,78,4.7,0,0
2419,7.5,1,2,0,78,3.9,1,0
2420,7.6,0,2,0,68,3.9,1,0
2421,7.9,2,3,3,90,4.7,0,1
2422,7.5,1,1,0,67,4.2,0,0
2423,7.6,1,2,2,74,4.2,1,0
2424,8,1,2,2,87,4.8,1,1
2425,7.6,1,1,1,68,4,1,0
2426,8,2,3,2,89,4.1,1,1
2427,6.5,0,1,1,84,3.6,0,0
2428,8.2,1,1,1,87,4.7,1,0
2429,7.3,1,1,0,84,3.9,1,0
2430,8.4,2,3,2,90,4.8,1,1
2431,7.9,2,3,2,90,4.6,1,1
2432,7.4,1,1,1,69,3.9,1,0
2433,6.5,0,1,1,76,4.7,0,0
2434,7.7,1,1,0,70,3.9,1,0
2435,8.4,0,3,2,90,4.8,1,1
2436,8,1,2,0,61,3.6,0,0
2437,7.7,0,1,1,90,4.3,1,1
2438,7.6,1,2,0,70,4.7,1,1
2439,7.4,0,2,0,76,4.5,1,0
2440,6.8,1,2,0,75,4.2,1,0
2441,8,0,3,2,76,4.7,1,1
2442,8.4,2,3,2,90,4.5,1,1
2443,7.4,2,2,0,69,4.1,0,0
2444,7.8,1,3,1,75,4.4,1,0
2445,6.5,1,1,2,68,3.5,0,0
2446,8.7,0,3,2,81,4.5,1,1
2447,8.4,2,1,1,88,4.8,1,0
2448,7.8,0,1,0,67,4.1,0,0
2449,6.7,1,1,0,63,4.6,0,0
2450,8.6,2,3,2,90,4.8,1,1
2451,8,1,3,2,82,4.8,1,1
2452,7.8,2,1,0,86,4.3,1,1
2453,7.6,0,1,1,75,3.6,1,0
2454,8,1,2,3,74,4,1,1
2455,7.2,1,1,0,82,4,1,1
2456,7.9,1,3,0,83,4.8,0,0
2457,7.8,2,3,2,90,3.9,1,0
2458,8.1,0,2,3,72,3.2,1,1
2459,8.4,2,3,3,83,4.7,0,0
2460,7.6,1,2,0,71,4.8,1,0
2461,8.4,2,2,0,83,4.8,0,1
2462,7.6,1,1,0,70,4.1,0,0
2463,7.9,0,1,0,64,4.1,1,0
2464,7.6,1,2,1,86,4.4,1,0
2465,7.5,0,2,0,90,4.8,1,0
2466,7.6,1,1,1,84,4.1,0,0
2467,7.5,1,2,0,79,4.3,1,0
2468,7.9,1,1,1,89,4,1,0
2469,7.9,2,3,3,78,4.5,1,1
2470,7.6,1,3,0,68,4.2,1,0
2471,8.1,1,1,0,70,4.3,0,0
2472,7.6,2,1,0,73,4.6,1,0
2473,7.9,2,1,2,75,3.9,0,0
2474,8.5,2,3,2,88,4.8,1,0
2475,7.5,2,3,0,88,4.6,1,0
2476,7.7,1,2,0,73,3.8,1,0
2477,7.6,1,1,2,67,3.8,1,1
2478,8.3,2,3,2,85,4.5,1,1
2479,7.4,1,2,1,72,3.3,1,1
2480,8.2,1,1,1,84,3.9,1,1
2481,6.6,1,1,1,77,3,0,0
2482,8.6,1,3,2,90,4.8,1,1
2483,7.6,1,2,2,76,4.5,1,0
2484,8.6,1,3,0,83,4.8,1,1
2485,7.7,1,0,0,75,4.1,1,1
2486,8,1,2,0,72,4.8,0,0
2487,8.1,1,3,2,85,4.7,1,1
2488,6.5,1,2,1,82,4,1,0
2489,7.7,1,3,0,86,4.1,1,0
2490,8.2,1,1,2,72,4.4,0,0
2491,7.7,2,2,2,90,4.8,1,1
2492,8.6,1,2,2,90,4.6,1,1
2493,8,0,1,0,70,3.6,0,0
2494,7.5,1,2,0,71,4,0,0
2495,7.9,1,3,2,90,4.6,1,1
2496,7.4,1,1,1,66,4,1,0
2497,8,0,3,1,80,4.6,1,1
2498,8.4,1,2,0,82,4.4,1,0
2499,7.6,1,1,0,83,4.3,1,0
2500,8.5,0,1,0,81,4.2,1,1
2501,8,1,2,0,90,4.3,1,0
2502,7.8,0,2,0,80,4.1,1,1
2503,7.7,1,1,0,67,4,0,0
2504,7.8,2,3,2,84,4.7,1,1
2505,7.5,1,2,2,72,3.9,1,0
2506,8.3,1,3,2,90,4.8,1,1
2507,8.3,1,0,0,73,4.6,1,1
2508,6.9,0,2,0,79,4.1,1,0
2509,6.8,1,1,1,72,4.3,1,1
2510,7.3,1,1,1,66,3.6,1,0
2511,8.2,2,3,2,87,4.8,1,1
2512,8.1,0,2,0,81,4.8,1,0
2513,6.8,1,1,1,78,4.1,0,0
2514,7.7,1,2,0,68,3.7,1,0
2515,7.4,2,1,0,74,4.5,1,0
2516,8.2,2,3,2,90,4.5,1,1
2517,8,1,3,0,89,4.5,1,1
2518,6.7,2,3,2,85,4.2,1,0
2519,6.8,0,1,1,62,3.5,0,0
2520,7.7,0,2,0,81,4.2,1,0
2521,7.6,1,1,0,69,3.9,0,0
2522,8.1,1,1,2,76,4,1,0
2523,7.5,1,2,0,75,3.9,0,0
2524,8.4,1,3,2,85,4.8,1,1
2525,7.8,0,2,1,74,4.5,1,1
2526,6.9,0,1,1,73,3.5,1,0
2527,8.2,0,2,1,68,4.3,1,1
2528,7,0,1,1,75,4,1,0
2529,6.8,1,2,2,76,3.7,1,0
2530,8.3,0,3,0,90,4.8,1,1
2531,8.5,2,3,2,87,4.4,1,1
2532,7.3,1,1,2,76,4.3,0,1
2533,7.5,1,3,0,83,4.7,1,1
2534,6.5,1,2,1,78,4.5,0,0
2535,7.2,1,1,1,73,3.6,0,1
2536,8.1,1,3,2,90,4.8,1,1
2537,7.4,1,1,0,90,4.4,1,0
2538,7.4,0,2,2,78,3.8,1,0
2539,8.4,2,3,2,90,4.8,1,1
2540,7.5,1,3,1,84,4.8,1,1
2541,6.8,0,2,2,84,4.5,0,0
2542,8.4,1,2,2,72,4.6,1,0
2543,8.4,1,3,2,90,4.8,1,1
2544,7.6,1,2,0,90,4.8,1,1
2545,8.2,0,1,1,85,4.7,0,0
2546,8.3,1,3,1,72,4.3,1,0
2547,6.9,1,2,1,60,4.8,1,0
2548,8.7,1,3,0,87,4.8,1,0
2549,7.5,1,1,1,72,4.4,1,0
2550,7.6,1,2,0,86,4.2,1,0
2551,7.6,2,3,0,78,3.7,1,1
2552,8.5,2,1,1,80,3.6,0,0
2553,6.9,2,3,3,80,4.8,0,1
2554,8,1,3,2,90,4.8,1,1
2555,8.2,2,3,2,90,4.1,1,1
2556,8.2,1,3,2,89,4.5,1,1
2557,8.4,1,2,2,86,4.8,1,1
2558,8.2,1,3,2,90,4.8,1,1
2559,7.5,0,1,0,77,4.3,1,0
2560,8.4,1,3,2,90,4.8,1,1
2561,8.3,2,3,2,90,4.8,1,1
2562,8.4,0,2,2,86,4.7,1,0
2563,7.5,1,2,0,77,4.8,1,0
2564,7.6,1,1,2,73,4.2,0,0
2565,7.6,2,2,2,79,4.8,1,1
2566,8.3,1,2,0,76,4.4,1,1
2567,7.5,1,1,0,68,4.8,1,0
2568,7.4,1,1,0,66,3.8,1,0
2569,8.3,0,1,1,69,4.1,1,0
2570,8.4,1,3,2,90,4.7,1,1
2571,7.1,1,1,0,74,4.7,0,0
2572,8.4,0,2,0,81,3.8,1,1
2573,8.1,0,3,2,87,4.8,0,1
2574,7.4,1,1,3,74,4.1,1,0
2575,7.8,1,1,2,62,3.9,0,0
2576,8.2,2,3,0,81,4.7,0,0
2577,7.4,1,3,2,87,4.4,1,0
2578,6.6,1,1,1,83,3.9,0,0
2579,6.7,0,2,0,82,4.3,1,0
2580,6.5,0,1,1,73,3.8,1,0
2581,8,0,1,1,67,4.1,1,1
2582,7.9,1,3,0,78,4.2,1,1
2583,6.5,2,3,2,81,3.3,1,1
2584,8.7,2,3,2,90,4.8,1,1
2585,8.8,2,3,2,85,4.7,0,1
2586,6.6,1,1,0,60,4.2,1,0
2587,7.4,1,2,0,73,3.3,1,0
2588,8.8,1,1,0,69,4.7,1,0
2589,7.3,2,2,1,85,4.8,0,0
2590,8.5,2,3,2,90,4.7,1,1
2591,7.9,2,2,1,88,4.5,1,1
2592,6.6,1,3,2,76,4.5,1,1
2593,8.2,2,2,0,72,4.8,1,0
2594,7.5,1,2,1,76,4.2,1,0
2595,7.7,1,1,0,73,4,1,1
2596,8.2,2,3,2,90,4.8,1,1
2597,7.5,1,2,1,77,4.6,1,0
2598,7.1,1,1,1,87,4.2,0,0
2599,7.7,1,2,0,84,4.7,1,0
2600,7.3,1,1,0,68,4.3,0,0
2601,7.9,0,1,0,69,3.8,1,0
2602,8.2,0,2,2,90,4.8,1,1
2603,6.8,1,1,0,80,4.3,1,1
2604,7.3,1,1,0,62,4.1,0,0
2605,7.9,2,3,2,90,4.7,1,1
2606,8.4,2,3,2,90,4.8,1,1
2607,8.6,2,3,2,79,4.8,1,1
2608,8.5,1,1,0,80,4.6,0,0
2609,7.8,2,3,0,81,4.5,1,0
2610,7.3,0,3,2,90,4.1,1,1
2611,7.6,0,1,1,65,4.2,1,0
2612,8.5,0,2,2,86,4.8,1,1
2613,8.5,2,3,2,90,4.8,1,1
2614,8.4,2,3,2,90,4.5,1,0
2615,7.7,0,1,1,72,3.8,1,0
2616,7.7,0,2,0,80,4.3,1,0
2617,7.4,2,1,2,90,4.7,1,0
2618,6.6,1,1,0,72,4.1,0,1
2619,7.4,1,0,1,67,3.6,0,0
2620,7.9,2,1,0,77,4.3,0,0
2621,8.6,2,3,2,84,4.5,1,1
2622,7.5,1,1,1,69,3.7,0,0
2623,6.7,1,1,0,70,3.6,0,0
2624,7.8,1,3,2,90,4.1,0,0
2625,7.7,1,1,0,82,3.7,1,1
2626,7.6,1,1,0,89,4.2,1,0
2627,6.6,1,1,0,87,4.8,0,0
2628,6.7,2,1,2,77,4.1,1,0
2629,7.5,1,1,1,65,3.7,1,0
2630,8.4,1,3,1,80,4.4,1,0
2631,7.6,1,3,0,80,4.7,0,0
2632,7.5,1,2,0,62,3.9,0,0
2633,8.4,2,2,0,80,4,0,0
2634,7.5,1,1,0,80,4.7,0,1
2635,7.9,1,2,1,86,4.6,1,1
2636,6.5,0,1,0,76,4.6,1,0
2637,8.3,1,3,2,90,4.8,1,1
2638,8.1,1,3,2,86,4.6,1,1
2639,7.6,0,1,0,69,3.4,0,0
2640,8.4,2,3,2,90,4.8,1,1
2641,8,0,1,0,81,3.1,0,0
2642,8.1,1,2,0,89,4.8,1,0
2643,8.5,0,2,1,89,4.8,1,1
2644,8.9,2,1,2,90,4.7,1,1
2645,7.3,1,1,1,80,4.7,0,0
2646,7,2,1,0,75,3.8,1,1
2647,6.8,1,1,1,65,4.5,1,0
2648,7.4,0,1,0,72,3.6,0,0
2649,8.5,1,3,1,89,4.6,1,0
2650,7.9,2,1,3,70,4,1,1
2651,8.5,1,2,0,85,4.3,1,1
2652,7.6,0,2,2,76,4.2,1,0
2653,7.8,2,3,2,90,4.6,1,1
2654,7.3,1,1,1,67,3.4,0,0
2655,8.5,1,3,3,88,4.4,1,1
2656,8.5,2,2,2,90,4.8,1,1
2657,6.5,0,1,2,63,3.9,0,0
2658,7.4,1,3,2,83,4.8,1,1
2659,7.6,1,2,0,75,3.9,1,0
2660,7.5,1,3,2,78,4.6,1,1
2661,8.5,2,2,3,67,4.6,0,0
2662,7.5,1,2,0,74,4.3,0,0
2663,6.5,1,1,1,72,4.4,0,0
2664,7.7,0,3,0,83,4.2,1,0
2665,7.5,0,1,0,80,4.5,1,0
2666,7.6,1,3,0,72,4,0,0
2667,8.2,2,3,2,90,4.8,1,1
2668,6.5,0,1,1,60,3.2,0,0
2669,6.9,0,1,0,73,3,0,0
2670,8.6,2,3,2,90,4.8,1,1
2671,6.8,1,1,0,82,4.2,0,0
2672,8.4,1,1,1,82,4.3,1,0
2673,6.7,1,2,0,90,4.7,1,1
2674,7.5,1,1,2,78,4.4,1,0
2675,8.1,1,1,1,78,4.3,1,0
2676,8.3,1,3,1,81,4.3,1,0
2677,6.5,0,1,0,72,4.6,0,0
2678,7.2,1,2,3,78,4.5,1,0
2679,8.5,1,3,2,84,4.6,1,1
2680,7.2,1,1,1,66,3.8,0,0
2681,6.5,1,1,0,77,3.9,0,0
2682,6.5,1,1,1,79,3.8,1,0
2683,6.5,0,2,0,79,3.6,1,0
2684,6.5,1,2,0,73,3.6,1,0
2685,7,1,2,0,72,4.1,1,0
2686,8.4,1,3,1,83,4.2,1,1
2687,7.9,1,3,0,83,4.6,1,1
2688,8.5,2,3,1,90,4.7,1,1
2689,8.4,1,3,2,77,4.5,1,1
2690,6.5,1,2,0,84,4.7,1,0
2691,6.5,1,2,1,73,4.1,1,0
2692,7.6,1,2,0,80,3.7,1,0
2693,8.4,1,3,2,86,4.7,1,1
2694,8.3,0,1,2,84,4.8,1,1
2695,7.6,1,2,0,73,4.4,1,1
2696,7.7,1,1,1,66,3.3,0,0
2697,7.2,1,2,0,69,4.5,1,1
2698,8.3,2,2,2,77,4,1,1
2699,8.6,1,3,1,85,4.6,1,1
2700,8.4,2,3,2,90,4.8,1,1
2701,6.7,1,1,0,86,4.8,1,1
2702,7.3,0,1,0,81,4.2,1,0
2703,8.5,2,3,2,90,4.8,1,1
2704,7.3,1,1,0,78,3.7,0,0
2705,7.5,1,2,2,72,4.1,1,0
2706,8.6,2,3,2,90,4.7,1,1
2707,8.8,1,3,3,90,4.8,1,0
2708,7.5,0,2,0,80,4.4,1,0
2709,8.5,2,1,2,83,4.3,1,0
2710,7.9,2,3,2,90,4.8,1,1
2711,6.6,1,1,1,71,4,1,0
2712,8.5,2,3,2,90,4.7,1,1
2713,6.8,1,1,0,73,4.3,0,0
2714,8.6,1,2,2,76,4.4,0,0
2715,6.5,1,1,1,79,4.2,1,1
2716,6.5,1,1,0,69,4.3,1,0
2717,6.5,0,3,0,71,3.8,1,0
2718,8.4,0,3,0,86,4.6,1,1
2719,6.5,0,1,0,68,3.6,1,0
2720,8.2,0,3,2,78,4.8,0,1
2721,7.5,1,1,0,69,4.3,0,0
2722,7.4,0,1,1,69,3.5,1,0
2723,8.3,2,2,0,78,4.1,1,1
2724,7.7,0,3,0,87,4.7,1,1
2725,7.4,1,1,2,84,4.7,1,1
2726,8.4,1,2,0,78,4.2,1,0
2727,7.6,1,3,2,84,4.2,1,0
2728,7.9,0,3,1,77,4,1,0
2729,7.6,1,1,0,75,3.6,1,0
2730,7.6,0,2,0,79,4.6,1,0
2731,6.6,1,2,1,62,3.4,1,0
2732,8.1,1,3,2,89,4.8,1,1
2733,7.4,1,2,1,71,4.3,1,0
2734,7.7,2,3,2,90,4.8,1,1
2735,6.5,1,1,1,72,3.3,1,0
2736,8.1,2,3,2,90,4.7,1,1
2737,7.6,2,2,1,84,4.8,1,0
2738,7.9,0,1,2,77,4.8,1,1
2739,8.5,1,3,2,88,4.8,1,0
2740,8.1,2,3,2,82,4.7,1,1
2741,8.4,2,3,0,86,4.7,1,1
2742,8.8,2,3,2,90,4.8,1,1
2743,7.6,1,3,0,80,4.8,1,1
2744,8.3,2,3,2,90,4.8,1,1
2745,8.2,0,1,1,68,3.8,0,1
2746,6.5,0,1,0,72,4.1,0,0
2747,7.7,2,3,0,71,3.8,0,0
2748,7.9,1,2,1,70,4.3,1,0
2749,8.1,2,3,2,85,4.6,1,1
2750,8.6,1,3,0,90,4.8,1,1
2751,7.7,0,2,1,72,4.4,1,0
2752,8.6,0,3,2,90,4.8,1,1
2753,8.1,1,2,0,81,4.2,0,0
2754,6.5,1,1,0,70,4.2,1,0
2755,8.2,1,2,2,80,4.4,1,1
2756,8.4,2,3,2,90,4.4,1,1
2757,8.4,2,3,2,90,4.8,1,1
2758,8.6,1,3,3,78,4.7,1,1
2759,6.5,1,1,1,74,3.8,0,0
2760,7.5,2,1,1,82,4.7,0,0
2761,8.3,1,1,3,76,4.2,1,0
2762,8,0,3,2,87,4.5,1,1
2763,7.6,2,1,0,90,4.8,1,0
2764,8,0,3,1,86,4.3,1,1
2765,8.5,1,1,2,90,4.7,1,1
2766,8.4,2,1,1,79,4.3,1,1
2767,8.2,0,3,0,90,4.5,0,0
2768,7.9,0,3,2,89,4.7,1,1
2769,6.5,0,2,2,77,4.6,1,0
2770,8.1,0,1,0,68,4.2,0,0
2771,7.3,0,1,0,64,3.7,0,0
2772,8.5,0,1,2,83,4.2,0,1
2773,8.3,1,3,2,87,4.8,1,1
2774,7.7,0,3,0,83,4.5,1,0
2775,9,0,3,2,86,4.8,1,1
2776,7,1,2,1,78,4,0,0
2777,7.5,1,1,1,71,4.5,0,0
2778,7.1,0,1,1,69,4.8,0,0
2779,8.2,1,2,2,71,4.4,1,1
2780,8.1,2,3,2,82,4.2,1,0
2781,7.3,0,1,1,84,4.7,0,0
2782,8.4,1,3,1,79,4,1,0
2783,7.5,1,2,2,89,4.8,1,1
2784,7.5,1,3,1,84,4,0,1
2785,7.4,1,3,0,85,4.6,0,0
2786,6.5,1,1,1,76,4.2,1,0
2787,6.8,1,3,2,83,4.7,0,0
2788,8.6,1,3,2,87,4.1,1,1
2789,6.8,0,1,0,84,4.1,1,1
2790,7.5,1,1,1,77,3.8,1,0
2791,8.4,1,3,2,85,4.2,1,1
2792,6.7,2,1,2,82,4.6,1,0
2793,8.5,1,2,0,87,4.7,1,1
2794,8.2,0,3,0,86,4,1,1
2795,6.5,1,1,1,79,4.4,1,0
2796,8.1,1,3,2,90,4.5,1,1
2797,7,0,1,0,69,4.5,0,0
2798,7.5,0,1,1,72,3.5,1,0
2799,7.9,1,1,0,80,3.8,0,0
2800,6.9,0,1,0,70,4.3,0,0
2801,8.8,1,3,2,90,4.8,1,1
2802,8.4,2,3,2,90,4.8,1,0
2803,8.3,1,3,2,87,4.4,1,1
2804,6.7,1,3,1,76,4.4,1,1
2805,7.4,1,1,1,77,4.1,0,0
2806,7.4,2,3,2,75,4.2,1,0
2807,6.7,1,1,0,74,3.9,1,0
2808,7.7,1,2,1,81,4.8,1,1
2809,7.5,0,1,1,67,4.4,1,0
2810,6.5,1,1,0,77,3.9,1,0
2811,6.5,1,2,1,89,4.6,1,0
2812,8.5,1,3,1,82,4.7,1,1
2813,7.9,1,2,2,90,4.2,1,1
2814,7.2,1,1,1,67,4.3,0,0
2815,7.4,2,2,1,74,3.8,1,0
2816,8.6,1,2,0,80,4.2,0,0
2817,8.5,0,3,2,90,4.7,1,1
2818,8.4,2,2,3,90,4.6,1,1
2819,7.5,1,1,1,79,3.2,1,0
2820,7.8,1,2,0,75,4.5,1,1
2821,8.1,2,3,2,90,4.8,1,1
2822,8.6,2,3,2,79,4.8,1,1
2823,7.6,1,3,1,86,4.6,1,0
2824,7.5,1,3,3,68,4.1,1,0
2825,7.3,1,1,0,84,4.5,1,0
2826,6.5,1,2,1,74,3.2,0,0
2827,6.6,0,1,0,61,3.8,0,0
2828,7.8,1,1,1,83,4,1,1
2829,7.5,1,1,1,60,3,0,0
2830,8.4,2,2,2,77,4.8,1,1
2831,7.1,2,3,2,88,4.5,1,1
2832,8,2,3,1,73,4.4,1,0
2833,7.2,1,3,2,80,4.6,0,1
2834,8.1,1,2,2,84,4.3,1,0
2835,6.6,1,2,0,60,4.7,1,0
2836,8.6,2,2,1,74,4,0,0
2837,6.8,1,1,1,71,4.3,1,0
2838,7.3,1,1,0,70,3.9,0,0
2839,7.9,1,2,1,86,4.8,1,0
2840,7.5,1,1,0,71,4,0,0
2841,8.2,2,3,2,90,4.7,1,1
2842,6.5,1,2,1,71,4.3,1,0
2843,8,1,2,0,86,4.8,1,0
2844,8.1,1,3,1,68,4.7,1,0
2845,8.4,2,3,2,79,4.4,0,0
2846,6.5,1,3,0,64,4.6,0,0
2847,8.4,1,3,0,87,4.3,1,0
2848,8.4,1,3,0,81,4.8,1,1
2849,8.4,2,3,1,80,4.6,1,0
2850,7.9,0,3,1,90,4.4,1,1
2851,6.8,1,2,0,67,3.2,0,0
2852,7.3,1,3,0,90,4.7,1,0
2853,7.7,1,1,0,72,4.2,0,0
2854,7.3,1,1,0,66,3.8,0,0
2855,8.5,2,3,0,89,4.8,1,1
2856,8.1,1,3,2,88,4.4,1,1
2857,8,2,3,2,90,4.8,1,1
2858,8.8,0,1,2,90,4.8,1,0
2859,8.1,2,3,2,90,4.7,1,1
2860,7.6,2,3,0,78,4.8,1,1
2861,8.4,2,3,0,90,4.8,1,1
2862,7.9,1,3,1,75,4.6,1,0
2863,8.3,2,2,2,90,4.7,0,0
2864,8.5,2,2,2,65,4.4,1,0
2865,8.4,2,3,2,90,4.8,1,1
2866,8.6,2,3,2,89,4.8,1,0
2867,7.7,1,3,1,76,4,0,0
2868,7.6,1,1,0,83,4,0,0
2869,8.2,2,3,2,81,4.8,1,1
2870,8,2,3,0,90,4.3,1,1
2871,6.5,1,1,0,78,4.5,1,0
2872,7.7,0,2,0,80,4.3,1,0
2873,8.3,2,3,2,90,4.8,1,1
2874,7.3,1,2,0,81,3.7,1,0
2875,6.5,0,3,0,72,4.1,1,0
2876,7.5,1,2,0,79,4.7,0,0
2877,7.8,1,2,0,78,4.8,1,0
2878,7.3,1,2,0,66,4.6,1,0
2879,7.6,0,1,0,88,4.3,1,0
2880,8.1,1,1,1,79,3.4,1,0
2881,7.9,2,3,2,90,4.8,1,1
2882,7.6,1,1,0,68,4.3,0,0
2883,8.2,2,3,1,85,4.6,1,1
2884,7.6,2,3,0,90,4.8,0,0
2885,8.1,2,2,0,84,4.8,1,1
2886,6.6,1,1,0,75,4.8,0,0
2887,8.3,1,2,2,90,4.8,1,1
2888,6.5,1,2,0,68,4.4,1,1
2889,6.5,1,1,1,79,4.2,0,0
2890,8.1,1,3,2,78,4.7,1,0
2891,6.5,1,2,1,63,4,0,0
2892,8.3,2,1,0,80,4.7,1,1
2893,7.3,0,3,2,89,4.5,1,1
2894,7.6,1,3,2,79,4.3,1,0
2895,6.7,1,1,1,82,4.3,1,0
2896,8.3,1,2,1,84,4.3,1,0
2897,7.5,0,1,0,72,4.1,0,0
2898,7.6,1,1,1,75,4.1,0,0
2899,8,2,3,2,89,4.8,1,1
2900,8.6,1,1,2,87,3.9,1,1
2901,8.4,2,2,2,86,4.8,1,1
2902,6.5,1,1,0,67,3.5,0,0
2903,8.2,1,3,3,82,4,1,0
2904,7.8,1,1,1,82,3.9,1,0
2905,6.7,1,1,0,76,4.2,1,0
2906,6.8,0,1,1,70,3,0,0
2907,8.3,2,3,2,90,4.8,1,1
2908,7.5,1,1,1,72,4.6,0,0
2909,7.4,1,1,1,77,3.9,1,0
2910,6.6,1,2,1,68,4.7,0,0
2911,8.4,1,3,0,82,4.1,1,0
2912,6.7,1,2,1,64,3.8,1,0
2913,7.8,2,3,2,83,4.8,1,0
2914,8.7,2,3,2,81,4.8,1,1
2915,6.6,1,1,0,71,4.5,0,0
2916,8.4,2,3,2,90,4.6,1,1
2917,8.1,0,1,0,71,4,1,0
2918,7.8,0,3,2,85,4.3,0,0
2919,8.2,2,3,2,90,4.8,1,1
2920,7.6,1,3,0,82,3.8,1,0
2921,7.7,1,1,1,71,4.4,1,0
2922,7.6,1,2,2,65,4.8,0,0
2923,8.4,1,3,0,82,4.8,1,1
2924,7.7,1,3,1,84,3.9,1,0
2925,6.6,0,3,0,86,4.8,0,0
2926,7.2,1,1,1,62,4,0,0
2927,7.5,0,2,1,69,4.5,1,0
2928,6.5,1,1,1,68,4.6,0,0
2929,8.3,2,3,0,85,4.7,1,0
2930,8.9,1,3,2,83,4.6,1,1
2931,7.3,1,1,1,68,3.3,1,0
2932,7.8,1,1,0,77,4.1,1,0
2933,7.5,1,1,0,68,3.7,0,0
2934,8.6,1,1,3,81,4.7,1,1
2935,7.5,0,2,0,63,4.5,1,1
2936,8.6,2,3,1,90,4.8,1,1
2937,6.9,1,1,0,67,4.1,1,0
2938,8.3,1,3,2,90,4.8,1,1
2939,7.9,0,1,1,73,4.1,1,0
2940,8.2,1,2,2,90,4.7,1,0
2941,7.9,1,1,0,72,3.6,0,0
2942,6.5,1,2,2,70,4.1,0,0
2943,7.7,1,1,0,67,3.6,0,0
2944,8.1,2,1,0,86,4.3,1,0
2945,8.2,2,3,2,83,3.8,1,0
2946,8,1,2,0,85,4.3,1,0
2947,7.9,1,3,2,88,4.5,0,1
2948,8.5,1,3,2,90,4.8,1,1
2949,6.7,1,1,0,71,4.3,1,1
2950,7.3,0,1,1,80,4.5,1,0
2951,8.1,1,3,2,90,4.8,1,1
2952,9.1,2,1,3,84,4.8,1,1
2953,8.6,1,3,2,89,4.6,1,1
2954,6.7,2,1,1,77,4.5,1,0
2955,7.9,1,2,0,66,4.5,1,0
2956,8.3,1,3,2,74,4.7,1,0
2957,8.6,1,3,2,82,4.8,1,1
2958,7.1,1,1,0,74,4.6,0,0
2959,7.3,1,1,0,77,4.3,1,0
2960,7.7,1,3,2,85,4.8,1,1
2961,8.5,1,3,0,74,4.3,1,1
2962,7.5,1,2,1,76,3.4,0,0
2963,6.5,0,2,1,72,3.9,1,0
2964,7,2,2,1,74,4.3,1,0
2965,7.8,1,3,1,90,4.4,1,1
2966,8.4,2,3,2,89,4.6,1,1
2967,6.7,2,1,1,75,4.6,0,0
2968,8.6,0,3,2,85,4.7,1,1
2969,8.1,1,2,2,84,4.5,1,1
2970,7.8,2,3,2,90,4.8,1,1
2971,6.5,1,1,1,83,4.7,0,0
2972,8.6,0,3,1,81,4.6,1,1
2973,8.1,1,3,2,70,4.7,1,1
2974,8.5,2,3,2,86,4.7,0,0
2975,6.5,0,2,1,80,3.9,0,0
2976,8.3,1,2,1,74,4.2,1,0
2977,7.6,2,3,0,90,4.8,1,1
2978,6.8,1,1,2,84,4.5,1,0
2979,8.1,0,2,0,75,4.3,1,0
2980,8.2,2,3,2,90,4.8,1,1
2981,7.8,2,3,3,82,4.3,1,0
2982,7.7,0,1,1,77,3.3,0,0
2983,8.7,1,2,1,90,4.6,1,1
2984,7.8,0,2,1,65,4.3,0,1
2985,8.3,1,2,2,83,4.2,1,1
2986,6.8,1,1,1,84,4.2,0,0
2987,7.4,1,1,0,77,4.2,1,0
2988,8.6,2,3,2,88,4.5,1,0
2989,6.5,1,1,1,60,3.4,0,0
2990,8.4,1,3,2,80,4.4,1,0
2991,8.3,2,3,2,86,4.8,1,1
2992,7.6,1,2,1,75,4.3,1,1
2993,7.5,1,2,0,67,4.2,0,0
2994,6.5,2,3,0,84,4.8,1,0
2995,6.5,0,1,1,90,3.7,1,0
2996,8.1,1,1,1,77,4.6,1,0
2997,6.7,1,2,1,85,4.4,1,0
2998,7.1,1,2,0,72,4.4,0,0
2999,8.4,2,3,2,90,4.7,1,1
3000,7.6,0,3,0,90,4.7,1,0
3001,6.5,1,1,0,79,4.4,1,0
3002,8.2,1,3,2,85,4.4,1,1
3003,6.5,1,1,1,64,3.4,0,0
3004,8.2,1,2,1,90,4.8,0,0
3005,8.7,2,3,2,90,4.8,1,1
3006,8.3,2,3,2,89,4.1,1,1
3007,7.9,1,2,2,83,4.5,0,1
3008,6.7,0,2,1,79,3.3,0,0
3009,7.6,0,1,0,69,4.7,0,0
3010,8.2,2,3,2,90,4.8,1,1
3011,6.5,1,2,1,82,4.4,1,0
3012,8.3,1,2,1,81,4,1,0
3013,8.3,1,3,1,73,4.5,1,1
3014,6.5,2,3,0,88,4.5,0,0
3015,7.6,1,2,1,73,4.3,1,0
3016,6.5,1,1,1,71,4.1,0,0
3017,6.5,1,1,0,79,4.4,1,0
3018,8.1,2,2,2,90,4.6,0,0
3019,7.6,2,2,2,81,4.3,1,0
3020,8.3,2,3,2,87,4.7,1,1
3021,7.5,0,1,1,62,3.7,0,0
3022,7.7,1,3,2,78,4.1,1,1
3023,7.7,0,2,2,72,4.8,0,0
3024,8.8,2,3,2,90,4.8,1,1
3025,6.5,1,2,1,80,4.8,0,0
3026,7.3,1,2,3,85,4.3,1,0
3027,6.5,0,1,0,80,4.3,0,0
3028,7.7,1,3,2,83,4.8,1,1
3029,8.7,1,3,2,72,4.8,1,1
3030,7.6,1,3,0,75,4,1,0
3031,7.8,1,1,0,74,3.8,0,0
3032,8,1,3,2,88,3.9,0,1
3033,7.8,1,3,1,80,4.2,1,0
3034,7.4,1,1,1,79,4,0,1
3035,7.3,1,3,0,87,4.3,1,1
3036,8,2,3,3,84,4,1,0
3037,7.3,1,1,1,66,4.4,0,0
3038,7.4,1,2,1,66,4.3,0,0
3039,8.3,1,2,2,87,4.3,1,1
3040,8.3,1,3,1,83,4.1,1,0
3041,8.9,0,2,1,79,4.6,0,0
3042,7.9,1,1,0,68,3.9,0,0
3043,7.5,1,1,0,73,4,0,0
3044,8.3,1,2,0,78,4.4,1,0
3045,7.6,2,1,2,79,4.4,1,0
3046,6.5,0,1,1,64,4.5,1,0
3047,7.6,0,1,0,71,4,1,0
3048,8.3,1,2,2,78,4.4,1,1
3049,8.4,2,3,2,90,4.8,1,1
3050,7.8,2,3,2,90,4.5,1,1
3051,8.2,1,1,1,76,3.5,1,1
3052,8.6,1,3,0,77,4,1,0
3053,7.4,0,1,1,82,4.5,1,0
3054,7.4,1,2,2,77,4.6,1,1
3055,8.4,2,2,2,78,4.1,1,1
3056,8.5,2,3,2,85,4.8,1,1
3057,6.5,1,1,1,76,3.9,1,0
3058,8.3,2,3,2,87,4.8,1,1
3059,7.3,1,2,1,70,4,0,0
3060,7.7,1,1,0,67,4.4,1,0
3061,8.2,2,2,2,76,4.3,1,1
3062,8.1,2,3,2,89,4.8,1,0
3063,6.5,1,1,0,70,4.1,1,0
3064,8.8,2,3,2,90,4.6,1,1
3065,8.6,2,3,2,90,4.8,1,1
3066,6.5,1,2,1,79,3.9,1,0
3067,8.1,0,1,0,70,3.6,1,0
3068,6.9,1,2,1,68,3.8,1,0
3069,8.7,2,3,2,89,4.5,1,1
3070,7.2,1,1,1,63,3.9,0,0
3071,6.5,1,1,0,78,3.9,1,0
3072,6.5,1,3,0,83,4.8,0,0
3073,8.2,1,3,2,83,4.3,0,0
3074,7.9,2,3,2,90,4.7,1,1
3075,8.7,2,3,2,86,4.8,1,1
3076,7.7,0,3,2,90,4.5,1,1
3077,8,0,2,2,75,3.8,0,0
3078,7.7,1,1,1,90,4.1,1,1
3079,6.5,2,3,2,79,3.7,1,1
3080,6.5,1,2,0,73,4.5,1,0
3081,7.9,1,3,2,82,4.4,1,0
3082,8.2,1,1,0,75,4.5,0,0
3083,8.3,1,3,2,74,4.4,1,1
3084,8.7,1,3,1,71,4.8,1,1
3085,7.7,1,1,1,68,4.2,1,0
3086,8.3,2,3,2,90,4.8,1,1
3087,7.7,1,1,0,81,4.3,0,1
3088,6.6,0,2,2,77,4.2,1,0
3089,7.7,1,1,2,69,4.7,1,0
3090,7.1,1,1,1,72,3.9,0,0
3091,6.5,1,1,0,74,3.6,1,0
3092,8.1,1,2,0,90,4.6,1,1
3093,6.7,2,1,1,69,3.8,1,0
3094,7.4,1,2,1,66,3.5,0,0
3095,7.6,1,2,0,65,4.8,1,0
3096,8.4,2,3,0,90,4.7,1,1
3097,7.8,1,1,0,78,4.4,0,0
3098,8.5,1,3,2,90,4.8,1,1
3099,7.6,1,1,1,60,4.4,1,0
3100,7.7,1,1,0,81,3.9,1,0
3101,8.8,2,3,2,90,4.8,1,1
3102,7.7,1,1,1,82,3.8,0,0
3103,7.6,1,1,1,81,4.5,1,0
3104,7.9,2,1,1,80,4.7,1,1
3105,8.7,2,3,1,90,4.8,1,0
3106,6.7,1,1,0,75,4.1,0,0
3107,7,1,2,1,83,4.8,1,0
3108,7.6,1,1,0,62,4.2,1,0
3109,7,1,3,2,75,4.4,1,1
3110,7.4,1,2,1,75,4.3,1,0
3111,7.1,1,1,2,71,4.2,1,0
3112,8.1,2,3,0,66,4.2,0,0
3113,7.6,1,1,1,62,3.8,1,0
3114,8.3,1,3,2,89,4.8,1,1
3115,6.8,1,1,0,69,4,0,0
3116,7.4,0,1,1,67,3.4,0,0
3117,7.2,1,2,1,72,4.4,1,0
3118,7.9,1,3,1,82,4.1,1,0
3119,8.1,1,2,1,85,4.7,1,0
3120,7.7,1,2,2,85,4.8,1,1
3121,7.4,1,1,0,68,3.5,0,0
3122,6.6,0,1,2,79,4.2,0,1
3123,7.6,1,2,0,80,3.8,1,0
3124,8,1,2,2,73,4.4,0,0
3125,6.9,1,1,1,65,4.4,1,0
3126,8.3,1,3,1,87,4.4,1,1
3127,8.6,1,3,1,85,4.8,0,0
3128,7.4,1,1,1,70,3.7,0,0
3129,6.9,0,2,0,63,4.3,0,0
3130,7.3,0,1,0,75,3.9,1,0
3131,8.5,1,2,2,79,4.3,1,1
3132,7.7,0,2,0,77,4.6,1,0
3133,7.6,0,1,1,71,3.9,1,0
3134,7.2,1,1,0,76,4,1,0
3135,8.2,2,1,1,75,3.7,1,0
3136,7.5,1,2,0,81,4,1,1
3137,8,2,3,2,88,4.6,1,1
3138,7.6,0,3,0,82,4.4,0,0
3139,8.3,1,2,0,78,4.5,1,0
3140,7.4,1,2,2,77,3.7,1,0
3141,7.8,1,2,1,77,4.6,1,1
3142,7.5,0,1,0,66,4.2,0,0
3143,8.7,2,3,2,90,4.8,1,1
3144,8.2,0,3,0,90,4.4,1,1
3145,7.6,1,3,0,81,4.7,1,1
3146,7.8,1,1,1,79,3.8,0,1
3147,8.1,1,2,2,83,4.5,1,0
3148,8,1,3,2,90,4.8,1,0
3149,8.3,2,2,2,76,4.6,1,1
3150,6.5,1,1,0,70,4.4,1,0
3151,7.9,0,3,0,87,3.9,1,0
3152,7.7,0,3,0,88,4.8,1,1
3153,8.1,2,3,2,86,4.7,1,1
3154,7.4,1,1,0,77,4.5,1,0
3155,7.9,2,3,2,90,4.8,0,1
3156,6.6,0,1,0,73,4.3,1,0
3157,6.5,0,1,0,71,3.9,1,0
3158,7.4,1,3,1,71,4.4,0,0
3159,8.1,1,2,0,77,4.8,1,1
3160,6.5,0,1,0,70,4.2,0,0
3161,8.1,2,3,2,89,4.8,0,1
3162,7.3,0,3,0,83,4.3,0,0
3163,8.1,1,1,0,68,4.4,0,1
3164,6.5,1,1,0,88,4,1,1
3165,6.8,0,1,0,72,4,1,1
3166,7.8,1,1,0,90,4.3,1,1
3167,8.3,1,2,0,83,4.2,0,0
3168,7.8,0,3,0,81,4.2,1,0
3169,7.7,1,2,0,82,4.1,0,0
3170,7.9,1,1,1,67,3.3,1,0
3171,6.5,0,3,2,84,4.4,1,1
3172,8.4,0,3,2,81,4.8,1,0
3173,6.5,2,1,1,76,4.8,0,0
3174,8.1,2,3,3,85,4.8,0,0
3175,8,1,1,0,70,4.3,0,0
3176,8.3,1,2,1,77,4.6,1,1
3177,6.8,1,2,0,67,4.1,1,0
3178,7.4,0,2,0,74,4.1,1,1
3179,7.6,1,1,0,80,3.6,0,0
3180,7.3,1,1,0,61,3.3,0,0
3181,7.7,1,1,0,69,4.4,0,0
3182,7.8,1,3,1,88,4,1,0
3183,8.4,0,2,3,82,4.4,1,1
3184,7.9,1,3,2,88,4.8,1,0
3185,6.8,1,2,0,80,3.8,1,1
3186,8.4,2,3,2,90,4.8,1,1
3187,7.9,1,2,1,77,4.3,0,1
3188,8.2,1,1,1,68,3.7,0,0
3189,7.6,1,1,0,73,4.3,1,0
3190,7.6,1,2,0,76,4.8,1,0
3191,8.3,1,2,0,69,4.4,1,0
3192,8.5,1,3,2,90,4.8,1,1
3193,7.4,1,1,0,64,3.7,0,0
3194,8.1,2,2,0,78,4.8,0,0
3195,8,2,3,2,79,4.3,0,0
3196,7.6,0,1,0,75,4.3,1,0
3197,7.6,2,3,1,89,4.5,0,1
3198,8.4,0,1,2,76,3.4,1,1
3199,8.1,2,3,2,85,4.5,1,1
3200,8.3,1,3,3,90,4.8,1,1
3201,7.5,1,3,0,85,4.6,1,1
3202,8.2,2,3,2,81,4.5,1,1
3203,8.4,1,2,0,76,4.7,1,0
3204,8.6,2,3,2,90,4.7,1,1
3205,7.5,0,2,1,74,4.5,1,1
3206,8.7,2,3,2,90,4.8,1,0
3207,8.2,1,3,1,86,4.3,1,1
3208,7.6,0,2,0,79,3.8,1,0
3209,7.7,1,1,1,68,3.8,0,0
3210,6.5,1,2,1,69,4.1,1,0
3211,8.4,2,3,0,74,4.3,1,0
3212,6.8,0,1,1,63,3.7,0,0
3213,7.5,1,2,2,82,4.1,1,0
3214,7.9,1,1,0,76,3.3,0,0
3215,8.6,1,3,2,87,4.8,1,1
3216,7.8,0,3,2,89,4.7,1,1
3217,7.5,2,2,0,70,4.4,1,0
3218,8.1,2,3,2,89,4.5,1,0
3219,6.7,1,1,1,67,4.7,1,1
3220,8.1,2,3,2,90,4.5,1,1
3221,6.5,0,2,1,79,4.3,0,0
3222,8.3,1,3,2,83,4.6,0,1
3223,6.6,0,1,0,79,4.4,1,0
3224,7.8,0,3,2,82,4.5,1,1
3225,7.5,0,1,0,60,3.8,0,0
3226,7.5,1,2,0,76,3.4,1,0
3227,8.2,2,1,2,74,3.9,0,0
3228,8.3,2,3,3,90,4.8,1,1
3229,8.4,1,1,0,84,4.7,0,0
3230,8.3,2,1,1,79,4.2,0,0
3231,8.5,2,3,2,84,4.8,1,1
3232,8.4,2,2,0,74,4.3,0,1
3233,7.1,1,1,0,79,4.6,0,0
3234,7.6,2,2,3,86,4.8,1,1
3235,8.8,1,3,0,88,4.4,1,0
3236,8.3,1,3,2,90,4.5,1,1
3237,8.4,2,3,2,90,4.8,1,1
3238,8.2,0,3,2,90,4.7,0,1
3239,8.1,2,2,1,75,3.8,0,0
3240,6.5,1,1,0,74,3.5,0,0
3241,7.6,1,1,0,77,4.4,0,0
3242,8.3,1,3,0,76,3.8,1,1
3243,7.1,1,2,0,89,4.7,0,0
3244,7.5,0,1,1,67,3.6,0,0
3245,7.7,0,3,1,68,4.4,0,0
3246,8.3,2,3,2,79,4.7,1,1
3247,6.5,1,1,0,69,3.4,0,0
3248,8.4,1,3,0,76,4.7,1,1
3249,8.1,2,1,1,90,4.4,0,1
3250,7.6,2,2,2,90,4.1,1,1
3251,8.3,1,3,2,90,4.8,1,1
3252,7.4,2,2,0,81,4.7,1,0
3253,7.7,1,2,1,69,4.8,1,1
3254,7.6,1,1,0,83,3.7,1,0
3255,7.6,1,1,1,73,4.1,0,0
3256,8.8,2,3,2,90,4.8,1,1
3257,7.7,1,3,0,89,4.8,1,1
3258,7.3,0,1,2,75,4.5,1,1
3259,6.7,0,1,1,66,3.9,1,0
3260,6.5,1,1,0,75,3.5,0,0
3261,6.6,1,1,0,76,4.4,0,0
3262,7.1,0,1,0,69,4.2,1,1
3263,8.6,1,2,2,80,4.8,1,0
3264,8.3,2,3,2,90,4.6,1,1
3265,8.1,1,3,2,78,4.8,1,0
3266,7.6,0,1,1,77,3.4,0,0
3267,7.4,1,3,1,89,3.6,1,0
3268,7.5,1,2,1,71,4,1,0
3269,8.2,2,3,2,82,4.5,1,1
3270,8.5,1,1,1,71,3.8,1,0
3271,8.4,2,3,2,90,4.6,1,1
3272,7.4,1,1,0,75,4.3,0,0
3273,6.6,1,1,1,68,4.1,1,0
3274,8.6,2,3,2,84,4.7,1,1
3275,8.2,2,3,2,89,4.8,1,1
3276,7.8,1,2,1,89,4.8,1,0
3277,7.4,1,1,1,75,4.2,1,0
3278,8.2,1,3,2,90,4.7,1,1
3279,8.3,2,2,0,76,3.9,0,0
3280,8.5,1,3,0,90,4.1,1,1
3281,6.5,1,1,2,90,4.8,0,0
3282,8.4,1,2,2,88,4.1,1,1
3283,8.7,1,1,0,83,4.3,0,1
3284,8.1,0,2,1,79,4.4,0,1
3285,6.6,0,1,0,88,4.3,1,0
3286,7.2,1,1,2,74,4.7,0,0
3287,7.4,1,2,0,78,3.9,1,0
3288,7.5,1,1,1,68,3.8,0,0
3289,8.2,1,3,2,88,4.4,0,0
3290,7.4,1,1,1,66,4.2,1,0
3291,7.7,0,2,0,70,3.6,1,0
3292,8.3,0,3,2,90,4.8,1,1
3293,6.5,1,2,0,83,4.5,0,0
3294,7.5,1,1,1,64,4.3,0,0
3295,8.1,2,3,2,82,4.3,1,0
3296,8.7,1,3,1,88,4.6,1,1
3297,8.3,1,3,2,85,4.2,1,1
3298,6.5,0,2,0,69,3.6,1,0
3299,8.3,2,3,2,90,4.8,1,1
3300,7.1,1,3,2,76,4.8,1,1
3301,6.5,0,1,1,74,4.1,0,0
3302,6.9,1,3,1,79,4.2,1,0
3303,6.5,1,1,1,76,4.6,1,0
3304,7.5,0,1,0,75,3.7,0,0
3305,7.5,1,1,0,75,3.7,0,0
3306,7.9,1,1,0,87,4.4,1,1
3307,7.5,1,2,1,60,3.4,1,0
3308,8.3,1,3,2,90,4.7,1,0
3309,8.2,0,3,2,90,4.8,1,1
3310,7.6,1,1,1,83,4.2,1,1
3311,8.5,0,3,2,90,4.7,1,1
3312,8.6,2,2,2,90,4.8,1,1
3313,8.5,1,3,2,90,4.3,1,1
3314,6.5,1,2,1,70,3.9,0,0
3315,8.9,1,3,0,84,4.5,1,1
3316,7.3,1,1,1,66,3.8,1,0
3317,7.9,1,2,1,87,4.4,0,0
3318,7.3,1,1,1,77,3.8,1,0
3319,6.5,1,1,1,78,3.6,1,0
3320,7.9,2,3,2,89,4.8,1,1
3321,7.8,1,2,2,77,4.8,1,1
3322,6.7,1,1,0,63,4,1,0
3323,8.3,2,3,2,70,4.2,1,0
3324,7,1,2,1,78,4.8,1,0
3325,8.3,1,3,2,90,4.8,1,1
3326,6.5,1,1,1,68,3.4,0,0
3327,6.8,1,1,1,72,4.8,1,0
3328,6.5,0,1,0,86,4.5,0,0
3329,6.5,1,2,1,88,4.5,1,1
3330,8,0,3,2,87,3.8,0,1
3331,7.5,1,1,1,66,4,0,0
3332,8.1,1,1,0,77,4.8,0,1
3333,7.4,0,1,0,60,3,0,0
3334,6.5,2,1,1,83,3.6,1,0
3335,6.5,1,2,2,90,4.5,1,1
3336,7.6,1,1,1,70,4.4,1,0
3337,6.5,1,2,1,80,4.2,0,0
3338,7.9,1,3,1,84,4.1,1,1
3339,8.2,1,2,0,75,4.5,1,1
3340,6.8,0,1,0,67,3.6,0,0
3341,8.4,0,2,1,87,4.4,1,1
3342,7.9,2,3,3,82,4.6,1,1
3343,7,1,1,1,78,4.7,0,0
3344,7.7,1,2,0,77,4.3,1,1
3345,7.4,0,2,0,71,3.8,0,0
3346,8.4,2,3,2,87,4.5,1,1
3347,6.5,1,2,0,72,4.1,0,0
3348,7.6,1,1,1,67,4.5,0,0
3349,7.1,1,1,0,77,4.1,1,0
3350,7.5,1,1,2,68,4.6,0,0
3351,6.5,1,1,0,75,3.9,0,0
3352,7.9,1,2,0,84,4.6,0,1
3353,6.5,1,1,1,83,3.8,0,1
3354,8.1,2,3,3,90,4.6,1,1
3355,8.3,1,3,2,90,4.5,1,1
3356,8.7,1,3,2,86,4.7,1,0
3357,7.5,0,2,0,74,3.7,1,0
3358,7.7,2,1,0,85,4.4,0,1
3359,6.8,1,1,0,76,4.3,0,0
3360,8.5,1,3,1,82,4.7,1,1
3361,7.9,0,2,0,70,4.7,1,1
3362,7.4,1,1,0,85,3.7,0,0
3363,8.1,1,2,0,79,4.1,1,1
3364,8.5,0,1,0,74,4.3,1,0
3365,6.6,1,3,2,90,4.3,1,1
3366,8.4,2,2,2,83,4.5,1,1
3367,7.3,0,2,1,71,4.4,0,0
3368,8.5,2,3,2,90,4.8,1,1
3369,8.5,2,3,2,88,4.8,1,1
3370,8.4,2,3,2,86,4.4,1,1
3371,8.2,2,3,2,90,4.7,0,1
3372,8.1,1,3,1,76,4.2,1,1
3373,7.4,1,1,2,85,4.4,0,1
3374,7.7,0,1,0,81,4.8,0,0
3375,7.4,1,1,1,68,3.9,1,0
3376,8.2,1,2,2,90,4.8,1,1
3377,8.2,2,3,2,87,4.6,0,1
3378,7.6,0,3,0,90,4.8,1,1
3379,7.5,2,2,0,73,3.3,0,0
3380,8.4,2,1,2,86,4.4,1,1
3381,8,1,2,0,87,3.6,1,0
3382,8.5,2,3,2,85,4.4,1,0
3383,7.3,0,3,0,77,4.6,1,0
3384,8.3,1,2,0,80,4.8,1,1
3385,8.6,0,1,0,77,4.1,1,0
3386,7.5,1,1,1,70,3.6,1,0
3387,8.8,2,1,2,83,4.8,1,1
3388,8.3,2,3,2,84,4.8,1,1
3389,6.6,0,1,3,75,3.9,0,0
3390,7.9,2,3,2,90,4.6,1,1
3391,6.7,1,1,0,75,4.1,1,0
3392,8,1,2,1,82,4.4,1,1
3393,7.4,2,2,2,87,4,1,1
3394,7.7,2,2,1,74,4.6,0,0
3395,7.1,1,3,2,86,4.8,1,0
3396,8.5,2,3,2,88,4.6,0,1
3397,6.5,0,1,1,70,4.2,0,0
3398,7.2,2,1,1,78,4.3,1,1
3399,7.9,0,1,0,80,4.5,1,1
3400,7.5,1,3,0,71,4,0,0
3401,7.7,2,3,2,86,4.6,1,1
3402,6.9,0,3,2,78,4.3,1,1
3403,7.6,1,2,0,80,4.4,0,0
3404,8.7,1,3,0,77,3.5,1,1
3405,8.5,2,1,2,77,4.5,1,1
3406,8.2,1,2,0,87,4.2,1,0
3407,8.1,2,3,2,78,3.4,1,1
3408,7.9,1,3,2,90,4.7,1,1
3409,7.8,2,3,2,90,4.8,1,1
3410,8,2,1,0,82,4.6,1,1
3411,8.3,1,2,1,71,4,1,0
3412,8.6,1,2,3,75,4.5,1,1
3413,7.6,0,1,0,64,3.7,0,0
3414,7.5,1,1,1,72,4,1,0
3415,6.6,1,1,0,73,4.6,0,0
3416,8.1,2,2,1,86,4.4,1,1
3417,7.7,2,3,0,83,4.6,0,0
3418,8.1,1,3,2,90,4.6,1,1
3419,8,1,3,2,85,4.8,1,1
3420,8.1,2,1,1,87,4.1,1,0
3421,7.6,1,2,1,90,4.5,1,0
3422,8.4,2,1,2,87,4.5,0,1
3423,6.6,0,1,1,81,3.5,1,0
3424,6.7,1,1,0,76,4.6,0,1
3425,8.3,0,3,2,78,4.1,1,1
3426,8.3,1,2,1,80,4.7,1,0
3427,7,1,2,0,89,4.6,0,0
3428,6.7,1,3,0,74,4.5,1,0
3429,8.4,1,3,2,83,4.8,1,1
3430,8.1,0,3,2,89,4.8,1,1
3431,7.3,0,1,0,75,3.7,0,0
3432,8.2,0,3,2,79,3.9,1,0
3433,7.7,1,3,0,90,4.3,1,1
3434,8.5,1,3,2,75,4.1,1,1
3435,6.8,1,2,0,78,3.8,1,0
3436,7.9,2,3,2,85,4.4,1,1
3437,8.5,0,3,0,83,4.8,1,0
3438,7.6,1,1,0,66,3.2,0,0
3439,7.3,1,3,0,87,4.6,0,0
3440,7.5,0,1,0,67,4.5,0,0
3441,8.2,0,3,2,86,3.9,1,0
3442,8,1,1,0,81,4.6,1,0
3443,7.8,1,3,2,90,4.8,1,1
3444,8.6,1,3,2,79,4.3,1,1
3445,8.2,2,3,2,75,4.2,1,1
3446,8.3,2,3,2,89,4.7,1,1
3447,7.4,0,1,0,66,4.2,0,0
3448,8.5,0,3,2,90,4.8,1,1
3449,7.4,1,3,1,83,4.3,1,1
3450,8.4,2,3,3,90,4.7,1,1
3451,7.3,1,1,0,76,4.3,1,0
3452,7,0,1,1,67,4.1,1,0
3453,6.7,0,2,1,73,4.2,1,0
3454,7.6,1,2,0,65,4.3,1,0
3455,7.5,1,2,3,76,3.7,1,0
3456,7.3,0,2,0,79,3.8,1,0
3457,7.3,0,1,0,60,3.2,0,0
3458,7.7,0,1,1,60,4.7,0,0
3459,8.2,2,3,2,87,4.6,1,1
3460,8,1,2,1,73,4.4,1,1
3461,7.6,1,1,1,75,4.1,1,0
3462,7.8,1,2,2,77,4.3,0,0
3463,8.5,2,3,2,90,4.8,1,1
3464,7,1,2,0,89,4.1,0,0
3465,7.7,0,2,1,81,4.1,1,0
3466,7.7,1,1,0,70,4.8,1,0
3467,7,1,2,0,68,4,1,0
3468,8.2,2,3,2,90,4.7,1,1
3469,7.4,1,1,1,67,3.3,0,0
3470,8.3,2,3,2,88,4.7,1,0
3471,8.5,2,3,2,90,4.8,1,1
3472,6.7,0,3,2,88,4.7,1,1
3473,7.4,1,1,0,70,3.7,1,0
3474,8.2,1,3,0,84,4.7,1,1
3475,7.7,2,2,3,83,4.3,1,0
3476,8.2,1,3,2,90,4.8,1,1
3477,8.7,2,3,2,89,4.8,1,1
3478,8.2,1,1,0,77,4.1,1,0
3479,7.6,1,1,1,71,4.2,0,0
3480,7.9,2,3,2,89,4.4,1,1
3481,6.7,1,1,0,89,4.6,0,0
3482,7.8,0,2,0,78,4.8,1,1
3483,8.3,2,3,2,90,4.8,1,1
3484,8.3,1,2,2,89,4.8,1,1
3485,7.7,0,2,0,76,4.7,0,1
3486,7.6,1,2,2,70,4.5,0,0
3487,7,1,1,2,75,4.4,0,0
3488,6.5,1,1,0,67,3.9,0,0
3489,7.6,1,3,2,83,4.5,1,0
3490,6.7,1,1,0,81,4.1,0,0
3491,7.9,2,3,2,86,4.8,1,0
3492,7.5,0,1,0,70,3.8,0,0
3493,7.8,2,3,0,89,4.5,1,1
3494,7.5,1,2,1,82,4.7,1,0
3495,8.4,2,3,2,89,4.4,1,0
3496,7.8,0,3,0,78,4.4,0,1
3497,7.7,2,3,2,87,4.8,1,1
3498,6.5,0,1,0,81,4.2,0,0
3499,8.3,0,3,0,84,4.4,0,1
3500,7.7,1,1,1,79,4,1,0
3501,6.5,1,2,0,69,4,0,0
3502,8.5,2,3,2,90,4.8,1,1
3503,8.3,2,3,2,90,4.8,0,1
3504,7.6,1,1,0,65,3.1,0,0
3505,8.7,1,3,2,90,4.8,1,1
3506,7.3,1,1,0,66,4.3,1,0
3507,6.5,0,1,0,79,4.3,0,0
3508,8.7,2,3,3,90,4.6,1,1
3509,6.7,1,2,2,83,4.8,0,1
3510,8.1,1,2,2,83,4.4,1,1
3511,7.2,1,1,3,75,3.5,0,0
3512,7.6,1,1,0,70,3.8,1,0
3513,6.5,1,3,0,76,4.4,0,0
3514,8,0,1,1,81,4,0,0
3515,7.9,1,1,1,63,4.2,0,0
3516,7.6,1,2,0,75,3.5,1,0
3517,7.7,0,1,0,81,4.3,1,0
3518,7.5,1,3,0,86,4.5,1,1
3519,7.2,1,1,0,70,3.7,0,0
3520,8.4,2,3,2,90,4.8,1,1
3521,8.6,1,3,1,88,4.8,1,1
3522,7.8,1,1,2,65,4.1,0,0
3523,7.7,1,1,1,69,4,1,0
3524,7.8,2,3,2,90,4.8,1,1
3525,8.2,1,2,2,77,4.4,1,1
3526,6.7,1,1,1,83,4.3,0,0
3527,8.6,2,3,2,90,4.8,1,1
3528,7.8,2,3,2,90,4.5,1,1
3529,6.8,1,1,1,60,3.9,0,0
3530,8,2,3,2,89,4.8,1,1
3531,8.4,0,3,0,84,4.2,1,1
3532,7.6,1,2,0,71,4.5,1,1
3533,8.2,2,3,2,90,4.8,1,1
3534,8.1,2,3,1,81,4.8,1,0
3535,7.4,0,1,1,76,4.3,1,0
3536,8.4,1,1,0,90,4.7,1,1
3537,8.2,1,3,0,80,4.7,1,1
3538,8.4,1,1,0,74,4.3,1,0
3539,8.2,1,1,0,79,4.5,1,1
3540,8.6,2,3,0,71,4.2,1,1
3541,8.6,1,3,0,89,4.7,1,1
3542,6.5,0,1,0,61,3.7,0,0
3543,6.6,1,1,0,64,3.2,1,0
3544,6.8,0,2,1,71,4,0,0
3545,8.4,1,1,2,83,4.5,1,0
3546,7.6,0,1,2,71,3.9,1,0
3547,7.7,1,1,1,66,4.1,1,0
3548,7.5,1,1,0,70,4.8,0,0
3549,8.2,0,3,2,81,4.3,0,0
3550,8.5,1,3,2,82,4.8,1,1
3551,7.8,1,1,0,74,4.5,0,0
3552,7.5,2,2,1,90,4.2,1,0
3553,7.2,0,2,1,86,4.2,1,0
3554,8.4,2,1,2,78,4.1,1,0
3555,8.7,2,2,2,73,4.1,1,0
3556,6.6,1,1,1,80,4.4,1,0
3557,8,2,3,0,82,4.8,1,1
3558,7.7,1,2,0,82,4.1,1,0
3559,6.9,1,2,0,79,4.2,1,0
3560,6.8,1,2,0,82,4,1,0
3561,6.5,2,3,2,86,4.4,1,0
3562,8.3,1,1,0,78,3.7,1,0
3563,7.2,0,1,0,66,3.3,0,0
3564,6.6,1,2,0,68,3.6,0,0
3565,8.5,1,3,0,86,4.6,0,1
3566,7.5,1,1,1,79,4.4,1,0
3567,8.2,2,1,2,90,4.8,0,0
3568,8.1,2,3,0,86,3.5,1,1
3569,7.8,2,3,2,90,4.8,1,1
3570,8.3,2,3,2,90,4.8,1,1
3571,8.4,2,3,0,90,4.5,1,1
3572,7.1,2,1,1,77,4.4,1,1
3573,7.6,1,3,0,70,4.8,1,0
3574,8.5,2,3,2,90,4.7,1,1
3575,7.7,1,1,1,67,4.4,0,0
3576,8.6,2,3,2,90,4.8,1,1
3577,8.1,1,3,0,77,4.3,1,0
3578,8.5,2,3,2,90,4.8,1,1
3579,8.5,2,3,0,88,4.7,1,1
3580,8.3,0,1,2,75,4.2,1,0
3581,8.3,2,3,2,90,4.5,1,0
3582,7.4,1,1,1,81,3.5,1,0
3583,7.4,0,1,0,70,3.2,1,0
3584,8,2,3,0,85,4.7,0,1
3585,6.5,0,1,0,72,3.7,1,0
3586,7.7,1,2,0,77,4.3,1,0
3587,7.5,1,2,1,73,4.2,1,0
3588,7.4,1,2,1,82,4,0,0
3589,7.2,2,1,3,84,3.9,1,0
3590,7.5,0,1,0,75,4.1,1,1
3591,8.4,1,1,3,89,4.4,1,1
3592,6.7,1,1,1,60,3.3,1,1
3593,8.1,1,2,1,90,4.7,1,0
3594,6.5,1,1,0,83,3.9,1,0
3595,7.7,0,1,0,77,4.1,1,1
3596,8.6,1,3,0,88,4.8,1,1
3597,7.8,1,1,0,82,4.6,1,1
3598,7.3,2,3,2,90,4,0,1
3599,6.9,0,3,0,85,4.8,0,0
3600,7.9,1,3,1,80,4.3,1,0
3601,7.8,0,2,2,85,4.7,1,1
3602,7.8,0,1,2,76,4.3,0,0
3603,8.5,0,3,0,81,4.1,0,0
3604,6.9,2,1,2,90,4.8,1,1
3605,6.8,0,1,2,77,3.6,1,0
3606,7.8,1,3,0,74,4.2,0,0
3607,7.9,1,2,1,82,4.5,1,0
3608,8.2,1,1,2,79,4.2,0,0
3609,7.9,1,1,0,78,3.9,1,0
3610,7.3,2,2,0,66,4.1,1,0
3611,6.5,1,1,0,85,3.6,0,0
3612,8.3,2,3,0,90,4.6,1,0
3613,8.2,2,2,2,87,4.4,1,1
3614,7.6,1,2,0,82,4.3,1,0
3615,7.8,1,2,1,81,4.6,1,0
3616,6.9,2,3,1,77,4.3,1,1
3617,8,2,1,2,89,4.8,0,0
3618,6.7,0,3,2,90,4.8,1,1
3619,8.3,0,3,0,87,4.6,1,1
3620,7.6,1,1,1,79,4.3,1,0
3621,7.3,0,1,1,69,4.6,0,0
3622,7.2,1,2,1,75,4.6,1,0
3623,7.5,1,1,1,78,3.9,0,0
3624,6.6,1,2,0,83,4.2,1,0
3625,6.5,1,3,1,73,4.2,1,0
3626,6.5,2,1,2,68,4.2,0,0
3627,6.7,1,2,0,73,4,1,1
3628,7.9,1,3,0,75,4.1,0,0
3629,8.3,2,3,2,90,4.4,1,1
3630,8.2,1,3,2,90,4.8,1,1
3631,6.5,1,2,1,78,3.8,0,0
3632,7.6,1,1,1,70,4.7,1,0
3633,8.5,2,3,1,68,4,1,0
3634,7.9,2,3,2,82,4.6,0,0
3635,7.6,2,1,2,77,4.2,0,0
3636,7.4,1,1,1,71,4.4,1,0
3637,8.2,1,2,3,68,4.4,1,1
3638,6.6,1,2,2,83,4.6,1,0
3639,8.4,2,3,2,85,4.7,1,0
3640,8.3,0,3,2,81,4.6,1,1
3641,7.5,1,1,0,71,4.1,1,0
3642,7.4,1,2,0,84,4.5,1,0
3643,8.1,2,3,1,90,4.4,1,1
3644,7.9,1,3,0,78,4.4,0,0
3645,6.6,1,3,0,83,4.8,1,1
3646,7.9,2,3,0,81,4.6,1,0
3647,8.5,2,3,1,70,3.9,1,0
3648,8.2,1,1,3,83,4,1,1
3649,7,1,1,0,65,4.6,1,0
3650,7.1,2,3,0,80,4.3,1,1
3651,7.6,2,1,1,74,3.7,1,0
3652,8.4,2,3,2,90,4.7,1,1
3653,8.2,1,1,1,74,3.7,1,1
3654,8.2,1,3,2,90,4.8,0,1
3655,8.3,2,3,1,83,4.1,1,0
3656,7.4,1,1,1,70,3.8,0,0
3657,7.8,1,2,0,83,4.8,1,1
3658,8.4,1,1,1,67,3.5,1,0
3659,6.5,1,2,1,69,3.7,0,0
3660,8.4,2,3,2,90,4.8,1,1
3661,8.4,2,1,2,90,4.8,1,1
3662,8.4,1,1,0,80,4.6,1,0
3663,7.8,0,1,1,79,4.7,1,1
3664,7.3,1,2,0,82,4.6,1,0
3665,6.6,1,1,0,78,3.7,1,0
3666,8.5,1,3,2,88,4.7,1,1
3667,8.2,1,2,2,89,4.8,1,1
3668,8.4,2,3,2,90,4.8,1,1
3669,8.2,2,3,2,85,4.8,0,0
3670,7.7,1,3,2,90,4.5,1,1
3671,7.5,1,3,1,78,4,0,0
3672,8.8,2,3,2,90,4.8,1,1
3673,8.4,2,1,2,85,4.1,1,1
3674,6.5,1,1,0,83,3.6,1,0
3675,7.3,1,1,0,79,4,1,0
3676,7.5,1,2,0,86,4.8,1,0
3677,7.9,1,3,0,69,4,1,1
3678,7.5,1,3,0,79,4.4,0,1
3679,7.9,2,3,0,81,3.6,0,1
3680,7.9,0,1,0,79,4.5,0,1
3681,7.8,0,1,2,76,4.3,1,0
3682,8.4,0,3,2,90,4.8,0,1
3683,8.7,2,3,0,84,4.1,0,0
3684,8.1,0,3,0,86,4.3,0,0
3685,7.8,1,2,0,70,4.3,1,0
3686,7.4,0,1,2,79,4.4,0,1
3687,8.6,1,3,0,85,4.2,1,1
3688,7.3,1,2,1,83,3.9,1,1
3689,7.4,1,3,1,81,4.7,1,0
3690,8.2,1,2,1,70,4.4,1,1
3691,7.2,0,2,1,71,3.6,0,0
3692,8.6,2,3,2,84,4.8,1,1
3693,8,2,3,2,90,4.8,1,1
3694,8.7,2,3,2,90,4.4,1,1
3695,7.3,1,1,0,67,4.3,1,0
3696,7.3,1,3,1,78,4.5,1,0
3697,8,1,3,0,90,3.7,1,1
3698,8.2,0,1,0,81,4.4,0,1
3699,7.3,1,1,0,76,4.3,0,0
3700,8.6,2,3,2,90,4.8,1,1
3701,8.7,2,1,3,82,4.5,1,1
3702,8,1,1,0,68,4,1,0
3703,8.2,1,1,1,79,4.8,1,0
3704,8.2,2,3,2,85,4.4,1,1
3705,7.1,1,1,1,69,3.4,1,0
3706,7.6,0,3,0,71,3.9,1,0
3707,7.6,0,2,0,60,3.9,0,0
3708,8.2,0,3,0,84,4.7,0,1
3709,7.6,1,2,1,84,4.4,1,0
3710,8.4,2,3,0,89,4.1,1,1
3711,7.5,1,1,0,60,3.7,1,0
3712,7.5,1,2,1,73,4.8,0,0
3713,7.7,1,1,0,60,3.7,1,0
3714,6.7,0,1,1,79,3.6,0,0
3715,8.1,1,3,2,90,4.6,1,1
3716,7.6,0,1,0,72,4,0,0
3717,8.7,1,1,2,80,3.6,1,1
3718,8.7,1,1,1,70,4.1,0,0
3719,7.5,1,2,0,68,4.2,1,0
3720,7.2,1,2,0,73,4.2,1,0
3721,8,1,3,2,80,4.8,1,1
3722,8.2,1,2,0,79,4.8,1,0
3723,6.7,0,1,1,84,4.3,1,0
3724,7.6,0,2,0,68,4.6,0,0
3725,7.9,1,3,2,82,4.7,1,1
3726,7.6,0,3,0,86,3.7,1,1
3727,7.8,1,3,0,90,4,1,1
3728,8.2,0,1,1,89,4.7,1,0
3729,7.4,0,1,0,66,3.7,0,0
3730,7.4,2,3,0,78,4.8,1,1
3731,8.7,0,3,0,85,4.5,1,1
3732,7.6,1,3,2,84,4,1,1
3733,8.3,1,3,2,90,4.8,1,1
3734,7.2,1,2,1,79,3.2,0,0
3735,7.7,1,3,2,78,3.9,1,0
3736,7.9,0,1,1,77,4.2,0,0
3737,8,1,3,2,85,4.6,1,1
3738,7,1,1,1,75,4.2,1,0
3739,8.5,1,1,0,85,4.4,1,1
3740,7.6,1,1,0,74,3.3,0,0
3741,7,1,1,0,62,4.2,1,0
3742,6.6,0,1,2,68,4.1,0,0
3743,7.5,1,1,0,72,3.7,1,0
3744,7.4,1,1,0,84,4.1,0,0
3745,7.5,1,3,2,83,4.3,1,0
3746,7.5,1,3,2,78,4.6,1,1
3747,8.4,1,3,2,90,4.8,1,1
3748,8.2,2,3,2,90,4.8,1,1
3749,7.5,2,3,2,90,4.8,1,1
3750,8.4,2,3,2,84,4.7,1,1
3751,8.1,1,2,0,79,4.5,1,0
3752,7.6,0,1,2,83,4.7,1,1
3753,8.2,1,3,2,90,4.7,1,1
3754,6.5,1,1,0,68,4.3,1,0
3755,8.4,2,3,2,90,4.7,1,1
3756,7.6,2,3,1,80,4.3,1,0
3757,8.3,1,2,0,89,4.5,1,0
3758,8.1,1,3,2,82,4.2,1,0
3759,7.7,1,3,3,87,3.9,1,0
3760,8.2,2,3,2,90,4.8,1,1
3761,8.4,2,3,2,90,4.8,1,1
3762,7.5,1,1,0,82,3.6,1,0
3763,7.7,0,0,1,78,3.7,1,0
3764,7.7,2,2,0,80,4,0,0
3765,8.2,1,3,2,90,4.4,0,0
3766,7.3,1,3,0,82,4.4,0,0
3767,6.9,0,2,1,78,4.1,1,0
3768,8.2,2,3,2,90,4.8,1,1
3769,7.3,2,1,1,79,4.8,0,0
3770,7.6,1,2,1,87,4.2,1,0
3771,8.8,1,3,2,90,4.8,1,1
3772,7.5,0,1,1,80,4.1,1,0
3773,8.3,0,3,2,90,4.3,1,1
3774,7.7,1,2,0,73,3.7,0,0
3775,7.7,1,2,1,83,4.5,0,1
3776,7.4,1,1,0,72,4,1,0
3777,8.2,1,3,0,75,4.4,1,0
3778,7.7,1,1,0,81,4,1,1
3779,7.7,1,1,2,76,4.4,0,0
3780,7.2,1,1,0,83,4.1,1,0
3781,6.6,1,1,0,83,3.7,1,1
3782,8.5,1,3,2,90,4.7,1,1
3783,8.2,1,1,0,66,3.9,0,0
3784,7.9,0,2,1,70,3.9,0,0
3785,7.5,0,2,0,81,4.1,1,0
3786,6.9,1,2,1,74,4,1,0
3787,8.3,0,2,0,67,4.4,1,0
3788,8.1,2,3,2,90,4.8,1,1
3789,7.6,0,1,1,62,4.1,0,0
3790,8.9,1,3,2,86,4.8,1,1
3791,7.5,2,2,1,81,4.4,0,0
3792,7.5,1,1,1,73,4.1,0,0
3793,7.6,1,1,0,74,4.4,1,1
3794,6.5,1,1,0,71,3.6,0,0
3795,7.6,2,2,1,71,4,1,0
3796,8.1,2,3,1,88,4.2,1,1
3797,7.1,1,1,0,69,3.5,0,0
3798,8.3,1,3,1,84,4.6,1,1
3799,6.5,0,2,0,78,4.3,1,1
3800,7.6,0,1,2,77,4,1,0
3801,8.4,2,3,2,90,4.8,1,1
3802,6.5,0,1,1,80,3.6,1,0
3803,7.4,1,1,0,76,3.4,0,0
3804,8.5,2,2,2,89,4.8,1,1
3805,8.4,1,2,2,81,4.2,1,1
3806,7.6,1,2,1,67,4.5,0,0
3807,6.5,1,2,1,82,4.1,1,0
3808,8.5,2,3,2,84,4.8,1,1
3809,6.5,1,2,1,82,4,1,0
3810,7.4,1,1,1,76,4.6,1,0
3811,6.5,1,1,0,76,4.4,0,0
3812,7.7,0,1,0,77,4.6,0,0
3813,7.5,0,2,1,70,4.4,1,0
3814,7.4,0,1,0,74,4.2,0,0
3815,7,1,1,1,76,4.6,1,0
3816,7.8,1,1,2,90,4,1,0
3817,7.8,0,2,0,86,3.5,1,0
3818,7.5,1,2,0,72,4.2,0,0
3819,6.7,1,1,0,71,3.9,0,0
3820,7.5,1,2,2,79,4.2,1,1
3821,6.6,1,1,0,61,4.1,1,0
3822,7.1,1,1,2,78,4.6,1,1
3823,7.2,2,3,0,76,4.3,1,0
3824,6.7,0,2,1,63,4.4,1,0
3825,8.5,1,1,0,85,4.5,1,0
3826,6.6,0,2,0,64,4.6,0,0
3827,7.5,1,3,3,90,4.6,1,1
3828,6.7,1,1,1,74,3.9,1,0
3829,8.6,2,3,2,90,4.8,1,1
3830,7.8,2,3,2,90,4.8,1,1
3831,7.5,0,1,0,85,3.9,1,0
3832,6.7,1,1,0,66,4.4,1,0
3833,8.2,0,3,0,79,4.7,1,1
3834,6.8,1,1,2,77,4.1,1,0
3835,8.3,0,2,2,76,4.1,1,1
3836,7.8,2,3,2,87,4.8,0,1
3837,7.5,0,2,0,76,4.2,1,0
3838,8.1,1,1,1,74,4.5,1,0
3839,8,2,3,1,69,3.9,1,0
3840,7.8,1,2,1,81,4.1,1,1
3841,6.5,1,1,0,80,4,1,0
3842,7.7,1,1,0,75,4.1,1,1
3843,8.2,1,3,2,90,4.6,1,1
3844,8.5,1,2,1,85,4.1,1,1
3845,7.4,1,1,0,85,3.5,0,0
3846,7.4,0,1,1,67,3.9,1,0
3847,8.2,1,3,1,79,4.4,1,0
3848,8.6,2,3,2,89,4.8,1,1
3849,6.6,1,1,1,60,3.4,0,0
3850,8.2,2,3,2,90,4.8,1,1
3851,8.5,2,3,2,86,4.8,1,1
3852,7.5,0,2,2,80,4.8,1,1
3853,6.5,0,1,0,67,3.9,1,0
3854,6.5,1,2,1,72,4,0,0
3855,8.4,1,2,0,90,4.7,1,0
3856,7.9,1,2,0,60,4,0,0
3857,8.5,2,3,2,90,4.8,1,1
3858,8.3,2,3,2,82,4.4,0,1
3859,6.9,1,1,2,67,3.8,1,0
3860,8.9,2,3,2,90,4.8,1,1
3861,6.5,1,1,0,60,3.9,1,0
3862,8.9,1,3,2,90,4.8,1,1
3863,7.6,0,1,0,85,4.1,0,0
3864,6.8,1,2,2,84,4.1,1,1
3865,6.5,1,1,1,68,3.7,0,0
3866,8.2,2,3,3,88,4.5,1,0
3867,6.5,1,2,1,65,4.7,0,0
3868,8.3,1,3,0,76,4.3,1,0
3869,6.7,1,2,0,74,4.1,0,0
3870,8.4,2,3,2,90,4.7,1,1
3871,7.6,1,1,0,68,3.6,0,0
3872,6.5,1,1,0,75,3.6,0,0
3873,6.8,1,3,0,90,4.8,1,1
3874,7.7,1,1,2,86,4.2,1,0
3875,7.4,1,1,0,78,4.4,0,0
3876,8.4,2,2,2,84,4.8,1,1
3877,7.9,1,3,2,90,4.8,1,1
3878,6.6,1,1,0,66,3.5,0,0
3879,8.3,2,3,2,90,4.8,1,1
3880,7.8,1,3,2,84,4.6,1,1
3881,7.5,1,1,0,78,4.7,1,0
3882,7.6,0,2,0,71,4.3,0,0
3883,8.3,1,3,1,79,4.5,1,1
3884,7.5,1,2,0,80,3.9,1,0
3885,7.8,1,2,2,90,4.8,1,1
3886,8.4,2,3,1,87,4.8,0,1
3887,6.5,0,3,1,79,4.3,1,0
3888,8.1,2,3,1,80,4.8,1,1
3889,8.7,2,3,2,90,4.8,1,1
3890,6.5,1,1,1,75,4,1,0
3891,7.7,1,1,1,80,3.9,0,0
3892,7.6,1,1,0,74,3.8,1,0
3893,7.4,1,1,2,86,4.6,0,0
3894,7.7,1,2,0,64,4.2,1,0
3895,7.6,1,1,0,68,4,0,0
3896,7.5,0,3,1,73,4,0,0
3897,8.4,2,3,2,89,4.8,1,1
3898,8,1,2,0,83,4.6,1,0
3899,7,0,1,1,81,4.6,1,1
3900,7.1,1,2,2,82,4.3,0,0
3901,8.5,2,3,2,88,4.3,0,0
3902,8.3,2,3,2,77,4.2,1,0
3903,6.6,2,1,0,75,4.2,1,0
3904,7.6,0,1,2,90,4.8,1,1
3905,8.1,1,2,0,84,4.4,1,0
3906,7.6,0,2,0,87,3.8,1,0
3907,8.4,2,3,1,89,4.8,1,1
3908,8.2,2,3,2,90,4.8,1,1
3909,7.2,0,1,0,73,4.1,1,1
3910,8.2,1,3,2,89,4.4,1,1
3911,6.8,1,1,0,76,4.1,0,0
3912,7.6,1,2,2,72,4.5,0,1
3913,6.5,0,3,0,80,4.5,1,0
3914,7.7,2,2,0,73,4.3,1,1
3915,8.3,1,2,2,88,4.6,1,1
3916,8.5,2,3,2,88,4.7,1,1
3917,7.6,2,2,1,73,4.7,0,0
3918,7.6,1,3,0,71,4.7,0,0
3919,8.4,0,3,2,90,4.8,1,1
3920,8.2,1,3,2,82,4.3,1,0
3921,7.8,1,2,0,70,4.8,1,0
3922,8.5,1,2,2,83,4.2,0,1
3923,7.8,1,1,0,71,4,1,0
3924,7.6,1,2,0,76,4.2,1,0
3925,8.1,1,3,2,84,4.8,1,0
3926,7.5,1,1,0,77,4,1,0
3927,6.5,1,2,1,77,4.2,0,0
3928,9,1,3,2,90,4.8,1,1
3929,7.7,0,1,0,70,3.7,0,1
3930,8.3,1,2,1,78,4.7,1,0
3931,6.8,2,3,2,82,3.9,0,1
3932,8.2,0,2,2,79,4,1,1
3933,6.9,1,1,1,69,4.1,1,0
3934,8.1,1,3,2,72,4.8,0,0
3935,7.8,1,2,0,71,3.6,0,1
3936,7.5,1,1,0,84,4.2,1,0
3937,8.6,2,3,2,90,4.8,1,1
3938,8.4,2,3,2,87,4.8,1,1
3939,7.6,1,3,0,87,4.4,1,1
3940,8.3,2,3,2,90,4.7,0,1
3941,8.5,1,1,1,81,4.5,1,0
3942,6.8,1,3,0,85,4.5,1,0
3943,7.6,1,1,0,71,3.9,1,0
3944,6.5,1,2,0,85,4.1,1,0
3945,7.7,1,1,2,79,4.1,0,0
3946,8.4,2,3,2,90,4.8,1,1
3947,7.5,1,2,0,82,3.7,0,0
3948,8,2,3,2,90,4.3,1,1
3949,7.6,0,1,0,60,4,1,0
3950,7.6,1,2,2,79,4.2,1,1
3951,8.2,2,3,2,90,4.8,1,1
3952,7.5,0,3,0,67,4.1,1,0
3953,8.3,2,3,2,89,4.6,1,0
3954,7.9,1,1,0,85,4.5,1,1
3955,7.4,0,3,0,75,4,1,0
3956,6.5,1,3,3,79,4.3,1,1
3957,7.6,1,1,1,77,3.9,0,0
3958,7.7,1,3,0,82,3.8,1,0
3959,7.8,1,1,2,85,3.8,1,0
3960,6.5,1,1,1,68,4.1,1,0
3961,7.5,1,2,1,82,4.5,0,0
3962,6.5,1,1,0,67,4.2,0,0
3963,8.7,2,3,0,90,4.8,0,1
3964,6.7,0,1,0,74,4.2,1,0
3965,7.7,1,2,1,76,4.8,1,0
3966,8.1,1,3,2,80,4.4,1,0
3967,7.7,1,3,2,87,4.8,1,1
3968,6.5,1,1,1,84,4.6,0,0
3969,7.5,0,3,2,72,4.7,1,1
3970,6.5,1,1,1,77,4.1,1,0
3971,8.2,1,3,2,90,4.7,1,1
3972,6.5,1,2,1,78,3.9,1,0
3973,7.7,1,2,1,81,3.6,1,1
3974,7.6,1,0,0,84,4.8,1,1
3975,7.6,0,1,0,88,4.7,1,1
3976,6.8,0,1,2,77,4.6,0,0
3977,7,1,3,1,77,4.2,1,1
3978,7.7,1,2,1,76,3.8,1,0
3979,8.5,2,2,2,90,4.7,1,0
3980,8.7,2,3,2,90,4.8,1,1
3981,8.2,2,3,2,90,4.8,1,1
3982,7.5,1,2,0,86,4.7,1,0
3983,8.4,0,3,0,90,4.8,1,1
3984,7.5,1,2,2,83,3.1,0,0
3985,6.9,1,2,0,70,4.3,0,1
3986,6.6,1,3,1,80,4.4,1,1
3987,7.5,1,1,1,71,4.3,1,0
3988,8.1,1,1,0,85,3.1,1,0
3989,6.5,1,1,1,82,4.1,0,0
3990,6.5,1,1,1,72,3.5,0,0
3991,7.9,2,1,2,90,4.5,0,0
3992,8.2,1,2,1,74,3.8,0,0
3993,6.5,1,1,0,75,3.3,0,0
3994,8.4,1,2,1,81,3.8,1,1
3995,7.5,1,1,0,69,3.7,1,0
3996,7.5,1,1,1,79,4.7,1,0
3997,6.5,1,1,0,89,3.9,1,0
3998,7.6,1,2,0,75,3.8,1,0
3999,7.5,1,1,1,60,3.6,1,0
4000,8.3,2,2,2,85,3.9,1,1
4001,7.5,0,2,1,70,3.7,0,0
4002,6.5,1,2,0,65,4,0,0
4003,7.8,2,2,2,68,4.5,1,0
4004,8.5,2,3,2,90,4.8,1,1
4005,7.9,1,1,1,75,4.4,1,0
4006,6.8,1,2,2,77,4.7,0,0
4007,8.2,1,3,2,68,4.4,1,0
4008,8.6,1,2,2,90,4.5,1,0
4009,8.6,1,3,2,90,4.8,1,1
4010,7.9,2,3,1,70,4.5,0,0
4011,8.4,2,3,2,90,4.8,1,1
4012,8.1,2,3,2,90,4.8,1,1
4013,7.8,1,2,2,83,4.7,1,1
4014,7.6,1,2,0,74,3.4,1,0
4015,6.6,1,2,2,77,4,1,0
4016,6.5,1,2,1,76,4.2,1,0
4017,6.5,1,1,2,90,4,1,1
4018,7.8,1,2,0,78,4,1,0
4019,7.6,1,2,1,74,4.1,1,1
4020,7.6,0,1,0,71,3.7,1,0
4021,6.5,1,2,0,76,4.2,1,0
4022,8.5,0,1,0,86,4.7,1,1
4023,8.2,0,3,0,86,4.5,1,1
4024,7.1,1,2,0,76,4.1,1,0
4025,6.9,1,1,1,85,4.2,1,0
4026,6.5,1,1,0,80,4.5,1,0
4027,7.7,0,2,3,77,4.8,1,0
4028,7.6,1,1,0,72,4,1,0
4029,7.6,1,2,0,76,4.1,1,0
4030,7.8,0,2,1,75,4.4,1,1
4031,6.8,1,2,1,68,4.3,1,0
4032,8.2,2,3,2,85,4.4,1,1
4033,8.4,1,1,1,73,4.5,0,0
4034,6.5,0,1,1,68,4.1,0,0
4035,6.7,1,1,0,73,4.6,0,0
4036,8.5,1,3,2,90,4.5,1,1
4037,6.8,1,1,0,68,3.1,0,0
4038,8.2,2,3,2,90,4.6,1,1
4039,8,2,2,0,87,4.2,1,0
4040,7.6,1,3,3,75,4.8,1,1
4041,7.9,1,2,1,86,4.2,1,0
4042,7.9,2,1,0,71,4.7,1,0
4043,8,1,1,0,73,4.2,0,0
4044,7.8,0,2,2,90,4.8,1,1
4045,7.2,0,3,0,75,4.6,0,1
4046,8,1,3,2,83,4.7,1,1
4047,7.6,1,1,1,69,3.6,0,0
4048,8.2,2,3,2,90,4.8,1,1
4049,7.3,0,1,0,82,3.8,1,0
4050,8.2,2,3,2,90,4.8,1,1
4051,6.6,1,1,0,76,4,0,0
4052,7.8,2,3,2,88,4.5,1,1
4053,7.5,2,1,2,86,4.6,1,1
4054,8.5,2,3,2,90,4.8,0,0
4055,7.6,0,1,0,72,4.5,0,0
4056,8.2,2,3,2,84,4.8,1,1
4057,8.6,1,2,0,72,4.4,1,0
4058,8.1,1,3,2,82,4.7,1,1
4059,7.2,0,1,0,73,4.1,1,1
4060,6.8,0,1,0,84,4.2,0,0
4061,7.9,1,2,1,77,4.2,1,1
4062,7,1,1,0,65,4,0,0
4063,6.6,1,3,1,74,4.5,1,0
4064,8.5,2,3,2,90,4.4,1,1
4065,8.3,1,2,2,78,4.8,1,0
4066,8.5,1,3,1,72,4.1,1,1
4067,6.5,0,1,0,67,3.7,0,0
4068,7.5,2,3,0,88,4.6,1,1
4069,8.2,1,3,2,90,4.6,1,1
4070,6.6,1,1,1,66,3.9,1,0
4071,8.4,2,3,2,90,4.8,1,1
4072,7.4,1,2,1,66,4.5,0,0
4073,7.5,1,2,0,78,3.7,0,0
4074,7.7,1,3,0,75,4.5,1,0
4075,7.5,1,2,1,76,3.7,1,0
4076,7.5,0,1,0,72,3.6,0,0
4077,7.7,0,0,2,89,4.1,1,0
4078,7.8,1,1,1,77,4,1,0
4079,7.4,1,2,0,71,3.9,1,0
4080,7.6,1,2,1,74,4,1,0
4081,8,1,3,0,65,4.4,1,0
4082,6.5,1,2,1,80,4.1,1,0
4083,7.5,1,1,0,60,3.3,1,0
4084,8.1,1,3,0,90,4.4,1,1
4085,8.4,2,2,0,74,4.4,0,0
4086,7.4,1,1,1,74,3.6,1,0
4087,6.5,1,1,0,64,4.5,1,0
4088,7.7,2,3,1,89,4.7,1,1
4089,8.2,0,3,1,90,4.8,1,1
4090,7.4,1,2,1,71,4.8,1,0
4091,7.4,0,2,1,65,4.4,0,0
4092,8.6,1,1,0,87,4.8,1,1
4093,8.2,2,3,0,80,4.3,1,1
4094,8.5,1,3,3,86,4.8,1,1
4095,7.5,2,3,1,83,4.2,1,1
4096,8.5,2,3,2,82,4.7,1,1
4097,6.5,1,2,0,71,3.9,1,0
4098,7.3,0,1,1,76,4.2,0,0
4099,6.6,0,1,0,68,3.8,0,0
4100,7.5,0,3,3,78,4.7,1,0
4101,7.4,1,1,0,81,4,0,0
4102,7.4,1,3,0,81,4.6,1,0
4103,7.7,1,3,0,90,4,1,0
4104,7.9,1,3,2,90,4.6,1,0
4105,6.7,1,1,0,80,4.5,1,0
4106,7.9,1,2,3,84,4.5,0,0
4107,8.4,1,2,2,84,4.4,1,1
4108,7.4,1,1,0,71,3.3,0,0
4109,8.3,2,3,2,89,4.8,1,1
4110,7.8,0,1,1,72,3.9,0,0
4111,8.3,1,3,1,76,4.6,0,0
4112,8.3,2,3,2,90,4.8,1,1
4113,7.7,1,1,1,66,4.8,0,0
4114,8.7,1,3,0,78,3.2,1,0
4115,7.6,0,2,0,64,4.8,0,0
4116,8.2,2,3,2,82,4.8,1,1
4117,6.7,1,1,0,76,4.2,0,1
4118,7.6,1,2,0,71,4.3,1,1
4119,7.8,0,2,0,71,4.4,1,0
4120,7.6,1,1,0,62,4.4,1,0
4121,8.4,1,1,2,90,4.8,1,1
4122,7.5,1,1,0,77,4.8,1,1
4123,7.6,1,2,0,73,4.2,1,0
4124,8.3,2,3,2,86,4.8,1,1
4125,8.2,2,1,1,88,4.4,1,0
4126,7.5,1,2,1,80,4,1,0
4127,8.6,2,3,2,90,4.8,1,1
4128,8.5,1,3,2,87,4.4,1,1
4129,7.7,1,2,3,78,4.2,1,0
4130,6.5,1,2,1,82,3.4,0,0
4131,7.8,0,1,1,78,4.7,1,1
4132,8.6,2,3,2,90,4.7,1,1
4133,8.5,1,3,2,90,4.7,1,0
4134,7.5,1,2,1,69,3.2,1,0
4135,7.2,1,1,1,66,3.5,0,0
4136,7.9,1,1,2,64,4.2,1,1
4137,8.3,2,3,2,89,4.8,1,1
4138,7.5,0,1,2,78,4.5,1,0
4139,6.7,1,2,2,75,4.2,0,0
4140,8.1,2,2,2,79,4.4,1,0
4141,8.4,2,3,2,90,4.8,1,1
4142,7,0,1,2,86,4.7,1,1
4143,8.4,0,1,0,86,3.8,1,0
4144,7.4,1,2,0,89,4.2,1,0
4145,6.5,1,2,0,77,4.4,1,0
4146,7.6,1,3,1,77,4.6,1,0
4147,8.3,2,3,2,90,4.8,1,1
4148,8,2,3,2,87,4.4,1,0
4149,7.6,1,1,0,69,4.2,1,0
4150,7.7,1,1,1,67,3,0,0
4151,8.2,2,3,2,83,4.3,1,1
4152,7.6,1,1,2,87,4.1,1,1
4153,8.3,1,2,2,82,4.5,1,0
4154,8.2,2,3,0,90,4.5,1,1
4155,7.4,1,1,0,78,4,1,1
4156,7.3,1,1,0,65,4.6,1,0
4157,8,0,1,0,79,3.4,1,0
4158,8.7,2,3,0,84,4.2,1,0
4159,8.2,1,1,1,66,3.6,1,0
4160,7.5,1,1,1,73,4.1,1,0
4161,8.1,2,3,3,90,4.5,1,1
4162,8.4,2,3,2,90,4.8,1,1
4163,6.7,1,2,0,68,4.6,1,0
4164,8.2,1,1,2,69,4.6,1,1
4165,7.5,1,2,0,80,3.5,0,0
4166,7.6,1,2,2,75,3.8,1,0
4167,7.5,0,1,0,76,4.4,1,0
4168,7.7,2,2,0,79,4.2,1,1
4169,8.4,0,3,0,90,4.4,1,0
4170,7.2,2,3,2,90,4.8,1,1
4171,7.4,1,1,0,74,3.7,0,0
4172,6.7,0,1,0,73,4,1,1
4173,6.9,0,2,0,73,4.3,0,0
4174,7.5,0,3,0,81,4.5,1,1
4175,8,2,1,1,82,4.2,0,1
4176,7.6,1,2,3,74,3.7,1,1
4177,8.3,1,3,1,90,4.8,1,1
4178,7.4,0,3,2,90,4.7,1,1
4179,8.4,1,3,3,90,4.8,1,1
4180,6.5,2,2,2,87,4.7,1,1
4181,8.4,1,1,2,79,4.6,1,0
4182,7.9,2,3,2,90,4.8,1,1
4183,8.2,1,3,2,90,4.7,1,1
4184,8,1,1,2,76,3.4,1,0
4185,8.4,1,3,2,78,4.5,0,0
4186,7.6,0,1,0,73,4.3,1,1
4187,8.3,2,3,2,90,4.8,1,1
4188,7.9,2,2,2,90,4.8,1,1
4189,8.3,0,3,1,88,4.1,1,0
4190,8.2,1,3,1,88,4.8,1,1
4191,8.3,1,2,0,85,4.6,1,0
4192,7.8,2,3,0,83,4.2,1,1
4193,7.6,0,1,1,76,3.9,1,0
4194,7.5,1,1,0,73,3.4,1,0
4195,7.5,1,1,0,85,4.2,1,0
4196,6.8,1,1,0,82,3.9,0,0
4197,8.3,2,3,2,81,4.7,1,0
4198,6.7,0,1,1,72,4.5,1,1
4199,6.9,1,1,1,64,4.1,0,0
4200,8.6,0,1,1,68,4.3,1,0
4201,8.1,2,3,0,90,4.7,1,1
4202,7.7,1,1,0,60,4.3,0,0
4203,8.4,2,3,2,73,4.8,1,0
4204,8.2,1,3,1,80,3.9,1,1
4205,8.5,1,3,2,90,4.8,1,1
4206,8.3,2,3,2,81,4.1,0,1
4207,8.4,2,3,2,87,4.8,1,1
4208,6.9,1,2,2,77,4,1,0
4209,6.5,0,2,1,84,4.8,1,1
4210,6.5,1,1,0,74,4.6,0,0
4211,8.3,0,3,2,84,4.8,1,1
4212,8.6,2,3,0,79,4.7,0,0
4213,8.4,2,3,2,88,4.6,1,1
4214,7.5,1,1,0,78,4.5,0,0
4215,6.5,2,3,2,80,4.1,1,1
4216,6.5,2,3,2,84,4.6,1,0
4217,7.6,1,1,1,77,3.9,0,0
4218,8.3,2,3,2,84,4.8,1,1
4219,7.4,1,1,1,72,4.6,1,0
4220,7.1,1,1,1,69,3.3,0,0
4221,8.1,1,3,2,75,4.3,1,1
4222,8,1,2,2,85,4.8,1,1
4223,7.6,1,2,1,80,4.1,1,0
4224,7.4,1,1,0,75,4.3,1,0
4225,6.5,1,3,2,90,4.8,1,1
4226,7.1,2,3,0,79,4.8,1,1
4227,8.9,1,3,1,90,4.7,1,0
4228,8.1,2,3,2,90,4.8,1,1
4229,6.8,1,1,0,71,4.5,0,0
4230,7,1,1,0,71,4.4,0,0
4231,8.1,2,3,2,90,4.1,1,1
4232,8.6,1,3,2,90,4.8,1,1
4233,8.2,1,3,2,90,4.4,1,1
4234,7.5,2,2,1,85,4.6,1,1
4235,7.4,0,1,2,81,3.8,1,0
4236,8.4,1,2,2,79,4.2,0,0
4237,6.5,1,1,0,65,4.3,0,0
4238,8.3,2,3,2,86,3.9,1,1
4239,8.5,0,3,2,83,4.5,0,0
4240,6.6,0,3,0,85,4.7,1,1
4241,7.5,1,1,0,71,4.3,0,1
4242,7.6,1,3,1,82,4.5,1,1
4243,7.8,0,3,0,83,4.4,1,0
4244,6.5,1,2,0,88,4.4,1,1
4245,8.4,2,3,2,90,4.8,1,1
4246,7.9,1,1,1,84,4.5,1,1
4247,8.7,1,3,2,87,4.8,1,1
4248,8.1,1,3,0,81,3.7,1,0
4249,7.5,0,1,1,66,4.1,1,0
4250,8.1,2,3,2,87,4.7,0,1
4251,7.8,1,2,1,82,4.4,1,0
4252,8.3,1,3,2,87,4.8,1,1
4253,8.1,0,3,2,85,4.8,1,0
4254,8.2,1,3,2,87,4.6,1,1
4255,6.5,0,3,0,80,4.4,1,0
4256,7.5,1,2,0,76,3.8,1,0
4257,8.2,1,3,2,87,4.6,1,1
4258,7.5,1,2,2,86,4.5,1,0
4259,7.7,0,2,0,67,3.9,0,0
4260,8,2,3,2,84,4.7,1,1
4261,7.7,0,2,0,90,4.5,1,1
4262,7.4,0,1,1,63,3.5,0,0
4263,7.4,1,2,1,60,3.2,0,0
4264,7.7,0,1,1,77,4.3,1,0
4265,7,0,2,1,64,4.7,1,0
4266,7.9,2,3,2,88,4.6,0,1
4267,7.6,1,1,1,73,3.7,0,0
4268,8.2,1,3,2,87,4.7,1,1
4269,8.5,1,3,2,90,4.8,1,1
4270,7.9,2,3,2,83,4.7,0,1
4271,7.9,2,1,1,85,4.2,1,1
4272,6.8,1,1,1,85,3.9,0,0
4273,7.6,1,1,3,65,4,1,0
4274,7.3,1,1,0,68,4.4,0,0
4275,6.9,1,2,1,81,4.3,1,0
4276,8.3,2,2,1,88,4.6,1,1
4277,8.3,1,3,0,84,4.7,1,1
4278,7.5,0,3,0,65,4.3,1,0
4279,8.2,2,3,2,90,4.8,1,1
4280,7.8,0,3,0,74,4.1,1,0
4281,7.7,0,2,1,81,3.8,1,0
4282,6.6,1,1,0,72,4.2,0,0
4283,8,2,3,2,90,4.8,1,1
4284,8.4,2,3,2,90,4.4,1,1
4285,8.2,2,3,2,90,4.8,1,1
4286,7.5,0,2,1,87,4.1,1,0
4287,8.3,0,3,0,87,4.4,1,1
4288,8,2,3,2,89,4.8,0,1
4289,6.5,1,2,0,86,3.9,0,0
4290,7.4,1,2,1,83,4.2,1,1
4291,6.5,1,1,0,74,4.2,1,0
4292,6.7,1,2,0,63,3.7,0,0
4293,8.8,1,3,2,90,4.8,1,1
4294,8.2,2,3,2,90,4.8,1,1
4295,7.3,1,3,3,90,4.7,1,1
4296,8.6,2,3,2,83,4.8,0,0
4297,7.8,1,3,1,84,4.5,1,0
4298,8.6,1,3,2,84,4.8,1,1
4299,8.5,1,3,2,80,4.8,1,1
4300,8.1,2,3,2,90,4.8,1,1
4301,7.7,1,3,1,79,4.4,1,1
4302,8.5,1,0,0,81,4.1,0,0
4303,7.5,2,2,0,80,4.8,1,1
4304,8.1,0,1,1,81,4.5,1,1
4305,7.5,1,2,2,75,4.3,1,1
4306,8.8,2,3,2,88,4.7,1,1
4307,8.3,2,3,3,83,4.6,0,1
4308,7.5,1,2,0,68,3.8,1,0
4309,8.2,1,2,0,79,4.8,1,0
4310,6.5,1,1,1,74,4,0,0
4311,7.6,0,1,1,62,3.9,0,0
4312,6.5,1,1,0,78,4.1,1,0
4313,8.6,2,3,2,90,4.8,0,1
4314,7.8,0,1,1,60,4.1,0,0
4315,6.6,1,1,1,60,3.9,0,0
4316,8.5,1,2,2,86,4.6,1,1
4317,7.3,1,1,0,76,4.2,1,0
4318,8.6,2,3,2,90,4.8,1,1
4319,7.6,1,1,1,74,4.3,1,0
4320,8.2,2,3,2,90,4.8,1,1
4321,7.5,0,2,1,70,4.4,1,1
4322,8.8,1,2,2,85,4.8,1,1
4323,7.9,1,3,1,71,4.6,1,0
4324,8.2,0,1,0,69,4.8,1,0
4325,8.3,2,3,2,82,4.7,1,1
4326,6.9,1,1,1,73,3.6,0,0
4327,7.3,1,1,1,79,4.8,0,0
4328,7.6,1,1,1,62,3.4,0,0
4329,7.4,0,1,0,71,4.4,0,0
4330,8.5,2,3,2,90,4.2,0,1
4331,8.2,2,3,2,75,3.9,1,0
4332,7.4,1,2,1,78,4.4,1,0
4333,7.5,1,2,2,82,4.8,1,0
4334,6.6,1,2,1,80,4.1,1,0
4335,8.4,2,3,2,90,4.8,1,1
4336,8.4,2,3,2,90,4.5,1,1
4337,7.2,0,2,0,82,3.9,0,1
4338,8.1,2,3,2,87,4.8,1,0
4339,8.6,1,2,1,83,4.6,1,0
4340,8.3,2,3,2,90,4.8,1,1
4341,7.6,0,3,0,78,4.5,1,0
4342,7.9,1,1,1,69,3.9,0,0
4343,8.3,0,3,1,90,4.6,1,1
4344,7.6,1,1,0,69,4.5,0,0
4345,6.5,0,1,0,65,4.1,0,0
4346,6.5,0,2,1,69,3.8,0,0
4347,8.2,2,3,0,90,4.8,1,1
4348,8.3,1,1,1,77,3.4,0,0
4349,8,2,3,2,90,4.6,1,1
4350,8.3,1,3,2,77,4.5,1,1
4351,7.5,1,3,2,68,3.6,1,1
4352,8.3,1,3,0,82,4.1,1,0
4353,7.6,1,1,0,76,4.6,1,0
4354,7.7,1,1,0,76,3.8,1,0
4355,8.8,2,3,2,90,4.8,1,1
4356,7.6,0,1,0,68,4,1,0
4357,6.5,1,2,1,68,3.7,1,0
4358,7.5,1,2,1,78,3.8,1,0
4359,7.8,2,3,0,90,4.8,1,1
4360,7.6,1,3,1,86,4.6,1,0
4361,7.5,1,1,1,74,4.6,1,0
4362,6.5,1,3,1,76,4.8,1,0
4363,7.6,1,1,0,67,3.8,0,0
4364,8.5,2,3,2,90,4.7,1,1
4365,7.8,2,1,0,88,4,1,0
4366,8,1,2,0,85,4.3,1,0
4367,8,1,2,0,76,4.4,1,1
4368,8.2,2,3,3,81,4.8,1,1
4369,7.5,1,2,1,77,3.7,1,0
4370,7.8,1,1,1,73,4,0,0
4371,6.6,0,2,0,64,3.8,1,0
4372,8.2,1,3,2,90,4.6,1,1
4373,8.4,1,3,2,89,4.2,0,0
4374,8.3,0,3,2,87,4.7,1,1
4375,6.9,1,3,1,86,4.5,1,1
4376,7.6,1,2,0,73,3.8,1,0
4377,6.5,1,2,0,74,4,1,1
4378,8.3,1,2,0,70,4.8,1,1
4379,7.9,2,3,2,88,4.7,0,1
4380,7.7,1,1,1,80,4.1,0,0
4381,8.5,2,3,3,79,4.1,1,0
4382,6.7,1,3,0,73,4.5,1,1
4383,8.5,1,3,3,70,3.8,1,1
4384,7.1,1,1,0,79,4.3,1,1
4385,8.2,1,3,2,90,4.4,1,0
4386,7.9,2,3,2,79,4.1,1,0
4387,7.4,1,2,1,79,4.4,1,1
4388,7.3,1,2,1,68,4.6,0,0
4389,7.6,1,1,0,70,4.5,0,0
4390,8.4,0,2,0,69,4,1,1
4391,8.2,1,3,2,85,4.6,1,0
4392,6.6,2,3,0,75,3.9,1,0
4393,6.8,1,1,0,67,4.1,0,0
4394,7.7,1,1,0,80,4.2,1,1
4395,8.3,2,3,2,77,4,1,0
4396,8.4,2,1,0,84,4.4,1,0
4397,7.9,0,3,2,89,4.5,1,0
4398,8.3,2,3,2,90,4.8,1,1
4399,7.1,1,2,2,81,4.8,1,0
4400,6.8,1,2,0,81,4.2,1,0
4401,6.6,1,1,0,86,4.4,1,1
4402,7.9,1,1,1,70,3.4,0,0
4403,7.4,1,1,1,82,3.7,0,0
4404,8.2,0,3,2,75,4.6,1,1
4405,8,2,3,2,90,4.3,1,1
4406,8.8,2,2,2,89,4.8,1,0
4407,6.5,1,2,0,80,3.8,1,0
4408,6.6,0,1,0,78,4.8,0,0
4409,8.5,0,3,2,90,4.7,0,1
4410,6.8,1,2,0,73,4.3,1,1
4411,7.7,1,2,0,77,4.2,1,1
4412,7.5,1,3,1,74,4.7,1,1
4413,7.8,1,1,0,79,3.8,1,0
4414,7.9,2,3,2,90,4.7,1,1
4415,8.7,2,3,0,72,4.3,1,1
4416,8.5,1,1,0,73,4,1,0
4417,8,1,2,0,90,4.7,1,1
4418,8,2,1,0,90,4.3,1,0
4419,7.8,1,1,0,68,4.3,1,0
4420,6.5,1,2,0,79,4.5,1,0
4421,7.8,1,1,2,82,4.2,1,0
4422,6.5,1,2,1,74,4.6,1,0
4423,7.9,1,2,1,77,4.4,0,0
4424,6.9,2,1,2,89,4.7,1,1
4425,7.9,2,3,2,90,4.8,1,1
4426,6.5,1,2,0,76,4.1,1,1
4427,7.6,1,1,0,84,4.5,1,1
4428,7.8,1,2,0,72,4.4,1,0
4429,6.7,0,1,1,81,4.1,1,0
4430,6.5,1,2,0,70,3.9,1,0
4431,8.5,2,3,2,90,4.6,1,1
4432,8.1,1,2,1,76,3.7,1,0
4433,7.7,0,1,0,67,3.8,1,0
4434,7.7,0,1,0,81,4.4,1,0
4435,7.8,1,3,2,84,4.6,1,1
4436,8.3,1,1,1,75,3.9,1,1
4437,8.5,1,3,2,90,4.7,1,1
4438,8.1,0,1,1,70,3.7,1,0
4439,6.6,1,3,0,71,4.2,0,0
4440,7.4,0,1,1,61,3.8,0,0
4441,8.1,1,3,2,69,4.6,1,0
4442,8.4,2,3,2,90,4.8,1,1
4443,7,1,1,1,69,4,1,0
4444,6.8,1,2,1,73,4.3,0,0
4445,7.7,0,2,1,81,4.6,1,0
4446,8.7,2,3,2,90,4.3,1,1
4447,8.2,1,1,1,69,4.2,0,0
4448,8.1,0,1,0,88,4.3,0,0
4449,8.4,1,3,0,74,4.6,1,0
4450,8.2,1,3,2,79,4.8,1,1
4451,7.6,2,3,1,74,4.2,1,0
4452,8.9,1,3,1,74,4.5,1,1
4453,7.7,1,2,0,80,4.1,1,0
4454,7.4,1,1,0,71,3.9,1,0
4455,8.2,2,3,2,90,4.5,1,1
4456,8,2,2,2,86,4.5,1,1
4457,8.3,0,3,2,90,4.3,1,1
4458,7.5,0,3,0,88,4,1,0
4459,8.7,2,2,2,90,4.7,1,1
4460,8.1,0,2,0,78,4,0,0
4461,8.2,2,3,2,90,4.8,1,1
4462,8.5,2,3,2,90,4.8,1,1
4463,8,1,3,2,79,4.8,1,1
4464,7.2,1,1,1,72,4,1,1
4465,7.2,1,3,0,77,4.6,1,0
4466,7.1,2,3,0,75,3.5,0,0
4467,8,2,3,2,89,4.8,1,1
4468,8.4,2,3,1,87,4.7,1,1
4469,8,2,3,2,90,4.8,1,1
4470,8.1,2,3,2,84,4.6,1,1
4471,6.5,1,1,0,61,3.6,1,0
4472,8.3,0,2,2,77,3.8,1,0
4473,8.1,2,3,2,90,4.7,1,1
4474,7.8,0,2,0,74,4.3,0,0
4475,7.4,2,1,2,70,4.3,1,0
4476,7.9,1,1,1,79,4,0,0
4477,6.7,2,2,0,65,4.7,0,0
4478,7.2,1,1,0,84,4.3,1,0
4479,8.3,2,1,1,81,4,1,1
4480,8.1,1,2,1,80,4.4,1,1
4481,7.5,1,3,0,80,4.3,1,0
4482,8.2,2,1,2,81,4,1,0
4483,8.3,1,2,1,85,4.8,1,1
4484,7.6,1,1,0,79,4,1,0
4485,7.5,1,1,1,70,4.6,1,0
4486,8.7,1,3,0,90,4.2,1,1
4487,7.6,0,2,0,84,4.2,0,0
4488,7.6,1,1,0,88,4.2,1,1
4489,7.6,0,1,1,76,4.5,0,0
4490,8.3,2,2,0,81,4,0,1
4491,7.6,0,2,1,60,4.3,1,0
4492,8,2,3,1,87,4.7,1,1
4493,8.4,1,3,1,84,4.5,1,1
4494,8.4,2,3,2,83,4.8,0,0
4495,7.5,2,1,0,71,3.4,0,0
4496,6.5,1,1,0,81,3.9,1,0
4497,7.6,1,2,1,79,4.2,1,1
4498,7.6,1,2,0,74,4.6,1,0
4499,8,1,3,0,81,4.3,1,0
4500,7.6,0,2,0,79,4,1,0
4501,8.6,1,3,2,90,4.8,1,1
4502,7.2,1,2,2,76,3.6,0,0
4503,7.6,1,3,2,72,4.2,0,0
4504,7.5,1,3,1,89,4.8,1,0
4505,7.6,0,2,1,85,4.6,1,1
4506,7,1,3,0,90,4.2,1,1
4507,8,1,3,3,90,4.7,1,1
4508,7.4,1,1,0,70,4,1,0
4509,8.1,2,3,0,90,4.4,1,1
4510,8.1,1,1,0,79,4.4,1,0
4511,7.4,0,1,1,67,4.5,0,0
4512,6.8,1,2,0,69,3.7,1,0
4513,6.9,1,3,0,77,4.8,1,1
4514,8.2,1,3,2,87,4.8,0,1
4515,8,1,2,2,82,4.7,1,1
4516,7.7,1,1,1,67,3.9,0,0
4517,8.5,1,3,0,76,3.9,1,0
4518,8.1,2,3,1,74,4,0,0
4519,8.1,2,3,0,75,3.5,1,0
4520,6.7,0,3,0,77,4.6,0,0
4521,8.4,1,2,1,84,4.3,1,0
4522,8.2,1,0,2,90,4.7,1,1
4523,7.5,1,2,0,72,4.4,1,1
4524,7.4,1,3,2,74,4.6,1,0
4525,8.4,0,2,2,80,4.1,1,1
4526,8.2,1,2,2,89,4.3,0,1
4527,6.5,0,1,1,70,4.2,1,0
4528,7.5,2,1,0,70,4.6,0,0
4529,8.4,2,1,1,78,3.9,1,0
4530,7.6,1,2,2,87,3.9,0,1
4531,8.9,2,3,2,90,4.7,1,1
4532,6.6,1,1,0,77,3.9,0,0
4533,8.7,2,3,2,90,4.8,1,1
4534,8.7,1,3,2,89,4.7,1,1
4535,8.5,2,3,2,90,4.8,1,1
4536,8.5,2,3,2,88,4.4,1,1
4537,7.4,1,3,1,71,4.1,1,1
4538,7.5,1,1,0,75,4.4,0,0
4539,7.8,1,1,0,77,3.8,0,0
4540,8.6,1,2,2,82,4.3,1,1
4541,7.7,1,2,2,90,4.7,1,1
4542,8.3,2,3,0,90,4.8,1,1
4543,7.4,1,1,1,64,3.9,0,0
4544,7.8,1,2,0,83,4.7,1,0
4545,8.5,0,2,0,90,4.4,1,1
4546,7.5,1,2,1,76,4.4,1,0
4547,8.3,0,3,0,86,4.5,1,1
4548,6.7,1,2,1,80,4.5,1,0
4549,7.7,1,3,2,81,4.8,1,0
4550,7.5,1,1,3,74,4.6,1,1
4551,6.6,1,3,0,87,4.7,1,1
4552,6.6,1,3,2,79,4.5,1,1
4553,8.2,2,3,0,85,4.7,1,1
4554,7.8,1,1,0,85,4,1,0
4555,8,1,1,1,79,4.6,0,0
4556,6.5,1,1,0,64,4.1,0,0
4557,7.7,1,3,0,74,4.7,1,1
4558,8.6,2,3,1,90,4.3,1,1
4559,6.5,1,1,0,65,4.3,0,0
4560,6.9,1,1,0,67,3.8,0,0
4561,6.5,1,2,1,79,3.9,1,0
4562,6.5,1,3,1,79,3.5,1,0
4563,6.5,1,3,1,78,3.2,0,0
4564,8.4,1,3,2,75,4.5,1,0
4565,8.5,2,3,2,84,4.7,1,1
4566,7.2,1,3,0,68,4.4,0,0
4567,7.6,1,1,0,81,3.3,1,0
4568,7,1,2,2,82,3.9,0,0
4569,8.1,1,2,1,68,4.8,1,1
4570,7.5,2,2,1,63,4,1,0
4571,8.6,0,2,1,79,3.8,1,1
4572,7.3,1,3,1,79,3.3,1,0
4573,8.9,1,2,1,76,4.8,1,1
4574,8.1,1,1,1,86,4.5,1,0
4575,7.6,0,1,0,70,4.6,1,1
4576,7.6,1,2,0,86,4.7,1,0
4577,7.3,1,1,0,75,3.9,0,0
4578,6.5,1,1,0,68,4.3,0,0
4579,8.4,0,1,3,83,4.3,1,0
4580,8.1,2,3,2,90,4.8,1,1
4581,7.8,1,2,0,72,3.6,1,0
4582,8.3,1,3,0,84,4.4,1,1
4583,6.7,1,1,1,67,4,1,0
4584,8,0,1,0,81,4.5,0,0
4585,7.1,1,2,0,87,4.2,1,1
4586,8.5,1,2,1,75,4.7,0,0
4587,6.6,1,1,0,90,3.9,1,0
4588,7.4,0,1,0,76,3.7,1,0
4589,7.4,1,2,0,85,4.6,1,1
4590,7.8,1,1,0,66,4.1,1,0
4591,8.5,2,3,2,90,4.8,1,1
4592,6.5,1,2,0,71,4.3,0,0
4593,8.1,0,3,1,90,4.7,1,0
4594,8.6,0,3,0,90,4,0,0
4595,8.4,2,1,0,86,4.6,1,0
4596,7.5,1,1,0,72,4.3,1,0
4597,8.1,0,3,0,90,4.5,0,1
4598,7.6,0,1,0,86,4.2,1,0
4599,7.8,0,1,1,71,3.9,0,0
4600,7.4,0,1,0,62,3.9,0,0
4601,8.3,0,1,1,77,4.7,1,1
4602,6.5,0,1,0,68,4.5,0,0
4603,7.9,1,1,1,73,4.3,0,0
4604,8.1,1,2,0,68,4.7,1,1
4605,7.1,1,1,1,66,4.2,0,0
4606,7.6,1,2,0,73,4.2,1,0
4607,6.5,1,2,0,71,4.4,0,0
4608,7.2,1,1,1,69,3.7,0,0
4609,6.7,0,1,0,78,3.8,1,0
4610,7,0,1,1,66,3.8,0,0
4611,6.5,2,1,2,80,4.6,0,1
4612,7.5,0,1,0,60,3.5,0,0
4613,7.6,1,1,0,65,4.1,0,0
4614,6.7,1,1,2,69,3.5,0,0
4615,6.7,0,1,0,82,3.8,0,0
4616,8.4,2,2,2,71,3.4,1,0
4617,8.5,1,3,2,89,4.8,1,1
4618,8.8,2,2,2,77,3.9,0,0
4619,8.2,1,2,0,69,3.9,1,0
4620,6.7,0,3,1,67,4.2,0,0
4621,8,1,1,0,81,4.4,1,0
4622,7.3,1,2,1,86,3.4,1,0
4623,8.2,2,3,3,90,4.2,1,0
4624,8.1,2,3,0,74,4.3,1,0
4625,7.6,1,2,0,78,3.8,0,0
4626,6.8,1,1,1,67,4.1,0,0
4627,8.2,0,1,2,77,4.3,0,0
4628,7.5,1,1,1,68,4.3,0,0
4629,8.5,1,3,2,89,4.8,1,1
4630,8.1,2,3,0,88,4.6,1,1
4631,6.7,1,2,0,71,4.3,0,0
4632,8.8,0,1,0,84,4.5,1,1
4633,8.3,2,3,2,90,4.5,1,1
4634,7.9,1,3,1,77,4.3,1,1
4635,8,0,1,0,75,3.6,1,0
4636,7.8,2,2,2,89,4.7,1,1
4637,7.8,2,3,2,90,4.8,1,1
4638,7.4,1,1,0,63,3.8,1,0
4639,8.2,1,1,2,86,3.4,1,0
4640,6.5,2,2,1,76,3.9,1,0
4641,7.7,1,3,2,83,4.7,1,0
4642,8.3,2,3,2,90,4.8,1,1
4643,7.5,1,2,1,64,4.2,1,0
4644,7.8,2,3,1,85,4.8,1,1
4645,7.7,0,1,1,74,4,1,0
4646,8.2,2,3,2,85,4.8,1,1
4647,7.4,1,1,2,81,4.6,1,1
4648,8.4,1,3,0,81,4.7,1,0
4649,8.2,2,3,2,90,4.8,1,1
4650,7.8,1,2,1,70,4.3,1,1
4651,7.6,1,1,0,78,4.2,0,0
4652,7.5,1,2,0,76,4.7,1,0
4653,7.5,1,2,1,79,4.5,1,0
4654,7.6,1,3,1,90,4.5,1,0
4655,7.4,1,2,0,74,4.1,1,0
4656,8.3,1,1,2,79,3.7,1,1
4657,7.6,1,1,0,81,4,0,0
4658,8,0,3,2,82,4.8,0,1
4659,8.3,1,3,2,90,4.8,1,1
4660,7.7,1,1,0,63,3.9,0,1
4661,7.5,1,1,1,69,3.4,1,0
4662,7.4,0,1,0,72,4.5,1,0
4663,8.4,0,1,0,76,4.2,1,1
4664,7,1,1,1,63,3.7,1,0
4665,8.3,2,3,2,90,4.8,1,1
4666,7.5,1,1,1,76,3.9,1,0
4667,7.7,1,3,2,86,4.4,1,1
4668,8.3,2,3,2,90,4.7,1,1
4669,7.5,1,1,1,77,4.1,0,0
4670,7.6,2,1,3,67,3.7,1,0
4671,8.1,1,3,2,90,4.3,1,1
4672,7.9,1,3,1,80,4.8,0,1
4673,8.4,1,1,2,78,4.1,1,0
4674,8,1,3,0,87,4.3,1,1
4675,7.5,1,2,0,78,4.4,1,1
4676,7.7,0,2,0,70,4,1,0
4677,7.6,1,1,0,71,3.9,1,1
4678,7.6,1,1,0,66,4.1,0,0
4679,6.5,0,2,0,70,4.4,1,0
4680,8.4,0,3,2,90,4.6,1,0
4681,7.8,0,1,1,77,4.3,0,1
4682,8.4,0,3,2,78,4.8,1,1
4683,8.5,2,3,2,90,4.8,1,1
4684,8,0,3,3,72,4.5,1,1
4685,7.5,1,1,0,81,3.8,1,0
4686,7,1,2,2,90,4.5,1,1
4687,7.6,0,1,1,69,4.5,0,1
4688,7.6,1,1,0,60,4.2,1,0
4689,7.4,1,3,0,87,4.8,1,1
4690,7.9,1,1,0,83,4.8,1,1
4691,8.3,2,3,0,84,3.9,1,1
4692,6.7,0,3,0,70,4.7,0,0
4693,7.2,1,3,2,87,4.8,1,1
4694,8.2,2,3,2,86,4.5,1,1
4695,7.7,1,1,1,70,4.1,0,0
4696,7.5,0,1,0,81,4.4,0,0
4697,8.2,1,3,1,80,4.8,1,1
4698,8.2,1,2,0,87,4.2,1,0
4699,7.5,1,1,0,71,3.7,1,0
4700,6.8,1,2,1,71,3.7,1,0
4701,6.5,0,1,1,66,3.6,0,0
4702,7.5,1,1,1,82,4.6,1,0
4703,8.5,2,3,2,90,4.6,1,1
4704,7.5,1,1,1,80,4.1,1,0
4705,7.7,1,1,0,68,4.3,1,0
4706,7.3,1,2,0,68,3.8,1,0
4707,6.5,1,1,1,73,4.2,0,0
4708,7.9,0,1,0,88,4.3,1,0
4709,8,2,2,2,77,4.8,0,0
4710,8.4,2,3,3,90,4.6,1,1
4711,7.1,2,1,2,77,4.1,1,0
4712,7.7,2,1,1,70,3.5,1,1
4713,6.6,1,1,1,72,4.3,0,0
4714,8.4,0,3,0,87,4.6,1,1
4715,8.4,1,3,0,84,4.1,1,0
4716,8.5,2,3,2,90,4.8,1,1
4717,8.4,2,1,2,84,4.5,1,0
4718,7,0,2,1,73,3.9,0,0
4719,8.4,2,2,0,90,4.1,1,0
4720,6.8,1,1,0,74,4.2,1,0
4721,7.6,1,3,1,77,4.1,0,1
4722,7.8,2,3,2,84,4.4,0,0
4723,8.1,2,2,1,65,4.8,0,0
4724,7.5,1,1,0,81,4.2,1,0
4725,8.3,2,3,2,90,4.4,1,1
4726,8.3,1,2,2,76,4.5,1,1
4727,8.2,1,3,2,84,4.4,1,1
4728,7.4,1,3,2,81,4.5,1,0
4729,7.5,1,1,1,83,4.4,1,0
4730,7.6,0,2,1,81,4.4,1,1
4731,6.7,1,1,1,75,3.8,0,0
4732,7.8,2,3,1,79,3.9,1,0
4733,7.4,0,1,1,64,4.7,1,0
4734,8.6,1,3,0,74,4.4,1,1
4735,8.1,2,3,2,90,4.8,1,1
4736,7.6,2,1,1,85,4.4,1,0
4737,7.4,1,3,1,73,4.4,1,0
4738,8.3,2,2,0,90,4.3,1,1
4739,7.6,0,3,0,85,4.3,1,1
4740,7.9,2,3,2,90,4.8,0,1
4741,8.4,2,3,2,89,4.5,1,1
4742,8.4,0,3,2,88,3.7,1,1
4743,8.5,1,3,2,90,4.8,1,0
4744,8.5,2,3,2,90,4.3,1,1
4745,7.5,1,1,0,85,4.5,0,0
4746,8.8,1,3,2,89,4.4,1,1
4747,8.3,1,3,1,66,4.3,0,0
4748,8.1,1,1,0,76,4.2,1,1
4749,8.2,1,1,2,85,4.8,1,1
4750,8.3,1,1,0,80,3.6,1,0
4751,6.7,1,1,0,71,4.5,0,0
4752,7.1,1,1,1,76,4.2,1,1
4753,7.4,1,2,0,76,3.5,1,0
4754,8.4,0,3,0,83,4.5,1,1
4755,8,2,1,2,81,3.9,0,1
4756,8.4,2,3,2,89,4.8,1,1
4757,7.8,1,1,0,79,4.6,0,0
4758,8.9,2,2,0,90,4.8,1,1
4759,8.2,2,3,1,90,4.8,1,1
4760,7.6,0,1,1,68,4.1,0,0
4761,8.7,2,3,2,78,4.8,1,1
4762,7.2,1,2,0,75,4.2,1,1
4763,8.4,2,3,0,83,4.4,1,1
4764,7.5,1,1,0,64,4,0,0
4765,7.4,1,2,0,76,4.5,0,0
4766,6.7,1,1,0,82,3.7,1,0
4767,7,1,2,1,84,3.9,1,0
4768,7.8,1,3,2,82,4.8,0,1
4769,8.1,2,3,2,90,4.6,1,1
4770,7.5,1,1,0,69,4.5,0,0
4771,7.4,1,1,0,77,3.8,1,0
4772,6.6,0,1,0,63,4.2,0,0
4773,6.6,0,1,1,72,3.5,1,0
4774,8.3,1,3,2,90,4.3,1,1
4775,6.7,1,1,0,70,3.7,1,0
4776,9,2,3,2,84,4.4,1,0
4777,8.1,1,3,2,90,4.7,1,1
4778,7.5,1,1,0,75,4.8,1,0
4779,8.2,1,2,0,83,4.1,1,0
4780,7.7,1,1,0,74,3.3,1,0
4781,8.2,2,3,2,78,4.8,1,1
4782,7.5,0,1,0,78,4,0,0
4783,6.8,1,3,2,79,4.4,1,1
4784,8.4,0,3,0,90,4.5,1,1
4785,7.7,1,3,2,87,4.8,1,1
4786,8.2,2,1,0,82,4.7,1,1
4787,8.3,1,3,2,79,4.7,1,0
4788,6.6,2,2,2,71,3.6,0,0
4789,8.6,2,1,3,80,4.5,1,1
4790,6.5,1,2,1,74,3.9,1,0
4791,7.5,1,3,1,72,4.4,1,0
4792,8.2,2,3,0,87,4.3,1,1
4793,7.2,1,2,1,76,4.1,0,0
4794,7.6,1,1,1,86,4.1,0,0
4795,6.5,1,1,0,64,4.4,1,0
4796,7.4,1,2,0,79,4.2,1,1
4797,8.6,1,2,1,70,4.1,1,0
4798,7.7,2,3,0,80,4.8,1,1
4799,7.6,1,2,2,80,4.5,1,1
4800,8.6,1,3,3,90,4.8,1,1
4801,7.3,1,1,0,71,3.8,0,0
4802,7.7,2,1,0,74,4.1,1,1
4803,7.8,1,3,0,82,4.2,0,1
4804,8.4,2,1,0,77,4.6,1,0
4805,7.5,1,3,0,84,4.2,1,1
4806,7.5,2,3,2,80,4.5,1,0
4807,7.8,1,3,2,88,4.6,0,1
4808,6.5,1,1,1,68,4.7,0,0
4809,6.8,1,2,2,70,4,1,0
4810,7.5,1,1,0,71,3.6,0,1
4811,7.9,1,1,0,74,4.5,1,1
4812,7.4,2,3,0,80,4,1,0
4813,8.4,1,1,1,70,3.7,1,0
4814,7.6,0,1,1,79,3.5,1,1
4815,8.3,1,3,0,82,4.6,1,0
4816,7.2,2,1,1,89,4,1,0
4817,8.3,1,3,1,89,4.8,1,1
4818,6.6,1,1,1,80,3.5,0,0
4819,8.4,0,3,1,90,4.5,1,1
4820,8.2,0,2,1,69,3.5,1,0
4821,8,2,3,1,78,4.5,1,1
4822,8.4,2,3,2,90,4.6,1,1
4823,8.4,1,3,2,84,4.8,1,1
4824,7.3,1,2,1,68,3.9,0,0
4825,6.5,1,2,2,88,4.7,1,1
4826,7.4,0,2,1,79,4.6,1,0
4827,8.3,2,3,2,90,4.7,1,1
4828,8.3,2,2,1,64,4,1,1
4829,7.8,1,1,2,74,3.8,1,0
4830,8.2,2,3,2,90,4.6,1,1
4831,8.2,1,3,1,88,3.9,0,0
4832,7.7,1,1,0,76,4.1,1,0
4833,6.5,1,3,2,73,4.3,1,1
4834,8.3,2,2,2,90,4.7,1,0
4835,8.5,1,3,2,89,4.3,1,1
4836,8.3,0,3,1,79,4.5,0,0
4837,6.6,2,2,0,75,4.4,0,0
4838,8.8,2,3,3,79,4.4,1,1
4839,8.4,2,3,2,90,4.8,1,1
4840,7.9,1,3,1,90,4.8,1,1
4841,8,0,1,3,90,4.8,1,1
4842,8,1,3,0,90,4.4,1,1
4843,7.6,2,3,2,90,4.8,1,1
4844,8.8,2,3,2,90,4.8,1,1
4845,7.6,0,1,0,76,4.1,0,0
4846,7.6,1,3,0,69,3.9,1,1
4847,8.7,2,3,3,89,4.5,1,1
4848,6.6,0,1,1,78,4.4,1,0
4849,7.3,0,1,2,82,4.7,1,1
4850,6.5,1,1,1,80,4.4,1,0
4851,8.6,2,2,2,81,4.8,1,1
4852,7.5,1,2,1,71,4,0,0
4853,8.5,1,3,2,87,4.8,1,1
4854,8.4,1,3,2,90,4.8,1,1
4855,7.4,1,1,1,80,3.6,1,0
4856,7.5,1,2,0,70,3.4,1,0
4857,7.4,0,1,1,70,3.9,0,0
4858,7.6,1,1,1,63,4.5,0,0
4859,8,2,3,0,90,4.7,1,1
4860,8,2,3,2,90,4.8,1,1
4861,7.3,1,1,1,68,4.2,0,0
4862,7.5,0,2,0,67,4.3,1,0
4863,6.7,0,1,0,80,3.1,1,0
4864,7.7,1,1,0,79,4.3,1,0
4865,6.5,1,3,2,84,4.6,1,1
4866,7.5,1,1,1,63,3.5,0,0
4867,7.3,1,1,2,81,3.7,1,0
4868,7.5,2,2,2,90,4.2,1,0
4869,8.5,2,3,1,85,4.1,1,1
4870,8.3,2,3,2,90,4.5,1,1
4871,7.6,0,1,0,90,4.1,1,0
4872,8.6,1,2,0,77,4.5,1,1
4873,8.1,0,3,2,81,4.2,1,1
4874,8.3,1,3,2,90,4.5,1,0
4875,8.3,0,3,2,89,4.8,1,1
4876,7.9,1,2,0,78,4.5,1,1
4877,7.6,2,3,2,81,4.3,1,1
4878,7.7,1,1,0,86,4.1,1,0
4879,7.6,1,2,0,84,3.6,1,1
4880,6.5,1,3,1,75,4.5,1,0
4881,6.6,0,1,1,77,4.3,1,0
4882,8,1,3,0,86,4.4,1,0
4883,8,1,2,2,72,4.3,1,0
4884,8.5,1,1,2,86,4.5,1,1
4885,7.7,1,1,1,73,4.4,1,0
4886,6.5,1,2,0,60,4.7,1,0
4887,8.1,2,3,2,90,4.8,1,1
4888,6.5,0,3,2,72,4.1,1,1
4889,6.7,0,1,0,76,4,1,0
4890,8.1,1,2,1,77,3.8,0,0
4891,8,2,2,2,86,4.8,1,1
4892,8.3,2,3,2,82,4.3,1,1
4893,8.6,1,2,3,76,4.7,1,0
4894,7.4,1,2,0,89,3.6,0,0
4895,8.2,1,3,0,90,4.7,1,1
4896,8.3,0,3,2,86,4.7,1,1
4897,6.7,1,1,1,67,4.2,0,0
4898,7.5,1,3,2,83,4.8,1,0
4899,8.6,2,3,2,90,4.8,1,1
4900,8.3,2,3,2,84,4,1,0
4901,7.4,1,2,1,70,3.8,1,0
4902,8.4,2,3,2,86,4.8,1,1
4903,8.1,1,3,0,77,4.1,1,0
4904,6.7,1,1,1,67,3.4,0,0
4905,8.1,1,3,2,90,4.4,1,1
4906,7.4,1,1,0,80,4.1,1,0
4907,7.8,2,3,2,90,4.8,1,1
4908,7.9,0,2,1,76,4.7,1,0
4909,8.4,1,2,1,87,4.7,1,0
4910,6.9,1,1,1,64,3.5,0,0
4911,6.7,1,1,0,83,4.2,0,0
4912,7.1,1,2,1,73,3.9,1,1
4913,7.6,0,1,0,81,4.4,1,1
4914,7.5,0,3,2,78,4.2,1,0
4915,7.9,1,3,1,81,4.5,1,1
4916,7.5,0,3,2,90,4.3,1,1
4917,8,2,3,2,90,4.8,1,1
4918,7.4,0,2,1,76,4,1,0
4919,8.5,2,1,0,86,4.5,1,1
4920,8,0,3,1,83,4.4,1,1
4921,7.3,1,2,1,67,4.6,0,0
4922,6.6,1,2,1,62,3.7,1,0
4923,8.5,2,3,2,90,4.6,1,1
4924,7.5,1,3,1,66,3.8,1,0
4925,7.7,1,1,0,79,4.6,0,0
4926,7.6,1,2,1,67,4.4,1,1
4927,8.6,2,3,2,90,4.8,1,1
4928,8.4,1,3,0,86,4.7,1,1
4929,7.7,1,1,3,79,4.1,1,1
4930,8.2,1,3,2,86,4.8,1,1
4931,8.6,2,3,2,90,4.8,1,1
4932,6.5,1,2,1,79,4.1,1,0
4933,8.5,1,2,0,75,4.5,1,0
4934,7.5,1,2,1,90,3.8,1,1
4935,6.7,1,2,1,68,4.3,1,0
4936,8.4,2,3,2,90,4.8,1,1
4937,7.5,1,1,0,60,3.7,1,0
4938,8.5,1,1,2,82,4.4,1,1
4939,8.5,1,2,2,90,4.6,1,1
4940,7.6,1,3,0,90,4.8,1,1
4941,7.6,1,3,0,75,4.2,0,1
4942,8.3,0,3,2,90,4.8,0,1
4943,8.1,2,3,2,89,4.6,1,0
4944,6.7,1,2,1,76,3.2,1,0
4945,7.7,1,3,1,78,3.9,0,0
4946,6.7,0,1,0,77,4.1,0,0
4947,6.5,0,1,0,60,3.9,0,0
4948,6.7,1,1,2,89,4.3,1,0
4949,8.5,2,3,2,83,4.6,1,1
4950,7.7,1,2,2,80,4.5,1,1
4951,8.1,0,2,2,75,4.3,1,1
4952,6.5,2,1,1,73,4.3,0,0
4953,8,1,3,1,87,3.9,1,0
4954,7.4,1,2,0,69,4.1,0,0
4955,7.4,1,2,1,71,3.5,0,0
4956,8.2,2,1,0,79,4.6,0,0
4957,7.4,1,2,1,71,4.1,1,0
4958,7.9,1,3,1,76,4.3,0,0
4959,8.1,2,1,1,75,4.7,1,0
4960,8.3,2,3,2,90,4.8,1,1
4961,8.1,0,2,2,86,4.6,1,0
4962,8.4,2,3,2,90,4.8,1,1
4963,9.1,1,1,0,75,3.8,0,1
4964,8.2,1,3,2,90,4.8,1,1
4965,7.7,0,1,0,82,4.1,1,0
4966,6.7,1,1,1,68,4.8,0,0
4967,8.3,2,3,2,90,4.7,1,1
4968,8,1,3,2,90,4.8,1,0
4969,8.3,2,3,2,87,4.7,1,1
4970,7.9,1,3,2,89,4.8,1,1
4971,7.5,1,1,0,63,4.5,1,0
4972,8,2,3,0,90,4.8,1,1
4973,8.5,2,1,0,79,4.8,0,1
4974,7.9,1,2,3,80,4.7,1,0
4975,7.7,0,1,1,78,4.6,1,0
4976,7.4,1,2,1,74,3.9,1,0
4977,6.5,1,2,1,77,4,0,0
4978,7.7,2,2,0,75,4.5,1,0
4979,7.5,1,2,1,79,4.4,0,1
4980,8.6,1,3,2,90,4.8,1,1
4981,8.5,2,3,2,90,4.8,1,1
4982,7.5,1,1,0,66,3.9,1,0
4983,7.6,0,1,0,82,4.3,1,0
4984,7.5,0,1,0,72,4.3,1,0
4985,7.5,0,1,0,71,3.8,1,0
4986,7,1,3,2,87,3.9,1,0
4987,6.5,1,1,1,84,4.4,1,1
4988,7.6,2,2,2,83,4.8,1,1
4989,7.7,1,1,1,68,4.6,0,0
4990,7.7,1,1,1,64,3.9,0,0
4991,6.6,0,1,1,68,3.8,0,0
4992,6.9,1,1,0,61,3.5,0,0
4993,7.4,2,2,1,81,4.4,1,1
4994,8.1,2,2,0,83,4.4,0,0
4995,6.9,0,1,0,81,4,1,0
4996,8.3,0,3,2,80,4.7,1,0
4997,7.7,1,3,2,81,4.7,1,0
4998,8.5,1,1,2,75,4.8,1,1
4999,7.5,1,2,0,83,4.2,1,0
5000,8.1,0,2,1,88,4.8,1,1
5001,7.9,0,2,2,85,4.8,1,0
5002,7.7,2,3,2,89,4.5,1,0
5003,7.5,0,3,2,83,4.4,1,1
5004,8.2,1,3,0,82,4.1,1,0
5005,8.6,1,2,1,73,4.7,1,0
5006,6.7,1,1,1,77,3.4,1,0
5007,7.6,0,1,1,80,4.6,0,0
5008,6.5,0,3,0,88,4.8,1,1
5009,8.2,2,3,2,90,4.8,0,1
5010,7.7,2,1,2,79,4.6,1,1
5011,7.5,1,2,1,83,4,1,0
5012,6.5,0,1,1,60,3.7,0,0
5013,7.4,2,2,0,66,4.2,0,0
5014,8.2,1,1,0,71,3.6,1,0
5015,6.5,0,1,1,66,4.4,0,0
5016,6.5,1,1,1,71,3.7,1,0
5017,8.7,2,3,2,77,4.8,0,1
5018,7.6,1,1,0,75,4,0,0
5019,8.2,1,1,0,86,4.6,1,0
5020,8.1,2,2,2,85,4.5,1,0
5021,8.1,0,3,0,77,3.9,0,0
5022,8.4,2,3,2,90,4.8,1,1
5023,8.3,1,3,2,86,4.8,1,1
5024,7.5,0,1,2,81,4.1,1,0
5025,6.6,1,1,1,77,4,0,0
5026,8.3,1,2,2,90,4.8,1,1
5027,8.3,2,3,2,89,4.8,1,1
5028,8.1,1,1,1,74,4.5,0,0
5029,8.3,1,3,1,83,4.8,0,0
5030,6.5,0,1,1,87,4.8,0,0
5031,6.8,1,1,1,61,3.5,0,0
5032,8,1,3,0,80,4.7,1,1
5033,8.2,2,3,2,90,4.8,1,1
5034,7.7,0,2,0,88,4.8,0,0
5035,7.6,1,1,1,81,4,1,0
5036,7.5,1,1,0,60,3.9,0,0
5037,8.4,2,3,2,90,4.8,1,1
5038,7.8,1,2,1,81,3.7,1,0
5039,8.4,0,3,2,84,4.5,0,1
5040,7.5,1,3,1,83,4.4,1,1
5041,8.3,2,2,0,79,4.5,1,1
5042,6.5,2,1,2,79,4.4,0,0
5043,8.2,1,3,2,89,4.3,0,1
5044,6.5,1,2,1,78,4.1,0,0
5045,6.5,1,1,1,79,4.6,1,0
5046,8.3,1,3,0,77,4.8,1,0
5047,8.2,2,3,3,90,4.8,1,0
5048,6.6,1,1,1,68,3.3,0,0
5049,8.3,1,2,3,85,4.6,1,1
5050,8,1,1,1,83,4.2,1,0
5051,6.6,1,2,0,87,4.6,1,0
5052,8.1,2,3,2,90,4.7,1,1
5053,8.5,2,2,2,88,4.8,1,1
5054,7.5,1,1,0,75,3.9,1,0
5055,6.5,0,1,0,71,3.7,1,0
5056,7.6,2,3,2,90,4.5,1,1
5057,8.6,0,3,2,81,3.9,1,1
5058,6.8,1,1,0,76,4,0,0
5059,8,1,3,2,81,4,1,1
5060,7.7,1,1,0,71,4.3,1,0
5061,7.5,0,1,1,60,4.2,0,0
5062,6.9,1,2,0,66,4.4,1,1
5063,8.3,2,3,2,90,4.8,1,1
5064,7.6,1,1,1,82,4.3,0,1
5065,6.5,2,1,1,72,4.4,1,0
5066,6.6,1,2,0,79,4.4,1,0
5067,6.8,0,1,1,64,3.8,0,0
5068,8.6,1,3,2,90,4.6,1,1
5069,8.1,2,3,0,90,4.6,1,1
5070,8.2,2,3,2,84,4.8,1,1
5071,8.7,1,1,0,75,4.4,0,0
5072,7.3,1,3,1,71,3.8,1,0
5073,7.4,1,1,1,82,4.1,0,0
5074,7.6,1,2,1,84,4.7,0,0
5075,6.5,1,2,0,87,4.3,0,0
5076,8.5,2,3,2,77,4.5,1,1
5077,7.5,0,2,1,72,4.5,0,0
5078,7.3,1,1,0,65,3.9,0,0
5079,6.5,1,1,1,64,4.4,0,0
5080,8.4,2,3,2,90,4.8,1,1
5081,8,2,3,2,90,4.7,1,0
5082,8,2,3,2,90,4.8,1,1
5083,8.3,2,1,2,81,4.8,0,0
5084,7,0,1,0,75,3.8,0,0
5085,8.3,2,3,2,89,3.9,1,0
5086,7.7,1,0,0,65,3.9,0,0
5087,7.9,0,1,1,74,3.9,1,0
5088,8.6,1,3,0,90,4.8,1,1
5089,7.8,1,3,1,77,3.6,1,0
5090,7.4,1,1,1,61,4.1,1,0
5091,7.4,1,1,0,64,4.2,1,0
5092,8.4,1,3,2,90,4.3,1,1
5093,7.4,1,1,1,77,4.1,1,0
5094,8.3,2,3,1,88,3.8,1,1
5095,6.5,0,1,0,64,3.9,1,0
5096,7.7,0,1,0,79,4,1,0
5097,8.4,2,3,2,90,4.7,1,1
5098,8.3,0,1,0,73,3.8,1,0
5099,6.5,0,1,1,69,3.9,0,0
5100,8.4,1,3,0,90,4.7,1,1
5101,6.6,1,1,1,60,3.9,1,0
5102,8.4,2,2,2,85,4.8,0,0
5103,8.7,0,3,2,88,4.7,1,1
5104,8.3,1,3,2,90,4.7,1,1
5105,6.6,1,1,1,87,4.7,1,0
5106,6.7,2,3,2,82,4.8,0,1
5107,8.4,2,3,2,90,4.7,1,1
5108,7.7,1,3,2,90,4.7,1,1
5109,7.6,1,1,0,67,3.8,0,0
5110,7.8,1,2,0,80,4.7,1,0
5111,8.1,1,3,2,90,4.8,1,1
5112,6.5,1,1,0,72,3.8,0,0
5113,7.2,0,2,1,78,4.4,1,0
5114,6.6,1,3,0,77,3.7,1,0
5115,7.5,1,3,2,78,4.7,1,0
5116,7.6,1,1,1,75,3.6,1,0
5117,8.6,0,3,2,90,4.8,1,1
5118,6.8,0,1,0,73,4.5,0,0
5119,7.4,2,1,0,78,3.6,0,0
5120,7.9,1,3,2,89,4.6,1,1
5121,8,1,3,2,81,4.8,0,0
5122,8.3,2,2,2,90,4.8,1,1
5123,7.8,0,2,0,79,4.5,0,0
5124,7.8,1,1,2,75,4.1,1,0
5125,7.7,0,1,0,65,4.6,0,0
5126,7.6,1,2,0,77,4,1,0
5127,8,1,1,0,69,3.6,0,0
5128,6.6,0,1,0,77,3.7,0,0
5129,7.7,1,1,0,74,4.1,1,0
5130,6.7,1,1,1,76,3.9,0,0
5131,7.7,0,1,0,73,4.3,0,1
5132,8,1,1,0,82,4.5,1,0
5133,6.6,0,1,1,68,4.1,1,0
5134,7.5,1,1,0,68,4.3,1,0
5135,8,2,3,2,90,4.4,1,1
5136,7.5,1,3,1,81,4.6,1,0
5137,6.5,0,1,0,88,4.3,1,1
5138,7.4,2,1,1,78,4.3,0,0
5139,8.4,1,3,0,90,4.5,1,1
5140,7.5,1,1,0,72,4.1,0,0
5141,8.5,2,3,2,90,4.8,1,1
5142,6.6,0,2,0,79,4.2,0,0
5143,7.6,2,1,0,78,3.9,0,1
5144,8.1,1,3,2,90,4.8,1,1
5145,8.8,1,3,2,90,4.8,1,1
5146,7.5,0,3,1,84,4.5,1,0
5147,7.9,1,3,0,82,4.5,1,0
5148,6.5,1,1,1,67,4,1,0
5149,8.7,2,3,2,90,4.8,1,1
5150,8.4,1,3,1,86,4.5,1,0
5151,7.4,1,1,0,66,4.4,0,0
5152,8.1,2,3,2,87,3.9,1,0
5153,6.5,1,2,0,74,3.4,0,0
5154,7.7,1,1,2,85,3.6,0,1
5155,6.5,1,1,0,75,4.1,0,0
5156,7.1,0,1,0,70,3.8,1,0
5157,8.1,0,3,2,87,4.2,1,1
5158,7.8,2,1,2,90,4.7,0,1
5159,8.2,1,2,2,78,4.1,1,0
5160,7.4,1,1,0,72,3.6,1,0
5161,8.2,1,1,0,68,4,1,0
5162,7.8,1,2,2,76,4.4,1,0
5163,7.6,2,1,1,63,4.8,1,1
5164,7.9,1,2,0,82,4.7,1,0
5165,6.5,1,3,1,86,4.5,1,1
5166,6.6,1,3,2,85,4.7,1,1
5167,7.9,1,3,2,90,3.6,1,1
5168,8.8,2,3,2,84,4.3,1,1
5169,8.2,2,3,1,90,4.7,1,1
5170,7.6,2,1,1,84,4.5,0,0
5171,8.4,2,3,2,90,4.8,1,1
5172,8.2,1,1,1,78,3.6,1,0
5173,7.5,1,2,0,71,4.7,1,0
5174,7.7,1,3,3,82,4.4,1,1
5175,7.6,2,2,0,84,4.1,1,0
5176,7.4,1,1,0,77,4.1,1,0
5177,7.4,1,1,0,79,4,1,1
5178,7.4,2,3,2,90,4.6,0,1
5179,6.5,0,1,1,67,3.1,0,0
5180,7.3,0,2,1,79,4.2,0,0
5181,7.7,1,1,0,70,4.8,1,0
5182,8.2,1,3,2,86,4.6,0,1
5183,8.4,2,3,2,90,4.8,1,1
5184,6.9,1,1,1,90,3.9,0,0
5185,8.1,2,2,2,76,4.3,1,1
5186,7.7,0,1,0,74,3.7,0,0
5187,6.5,0,3,2,85,4.6,1,1
5188,7.6,0,3,2,78,4.8,1,1
5189,8.1,1,2,0,74,4.2,1,0
5190,7.4,0,1,0,80,4.3,1,0
5191,7.4,0,1,0,80,3.4,0,0
5192,7.4,1,1,0,67,4.1,1,0
5193,6.5,1,2,0,70,3.4,0,0
5194,8.1,1,2,1,81,4.7,1,0
5195,6.5,0,1,2,80,4.1,1,0
5196,7.8,1,2,0,84,4.5,0,0
5197,8.3,1,1,2,88,3.8,1,1
5198,7.7,2,3,3,82,4.5,1,1
5199,7.5,1,3,0,82,4.8,1,0
5200,6.5,0,1,0,69,3.6,1,0
5201,6.9,1,3,0,85,4.4,1,1
5202,8,0,1,0,83,3.3,1,0
5203,7.7,0,1,0,74,3.8,0,0
5204,7.6,1,2,0,81,4.7,1,0
5205,7.3,1,1,0,66,3.7,0,0
5206,7.4,0,1,0,79,4,1,0
5207,7.8,2,3,2,82,4.2,1,1
5208,8.6,1,1,2,73,3.8,0,0
5209,6.5,0,1,0,85,3.9,0,0
5210,8.6,1,3,2,86,4.7,1,1
5211,6.9,2,1,2,84,4.7,1,0
5212,7.5,1,1,2,84,4.8,0,0
5213,7.5,1,1,0,75,4,1,0
5214,6.5,0,2,1,65,4.4,0,0
5215,7.4,1,2,0,68,4.2,1,0
5216,7.5,1,2,1,76,3.8,0,0
5217,7.8,0,1,1,85,4.3,0,1
5218,7.7,0,3,1,82,4.1,1,1
5219,8.5,2,2,1,83,4.3,0,0
5220,7.4,2,2,0,84,4.3,1,0
5221,8,1,1,1,70,4.6,1,0
5222,7.5,1,1,1,68,4.3,0,0
5223,6.6,0,1,1,75,3.2,0,0
5224,7.7,0,2,0,76,3.7,1,0
5225,8.9,2,3,2,86,4.8,1,1
5226,8.3,1,3,2,82,4.7,1,1
5227,7.2,1,1,0,71,4.3,0,0
5228,8.2,2,3,2,90,4.8,1,1
5229,7.1,1,1,1,72,3.2,0,0
5230,6.9,0,1,0,77,3.7,1,0
5231,7.7,1,1,1,84,4.2,1,0
5232,8.6,0,3,2,81,4.8,1,1
5233,7.4,1,1,1,68,4.1,1,0
5234,8.4,2,1,0,90,4.8,1,0
5235,8.3,1,3,2,87,4.7,1,1
5236,7.4,1,3,0,81,3.7,1,0
5237,8.4,1,1,2,80,4.8,0,1
5238,7.7,0,1,2,86,4.5,1,0
5239,6.6,1,1,1,66,4.2,1,0
5240,7.5,0,2,0,88,4.2,0,1
5241,8.6,1,1,3,71,3.9,0,1
5242,8.4,1,3,0,90,4.6,1,1
5243,8.6,2,3,2,80,4.4,1,1
5244,8.8,1,3,2,88,4.7,1,1
5245,8.6,1,1,0,69,4.7,1,0
5246,8.4,0,2,3,84,4.4,1,1
5247,7.3,0,1,0,72,4,0,0
5248,7.5,0,1,0,68,3.6,0,0
5249,8.4,1,1,1,84,4.2,0,0
5250,8.1,1,2,1,75,4.2,0,0
5251,8.3,0,2,2,83,4.3,1,1
5252,6.9,1,1,1,67,3.9,1,0
5253,8.1,0,2,1,75,4.1,1,1
5254,7.5,0,1,0,66,3.7,1,0
5255,7.4,0,1,0,61,3.7,1,0
5256,7.8,1,3,3,84,3.9,1,0
5257,8.2,2,2,0,88,4.1,1,0
5258,6.5,1,1,0,81,4.2,1,0
5259,7.8,0,2,0,83,4.8,0,0
5260,8.3,0,2,1,80,3.9,1,0
5261,7.4,1,2,2,78,4.5,1,0
5262,7.5,1,2,1,67,3.8,1,0
5263,6.5,1,1,1,64,4.1,1,0
5264,6.6,1,2,0,77,4.1,1,0
5265,7.7,1,2,0,81,3.9,1,0
5266,8.3,2,3,2,90,4.8,1,1
5267,6.7,1,1,0,67,4.2,0,0
5268,8.2,2,3,2,90,4.8,1,1
5269,7.6,1,1,1,74,4.4,0,0
5270,8.8,2,3,2,84,4.8,1,1
5271,6.9,1,3,0,90,3.8,1,1
5272,8.6,0,1,1,88,4.2,1,0
5273,8.4,1,3,0,78,3.7,1,1
5274,6.5,1,1,0,76,4.5,1,1
5275,6.8,1,2,0,71,4.3,1,0
5276,8.1,0,3,2,73,4.2,1,1
5277,8.2,1,1,1,81,4.8,1,1
5278,7.4,1,2,1,68,4.2,1,0
5279,6.5,1,2,0,86,4.4,1,1
5280,7.5,1,3,3,89,4.4,1,1
5281,8.4,1,2,0,81,4.1,1,1
5282,8,2,3,2,90,4.8,1,1
5283,8.1,1,3,0,88,4.5,1,1
5284,8.2,1,1,2,87,4.3,0,0
5285,7.5,1,1,1,61,4.4,1,0
5286,6.5,1,1,0,77,4.1,0,0
5287,6.5,1,1,0,71,3.6,0,0
5288,7.9,0,3,0,90,4.4,0,1
5289,7.8,1,1,0,61,4.1,0,0
5290,7.3,2,3,0,90,4.4,1,1
5291,7.6,1,2,1,81,4.8,1,0
5292,8.1,2,3,2,90,4.8,1,1
5293,6.9,1,1,0,77,3.4,0,0
5294,8.4,0,3,2,90,4.8,1,1
5295,6.7,1,1,0,70,3.9,1,0
5296,7.8,1,3,1,80,4.8,0,0
5297,8.2,0,3,2,84,4,1,1
5298,8.3,2,3,0,82,4.6,1,1
5299,8.1,1,3,0,80,4.7,1,1
5300,6.6,1,1,0,71,4.5,1,1
5301,6.5,1,3,0,86,4.3,1,0
5302,7.7,1,2,2,79,4.8,1,0
5303,8.2,2,1,0,82,4.6,1,1
5304,7.6,2,2,0,73,4.4,1,1
5305,7.6,1,2,0,89,4.5,1,0
5306,8.2,2,3,2,90,4.8,1,1
5307,6.5,0,2,0,87,3.3,0,0
5308,7.4,1,1,1,68,4.3,0,1
5309,7.7,2,3,0,81,4.8,1,0
5310,8,1,1,0,83,4.7,0,0
5311,7.5,2,1,0,74,4.6,0,0
5312,7.7,1,2,0,90,4.8,1,1
5313,7.9,2,3,1,89,4.8,1,1
5314,8.4,2,3,2,83,4.5,1,1
5315,7.6,1,3,2,84,4.6,1,0
5316,6.9,1,2,1,68,4.5,1,0
5317,8.6,2,1,2,69,3.8,1,1
5318,7.9,1,3,2,66,4.1,0,0
5319,7.1,1,2,0,80,3.5,0,0
5320,8.2,2,2,2,88,4.2,1,0
5321,7.9,1,2,0,90,4.8,1,0
5322,6.6,1,2,0,73,4.3,0,0
5323,7.6,1,1,0,77,4.2,1,0
5324,8.7,1,3,3,89,4.8,1,0
5325,8.1,2,3,2,90,4.8,1,1
5326,8.1,2,3,2,86,4.5,1,0
5327,7.9,0,2,1,87,4.4,0,0
5328,8.6,0,3,2,75,4,1,1
5329,6.8,1,1,1,60,3.6,1,0
5330,8.3,1,1,1,77,3.6,1,0
5331,8.6,2,3,2,90,4.7,1,1
5332,7.6,1,3,0,80,4.6,1,1
5333,8.4,2,3,2,90,4.8,1,1
5334,7.5,0,1,2,73,3.9,1,1
5335,8.6,2,3,3,78,4.7,1,1
5336,7.4,1,1,0,60,3.7,0,0
5337,8,1,3,0,77,4.7,1,1
5338,8,2,3,2,90,4.8,1,1
5339,6.7,0,1,2,69,4.4,0,0
5340,7.5,1,1,1,68,4.6,1,0
5341,6.7,1,2,2,76,3.8,1,0
5342,7.7,1,1,1,73,3.7,1,0
5343,7.5,0,1,1,78,3.5,1,0
5344,7.6,1,1,0,71,4.1,1,0
5345,8.5,1,3,0,86,4.5,0,1
5346,6.5,1,1,0,79,4,0,0
5347,7.4,1,1,0,80,4.8,1,0
5348,7.4,0,2,0,75,3.5,1,0
5349,8.5,1,3,1,84,4.3,1,0
5350,7.7,1,1,0,71,3.5,1,0
5351,8,1,3,2,87,4.6,0,1
5352,8.3,1,3,2,81,4.7,1,0
5353,8.2,2,2,2,90,4.3,1,1
5354,7.4,1,2,1,71,4.7,1,0
5355,6.9,1,3,2,65,4,1,0
5356,8.4,1,1,0,78,4.8,0,0
5357,8.3,2,2,2,89,4,1,1
5358,7.3,1,2,0,72,4.3,1,0
5359,7.8,0,1,0,71,3.8,0,0
5360,7.5,1,1,2,69,4.3,0,0
5361,8,1,3,0,79,4.8,1,0
5362,8.5,2,3,2,90,4.8,1,1
5363,8.3,1,2,1,81,4.6,1,1
5364,8.4,0,2,0,81,4.4,1,1
5365,8.4,2,3,2,84,4.2,1,1
5366,8.5,0,2,0,79,4.5,0,0
5367,6.6,1,1,0,71,4.1,1,0
5368,8.1,2,3,0,86,4.3,1,1
5369,6.8,1,1,0,66,3.5,0,0
5370,7.6,2,2,0,84,4.3,0,0
5371,8.7,0,3,1,71,4.5,1,1
5372,8.2,0,3,2,81,4.7,0,0
5373,7.3,1,1,2,75,3.8,1,0
5374,8,2,3,0,84,4.6,1,1
5375,7.6,1,3,1,77,4.6,1,1
5376,7.7,0,3,1,85,4.3,1,1
5377,7.5,1,1,0,76,4,0,0
5378,7.3,1,1,0,76,4.4,1,0
5379,6.7,1,1,1,76,4.6,0,0
5380,6.7,1,2,2,78,4.4,1,0
5381,8.4,1,3,2,90,4.8,1,1
5382,8.8,2,3,2,86,4.7,1,1
5383,6.5,1,1,1,85,3.9,0,0
5384,7.7,2,3,0,77,4.6,1,0
5385,8.5,2,2,0,85,4.5,1,1
5386,8,1,2,0,68,4.5,0,0
5387,8.2,1,3,2,90,4.7,1,1
5388,8.1,0,3,2,88,4.8,1,1
5389,8.4,1,2,1,73,4,0,0
5390,8.3,1,3,1,67,3.7,1,0
5391,7.4,1,1,0,71,4.3,1,0
5392,8.5,1,1,2,77,4.3,1,1
5393,7.8,1,2,1,74,4.2,1,0
5394,8.2,1,3,0,84,4.5,1,1
5395,7,1,1,2,74,4.5,1,0
5396,8.4,0,1,2,79,3.9,1,0
5397,8,1,1,2,75,3.7,1,0
5398,7.5,1,1,1,69,3.6,1,0
5399,8.2,2,3,2,90,4.6,1,1
5400,7.7,0,1,0,71,3.5,0,0
5401,8.6,0,2,2,81,4.4,1,1
5402,8.2,1,3,0,89,4.8,1,0
5403,8.6,2,3,2,87,4.8,1,1
5404,7.5,2,2,0,72,4.5,1,0
5405,7.2,1,1,1,79,4.3,0,0
5406,8.4,0,0,2,90,4.8,1,1
5407,8.3,2,3,2,88,4.8,1,1
5408,6.8,0,1,0,71,3.3,0,1
5409,7.9,1,3,0,84,4.7,1,1
5410,8.1,1,3,2,90,4.7,1,1
5411,6.5,0,1,1,64,4.1,0,0
5412,7.7,1,3,0,78,4.4,0,0
5413,8.4,1,2,0,85,4.4,1,1
5414,8.1,1,3,0,88,4,1,1
5415,7.4,1,1,1,71,4.3,1,0
5416,7.4,1,2,0,80,4.6,1,1
5417,8.6,2,3,2,90,4.8,1,1
5418,7.6,1,1,0,79,4.8,1,0
5419,7.3,1,1,0,75,4.4,0,0
5420,7.5,0,2,0,79,3.7,0,1
5421,7.7,0,3,1,84,4.2,0,0
5422,7.6,1,1,1,74,4.6,1,0
5423,8.3,0,3,0,88,4.7,1,1
5424,6.6,1,2,0,70,4.1,1,0
5425,7.6,1,3,2,89,4.8,1,1
5426,7.8,2,3,2,86,4.8,1,1
5427,7.7,1,3,2,90,4.4,1,1
5428,7.9,1,3,1,76,3.8,0,0
5429,7.6,1,2,1,65,4.2,1,0
5430,7.6,1,2,0,86,4.8,1,1
5431,8.1,0,3,1,80,4.6,1,1
5432,7.6,1,2,1,79,4.8,1,0
5433,7.7,1,2,1,61,4,0,0
5434,8,2,3,0,89,4.5,1,1
5435,7.7,1,2,0,78,3.8,1,0
5436,7.6,0,1,1,61,3.4,1,0
5437,7.7,1,1,2,72,3.7,1,0
5438,8.1,2,3,2,90,4.7,1,1
5439,7.9,1,1,0,71,4.4,1,0
5440,6.5,1,2,1,64,3.7,1,0
5441,8.1,2,3,2,90,4.8,1,1
5442,6.6,2,2,0,73,4.1,0,0
5443,8.1,2,3,2,88,4.5,1,0
5444,7.4,1,2,0,69,3.8,0,0
5445,6.5,1,1,0,71,4.2,1,0
5446,7.9,1,3,1,77,4.1,1,0
5447,8.1,1,3,0,78,4,1,0
5448,8.4,2,3,2,89,4.6,1,1
5449,7.8,1,1,0,77,4,1,1
5450,8.4,0,3,2,81,4.8,0,1
5451,8.7,1,2,0,80,4.5,1,1
5452,7.4,1,3,1,81,4.4,1,0
5453,7.5,1,2,1,81,4.2,1,0
5454,8.2,2,3,0,88,4,1,1
5455,8.4,2,3,2,87,4.8,0,1
5456,8.7,2,3,2,83,4,1,1
5457,7.7,1,2,0,88,4.1,1,0
5458,7.6,1,2,0,81,4.7,1,0
5459,8.5,2,3,2,90,4.8,1,1
5460,7.9,2,2,2,90,4.8,0,1
5461,6.6,1,1,1,80,3.9,1,0
5462,7.8,2,3,2,85,4.6,1,0
5463,8.1,2,3,0,77,4.8,1,1
5464,7.2,1,2,1,74,3.7,0,0
5465,6.5,1,3,3,84,4.5,1,0
5466,8.2,2,2,1,74,4.2,1,1
5467,8,1,3,2,90,4.8,1,1
5468,7.7,1,3,0,85,4.8,0,1
5469,8.2,1,3,0,87,3.7,1,1
5470,8.5,2,3,2,90,4.8,1,1
5471,7.4,1,1,0,62,4.1,0,0
5472,6.8,1,2,1,71,4.7,1,0
5473,8.1,1,3,2,90,4.8,1,1
5474,7.4,1,2,0,82,4.3,1,0
5475,7.5,1,3,0,90,4.3,1,1
5476,6.5,1,1,0,77,4.2,1,0
5477,6.6,1,1,2,76,4,1,0
5478,7.8,1,1,1,65,3.7,0,0
5479,7.9,1,3,2,82,4.4,1,0
5480,6.8,1,1,1,80,4.3,1,1
5481,7.6,1,2,2,75,4.6,0,0
5482,8.7,2,3,2,85,4.4,1,1
5483,8.6,1,3,2,90,4.8,1,1
5484,7.6,0,1,1,73,3.3,0,0
5485,7.9,0,3,2,88,4.6,1,0
5486,8.2,1,1,1,76,4.1,0,0
5487,7.2,1,1,1,68,3.4,0,0
5488,8.3,2,3,2,68,3.9,0,1
5489,7.6,1,2,2,82,4.8,1,0
5490,8.6,2,3,2,90,4.8,1,1
5491,8.1,0,1,0,83,4.3,1,1
5492,7.6,1,1,0,63,4.3,0,0
5493,8.4,1,1,0,78,4.3,1,1
5494,7.8,2,3,2,85,4.7,1,1
5495,8.6,2,3,2,90,4.8,1,1
5496,7.6,1,2,0,79,4.2,0,0
5497,8.4,2,3,2,85,4.7,1,0
5498,7.4,0,2,0,73,3.7,1,0
5499,7.4,2,2,0,68,3.8,1,0
5500,7.1,2,1,3,71,4.8,0,0
5501,8.1,1,1,0,69,4.8,0,0
5502,7.8,1,3,0,89,4,1,1
5503,6.6,1,1,0,81,4.4,1,0
5504,6.7,1,2,0,89,4.7,1,0
5505,8.5,2,3,0,85,4.7,1,0
5506,6.5,0,3,1,75,4.3,0,1
5507,8.2,1,2,1,71,3.7,1,0
5508,7,1,2,0,67,3.5,1,0
5509,7.4,0,1,0,72,3.7,0,0
5510,7.8,1,2,2,90,4.3,1,0
5511,6.7,1,1,0,75,3.1,1,0
5512,7.6,1,3,0,87,4.4,1,0
5513,8.7,0,2,2,84,4.5,1,0
5514,8.3,2,3,0,82,3.5,0,0
5515,7.2,1,2,1,77,4.1,1,0
5516,7.7,1,3,0,76,4.5,0,1
5517,6.5,1,1,1,62,4,0,0
5518,7.4,1,2,0,69,3.6,0,0
5519,8,0,3,1,90,4.8,1,0
5520,8.5,2,2,2,81,4.8,1,1
5521,7.6,1,3,2,88,4.5,1,1
5522,8.2,0,1,0,88,4,0,0
5523,7.2,1,1,0,66,3.9,0,0
5524,7.9,2,1,0,81,3.7,1,1
5525,7.6,1,3,1,73,4.3,1,0
5526,7.5,1,3,0,78,3.6,1,0
5527,8.4,1,3,0,82,4.3,1,1
5528,7.7,1,1,0,78,4.4,1,0
5529,6.5,0,2,2,88,4.6,1,0
5530,6.8,1,2,0,78,4.3,1,1
5531,8,1,3,2,79,4.6,1,1
5532,6.6,0,3,0,87,4.6,1,1
5533,7.5,1,2,1,72,4.5,1,0
5534,8.2,2,2,2,80,4.5,1,1
5535,7.5,1,2,1,72,4.4,1,0
5536,8.2,2,3,2,90,4.8,1,1
5537,6.6,2,2,1,61,3.5,1,0
5538,7.4,1,2,1,68,4.2,1,0
5539,8.3,2,3,0,80,4.2,0,0
5540,8.1,2,3,2,89,4.8,1,1
5541,8.2,2,3,2,88,4.8,1,0
5542,6.5,1,1,0,79,4,1,0
5543,8.7,1,2,0,74,4.8,0,0
5544,8.6,2,3,1,85,4.3,1,1
5545,7.2,2,3,2,84,4,0,1
5546,8.2,1,3,2,90,4.8,1,1
5547,7.6,0,1,2,79,4.8,1,1
5548,7.7,2,2,2,85,4.3,1,1
5549,8.6,1,1,0,65,3.7,0,0
5550,7.9,2,3,2,85,4.7,1,1
5551,7.5,1,1,0,65,3.9,1,0
5552,8,2,2,2,89,4.2,1,1
5553,7.6,1,1,0,77,4.5,1,0
5554,8.3,0,2,0,78,4.5,1,1
5555,8.4,2,3,2,90,4.8,1,1
5556,6.5,0,1,2,76,4.1,1,0
5557,8.1,1,1,3,75,4,0,0
5558,8.4,2,3,2,90,4.8,1,1
5559,7.8,0,2,1,79,4.7,1,0
5560,8.5,1,3,2,90,4.8,1,0
5561,6.5,1,1,1,83,4.4,0,0
5562,7.8,1,1,1,77,4.5,0,0
5563,6.7,1,2,1,82,4.3,1,1
5564,6.5,0,2,0,77,4.4,1,0
5565,8,2,1,2,88,3.8,0,0
5566,7.5,1,1,0,75,4.1,1,0
5567,6.5,2,1,0,60,4.5,0,0
5568,7.5,1,3,0,83,4.1,1,1
5569,6.5,2,1,1,82,4.8,1,0
5570,8.5,2,3,2,84,4.6,1,1
5571,6.8,0,1,0,75,4.7,1,0
5572,8.5,2,3,0,89,4.2,1,1
5573,7.7,1,2,2,61,3.8,1,0
5574,7.2,1,1,0,72,4.1,1,0
5575,6.5,0,1,0,66,3.5,0,0
5576,7.6,1,2,1,79,4.5,1,0
5577,7.5,1,1,0,68,3.6,1,0
5578,7,1,1,1,74,4.4,1,0
5579,8.4,2,3,0,85,4.6,1,0
5580,8.4,1,2,2,79,4.8,1,0
5581,7.7,0,3,2,86,4.7,1,1
5582,8.3,1,1,0,75,4.2,1,1
5583,8.8,1,2,2,77,4.3,1,1
5584,6.5,1,3,0,90,4.6,1,1
5585,7.6,2,1,0,73,4,1,1
5586,6.5,1,1,0,72,4.5,0,0
5587,7.5,0,1,0,76,4.4,0,0
5588,7.6,1,1,1,72,4.6,1,1
5589,8.2,1,2,0,78,3.8,1,0
5590,6.6,1,2,0,78,4.7,1,0
5591,7.5,1,1,0,69,3.8,1,0
5592,8.1,0,3,1,86,4.7,1,1
5593,8.2,1,3,2,90,4.8,1,1
5594,8.7,2,3,2,90,4.7,1,1
5595,8,1,3,2,77,4.5,0,0
5596,7.5,1,2,1,75,3.7,1,0
5597,6.6,1,1,0,70,4.5,0,0
5598,8.2,1,2,2,88,4.4,1,1
5599,8.5,2,3,2,89,4.8,1,1
5600,8.6,1,3,2,76,4,0,0
5601,8.4,1,3,2,72,4.6,0,1
5602,7.6,1,3,1,73,4.1,1,0
5603,8.4,1,3,2,90,4.8,1,1
5604,8.3,2,3,2,88,4.8,1,1
5605,8.4,2,3,2,88,4.5,1,1
5606,8.7,2,3,2,83,4.8,1,1
5607,7.6,1,2,0,76,4,0,0
5608,8.4,1,3,0,89,4.8,1,1
5609,8.3,2,3,2,90,4.8,1,1
5610,6.5,1,1,0,85,4.6,1,0
5611,6.9,0,2,1,71,3.2,0,0
5612,8.1,1,2,1,73,4.2,1,0
5613,7.7,1,2,0,80,4.6,1,0
5614,7.2,0,1,0,75,3.5,0,0
5615,8.3,1,1,2,74,4.1,1,0
5616,8.3,2,3,0,86,4.7,1,1
5617,8.2,2,3,3,88,4.8,1,1
5618,8.4,1,2,0,79,4.3,1,1
5619,7.4,1,2,1,78,4.6,1,0
5620,7.9,1,2,2,84,4.6,1,0
5621,7.7,2,3,2,90,4.8,1,1
5622,7.7,1,2,2,78,3.8,0,0
5623,8.7,0,2,1,80,4.8,1,1
5624,6.8,0,2,1,65,4.8,1,0
5625,7.8,2,3,2,82,4.6,1,1
5626,7.8,2,3,2,90,4.8,1,1
5627,7.7,1,1,0,72,4.4,0,0
5628,8.2,2,2,2,70,4.2,0,0
5629,8.9,0,3,3,87,4.8,1,1
5630,7.5,1,2,1,76,3.8,1,0
5631,8.3,1,3,2,82,4.8,1,1
5632,8,1,3,2,90,4.4,1,1
5633,6.6,0,1,1,69,4.2,0,0
5634,8.2,2,3,2,86,4.4,1,1
5635,7.6,0,1,2,75,4.5,0,0
5636,6.6,0,2,0,64,3.3,1,0
5637,7.4,1,1,0,77,4,0,0
5638,6.6,2,3,0,73,4.5,1,0
5639,7.5,1,3,2,90,4.8,1,1
5640,7.3,1,1,1,83,3.8,1,0
5641,6.6,0,2,1,63,4.1,0,0
5642,7.7,0,1,0,82,4.1,0,0
5643,7.7,0,1,1,87,3.9,0,0
5644,7.6,2,2,1,88,4.8,1,0
5645,6.5,1,1,0,77,3.6,1,0
5646,6.5,1,2,1,89,4,1,0
5647,8.3,1,3,1,73,4.7,0,0
5648,8.5,1,3,1,84,3.9,1,1
5649,7.4,1,1,0,77,3.6,1,0
5650,6.6,1,3,2,89,4.5,1,1
5651,7.6,1,1,1,71,4.2,1,0
5652,6.7,0,1,0,74,4.1,1,0
5653,7.6,0,1,2,75,4.2,0,0
5654,7.5,1,1,0,66,3.7,0,0
5655,6.5,1,1,0,74,4.2,1,0
5656,8.1,1,2,0,74,4.7,1,0
5657,7.5,1,3,0,77,4,1,0
5658,7.3,1,1,0,78,3.1,0,0
5659,8,1,3,2,89,4.3,1,1
5660,8.3,1,1,0,81,4.5,0,1
5661,6.5,1,1,1,85,4.8,1,0
5662,7.9,1,3,2,90,4.8,0,1
5663,8.8,2,3,3,90,4.8,1,1
5664,6.5,1,1,1,81,4.7,1,0
5665,7.5,0,1,0,88,4.7,0,0
5666,8.3,2,2,0,89,4.8,1,0
5667,7.4,1,1,1,60,4.3,1,0
5668,6.5,1,3,1,79,4.2,1,0
5669,8.3,1,2,0,82,4.5,1,1
5670,8.7,1,3,2,85,4.8,1,1
5671,8.1,1,1,2,68,3.2,1,0
5672,7.7,1,1,1,79,3.7,1,0
5673,8.2,2,3,2,90,4.8,1,1
5674,6.8,2,3,0,82,4.7,1,1
5675,7.4,1,1,0,77,3.8,0,0
5676,7.6,2,2,0,74,4,1,1
5677,7.7,0,1,0,66,3.7,0,0
5678,8.5,0,3,2,76,4.8,0,1
5679,8.6,2,3,1,90,4.8,1,1
5680,7.5,1,1,1,73,3.5,1,0
5681,8.6,2,3,2,90,4.6,1,1
5682,8.5,1,3,0,88,4.8,1,1
5683,7.4,1,2,0,76,4.5,1,0
5684,8.4,1,3,2,76,4.5,1,1
5685,7.4,2,3,1,77,4.4,1,0
5686,8.3,0,3,2,88,4.8,1,1
5687,8.1,0,2,0,84,4.7,1,0
5688,8.5,2,3,2,71,4.6,1,1
5689,8.3,0,2,2,81,4.4,0,1
5690,8.2,2,1,1,90,4,1,0
5691,6.7,0,2,1,69,4.4,1,0
5692,6.6,1,1,0,74,4.6,1,0
5693,8.7,2,3,2,90,4.7,1,1
5694,9,2,3,2,90,4.8,1,1
5695,7,1,1,0,72,4.5,1,0
5696,7.2,1,3,1,71,4.4,1,0
5697,8.1,0,3,0,86,3.7,1,1
5698,7.7,1,2,2,78,4.3,1,1
5699,7.4,1,2,2,66,4.4,1,0
5700,8.2,1,2,1,86,4.5,1,1
5701,8.1,1,2,2,74,4.4,1,1
5702,7.4,1,1,0,69,4,1,0
5703,7.5,0,2,2,73,4.8,1,1
5704,8.2,2,3,2,90,4.8,1,1
5705,6.5,1,3,2,71,4.2,0,0
5706,7.6,1,1,0,69,3.9,1,0
5707,8.1,1,3,2,89,4.6,1,1
5708,7.7,1,1,0,82,4.5,1,0
5709,8.2,2,3,3,90,4.5,1,0
5710,7.8,2,3,2,90,4.8,1,1
5711,8.2,0,1,2,81,4.2,1,0
5712,8.3,1,3,2,90,4.8,1,1
5713,7.8,1,1,1,70,4.1,1,0
5714,6.9,2,2,2,72,3.7,1,0
5715,7.9,1,3,2,90,4.4,1,1
5716,7.5,1,2,1,65,4.1,0,0
5717,6.5,1,2,1,68,4.8,0,0
5718,8.2,1,1,2,76,4.5,1,1
5719,7.9,2,3,2,87,4.8,1,1
5720,7.2,1,2,2,82,4.5,0,0
5721,8.8,2,3,2,90,4.8,1,1
5722,8,1,0,2,79,4.4,1,1
5723,7.7,1,0,0,75,3.6,1,1
5724,8.4,2,3,2,90,4.8,1,1
5725,8.6,2,3,2,90,4.8,1,1
5726,7,1,2,0,69,4.7,1,1
5727,8.9,2,3,2,90,4.8,1,1
5728,8.2,2,1,3,88,4.2,1,1
5729,7.8,0,3,0,83,4.4,1,0
5730,8.5,0,3,0,84,4.5,1,1
5731,8,2,3,2,90,4.8,1,1
5732,7.2,0,1,0,73,4.4,1,0
5733,6.5,1,2,0,66,4.2,1,0
5734,8,2,1,0,78,4.6,0,1
5735,6.5,1,1,0,72,4.8,0,0
5736,7.3,1,3,0,77,4.5,1,0
5737,8.3,2,3,2,90,4.8,1,1
5738,7.5,0,1,1,70,4.5,1,0
5739,7.7,0,3,0,84,4.3,1,1
5740,8,2,3,2,90,4.6,1,1
5741,7.4,1,2,1,68,3.6,0,0
5742,8.3,2,3,0,90,4.8,1,1
5743,6.5,1,3,2,77,4.2,1,0
5744,8.7,1,3,3,88,3.8,1,0
5745,8.4,2,3,2,90,4.8,1,1
5746,7.7,2,1,0,83,4.6,1,0
5747,7.6,0,1,1,70,3.9,1,0
5748,7.7,1,1,0,71,4.1,1,0
5749,7.6,1,1,1,77,4,1,0
5750,7.4,1,1,1,78,3.7,1,1
5751,7.5,1,1,1,75,4,0,0
5752,7.5,1,1,1,77,4.5,0,0
5753,7.2,1,1,1,72,4.5,1,0
5754,7.1,0,1,0,87,4.4,1,1
5755,7.1,0,3,0,80,4.4,0,1
5756,7.6,1,2,2,76,4.8,1,0
5757,7.6,2,2,1,88,4.6,1,0
5758,7.5,0,2,1,77,3.8,1,0
5759,7.3,1,1,1,72,3.5,1,0
5760,8.2,1,1,2,82,4.8,1,1
5761,8.5,2,3,2,79,4.8,0,0
5762,8.2,1,2,0,67,4.1,1,0
5763,8.3,0,2,1,89,4.7,1,1
5764,8.3,2,3,2,90,4.8,1,1
5765,8.6,1,2,2,78,4.8,1,1
5766,7.7,1,3,3,84,4.7,1,0
5767,8,0,3,0,76,3.6,1,0
5768,7.4,1,2,2,78,4.7,1,1
5769,7.5,1,2,2,89,4.8,1,1
5770,7.6,1,3,2,84,4.6,1,1
5771,6.7,1,2,1,89,4.4,1,0
5772,8.8,2,3,0,88,4.7,1,1
5773,6.5,0,2,0,74,3.5,0,0
5774,8.2,1,1,0,71,4,1,0
5775,7.7,1,3,1,71,4.6,0,0
5776,7.5,1,1,0,72,4.4,1,1
5777,8.4,1,1,0,72,3.8,0,0
5778,8,1,1,1,77,4.7,1,0
5779,7.5,0,3,1,65,4.2,0,0
5780,8.6,1,3,0,82,4.3,1,1
5781,8.6,1,3,0,88,4.5,1,0
5782,6.6,1,3,1,70,4.7,1,1
5783,6.9,2,3,0,86,4.6,1,0
5784,7.4,1,2,0,71,3.7,1,0
5785,8.2,1,2,1,77,3.7,1,1
5786,7.6,1,2,1,77,4.4,1,0
5787,8.1,1,3,2,75,3.9,1,0
5788,8.2,1,1,2,72,4.1,1,0
5789,8,2,3,2,79,4.8,0,1
5790,7.5,2,2,2,90,4.3,1,1
5791,7.9,1,1,0,80,4.4,1,0
5792,6.7,0,1,0,75,4.2,0,0
5793,7.6,1,2,1,86,4.8,1,1
5794,7.7,2,1,0,68,4.6,0,0
5795,8.5,1,3,0,85,4.8,1,1
5796,6.6,1,1,0,69,3.8,1,0
5797,7,1,3,2,85,4.3,1,1
5798,8.2,1,2,2,84,4.5,1,1
5799,6.5,1,3,2,84,4.7,0,0
5800,8,0,2,2,87,4.7,0,0
5801,7,0,1,1,85,4.8,0,0
5802,8,0,1,0,75,3.8,0,0
5803,7.7,1,2,1,70,4,1,0
5804,8,1,3,2,77,4.5,1,0
5805,7.6,1,3,1,65,3.7,0,0
5806,8.4,2,3,2,89,3.9,1,1
5807,8.4,1,3,2,79,4.5,1,1
5808,7.3,0,1,1,75,3.2,1,0
5809,8.1,2,3,2,90,4.8,1,1
5810,6.6,1,2,1,64,3.5,1,0
5811,8.3,1,2,3,82,3.7,1,0
5812,7.5,0,1,0,79,3.6,1,0
5813,8.2,0,3,2,89,4.3,0,1
5814,7.6,1,1,2,75,4.8,1,0
5815,7.5,1,3,2,88,4.8,1,1
5816,8.5,2,3,2,90,4.7,1,1
5817,8.5,1,1,2,87,4.5,1,1
5818,8.3,2,3,1,90,4.8,1,1
5819,7.4,1,2,0,68,3.8,1,0
5820,7.1,2,2,1,84,3.9,0,0
5821,7.5,1,1,1,80,4.2,0,0
5822,8.5,2,3,2,90,4.7,1,1
5823,8.2,1,3,0,85,4.4,0,0
5824,7.8,1,3,1,85,4.5,1,1
5825,7.1,0,3,2,74,4.5,1,0
5826,8.7,1,3,2,85,4.1,1,0
5827,8.1,1,3,2,90,4.8,1,1
5828,7.5,1,1,1,78,4.2,0,0
5829,6.6,0,1,0,81,4.5,1,0
5830,7.8,0,3,3,85,4.8,1,1
5831,8.7,1,2,2,73,4.4,1,0
5832,8.3,1,3,0,68,4.6,1,1
5833,6.5,1,2,2,90,4.8,1,0
5834,7.4,1,3,0,71,4.4,1,1
5835,7.9,2,3,2,80,4.4,1,1
5836,7.8,1,2,0,82,4.2,0,0
5837,8.2,1,1,0,88,3.9,1,0
5838,8.4,0,3,2,87,4.2,1,1
5839,6.7,1,2,0,78,4.6,1,1
5840,8.1,0,2,0,81,4.5,1,0
5841,8.4,0,2,2,80,3.9,1,1
5842,8.7,2,3,2,89,4.7,1,1
5843,8,1,1,1,82,4,0,0
5844,8,1,3,2,90,4.3,1,1
5845,7.8,1,3,2,87,4.8,1,1
5846,7.7,0,2,2,69,4.4,1,0
5847,8.1,2,3,2,90,4.8,1,1
5848,8.3,2,3,0,86,4.7,1,1
5849,7.4,1,3,0,78,4.2,1,1
5850,8.4,1,1,3,83,4.6,0,0
5851,7.9,1,2,1,64,4.2,1,0
5852,8.5,1,2,0,70,3.9,1,1
5853,8.5,1,3,2,90,4.8,1,1
5854,8.4,1,3,2,85,4.8,1,1
5855,7.4,1,3,2,70,4.4,0,0
5856,7.4,1,2,1,84,4.4,1,0
5857,6.5,0,3,1,70,3.3,1,1
5858,8,1,1,0,81,4.2,1,0
5859,6.6,1,2,1,66,4.6,0,0
5860,8.5,0,3,0,90,4.5,1,1
5861,6.8,0,1,2,71,4.2,0,0
5862,7.5,1,1,1,78,4.4,1,0
5863,7.8,0,2,0,78,4.4,1,1
5864,6.6,0,2,0,83,4.8,1,1
5865,7.6,1,3,2,77,4.4,1,1
5866,6.5,1,1,0,68,4.8,1,0
5867,8,2,2,2,85,4.5,1,0
5868,6.6,1,1,0,76,4.4,0,0
5869,6.7,0,2,0,74,4.2,1,0
5870,6.7,0,2,0,74,3.6,1,1
5871,7.7,1,1,1,89,4.4,0,0
5872,8.1,0,2,2,68,4.8,1,0
5873,7.6,0,1,0,66,4,0,0
5874,6.5,1,1,1,75,3.6,1,0
5875,7.5,0,1,0,72,3.9,1,0
5876,8.6,2,3,2,84,4.8,1,1
5877,7.5,0,2,0,81,4.3,1,0
5878,7.8,1,2,0,78,3.7,1,1
5879,8.3,1,3,2,85,4.7,1,0
5880,6.9,1,1,1,62,3.5,0,0
5881,6.5,1,1,2,80,4.3,1,0
5882,6.5,0,1,1,75,4.5,1,0
5883,6.9,1,1,0,76,4,0,1
5884,8.1,1,3,1,90,4.8,1,1
5885,8.4,0,2,3,90,4.3,1,1
5886,6.5,1,1,0,82,4.4,0,0
5887,7.7,1,1,0,78,3.8,1,0
5888,8.1,2,3,2,88,4.7,1,1
5889,8,0,1,0,72,4.2,0,0
5890,7.5,2,2,1,78,4.4,1,1
5891,6.9,0,1,0,72,4.4,0,0
5892,8.4,2,3,2,90,4.8,1,1
5893,7.8,1,3,2,90,4.8,1,1
5894,8,2,1,2,89,4.2,1,0
5895,6.9,1,1,0,76,3.3,1,0
5896,7.6,1,1,1,71,4.3,0,0
5897,8,1,3,2,90,4.7,1,1
5898,8.2,2,2,2,73,4.6,1,0
5899,6.7,1,1,0,79,4.1,1,0
5900,8.5,2,3,2,90,4.8,1,1
5901,6.8,1,1,0,85,4.3,1,1
5902,6.9,0,3,0,89,4.4,1,1
5903,8.6,1,3,2,90,4.8,1,1
5904,7.6,0,1,0,76,3.5,1,1
5905,8,0,3,0,90,3.8,0,1
5906,7,0,3,2,90,4.1,1,0
5907,6.5,1,2,0,76,4.3,1,0
5908,7.4,1,1,0,75,3.9,0,0
5909,8.3,1,2,3,90,4.8,1,1
5910,7.5,0,2,1,80,4.7,1,1
5911,6.7,1,1,1,66,3.5,0,0
5912,8.6,2,3,2,90,4.8,1,1
5913,8.2,1,3,2,90,4.8,1,1
5914,7.4,1,1,1,80,4.7,1,0
5915,7.5,1,1,1,73,3.6,1,0
5916,7.5,1,1,0,84,3.7,1,0
5917,7.5,0,2,1,83,4.6,1,0
5918,7.4,1,1,0,87,4.6,0,0
5919,7.4,0,1,0,65,3.4,0,0
5920,7.7,0,2,1,75,4.8,1,0
5921,7.1,1,3,2,88,4,1,1
5922,6.5,0,1,1,66,4.1,0,0
5923,7.9,1,2,0,76,4.7,0,0
5924,7.4,1,1,0,78,4.8,0,1
5925,8,0,2,2,79,4.4,1,0
5926,7.7,1,2,0,63,4.3,0,0
5927,8.6,1,2,2,83,4,1,0
5928,7.1,2,3,2,90,4.7,1,1
5929,6.9,1,3,2,87,4.8,1,1
5930,6.6,1,1,0,78,4.3,1,0
5931,6.8,1,1,0,80,3.6,0,0
5932,7.6,1,2,1,81,3.9,0,0
5933,7.8,2,3,2,90,4.8,1,1
5934,7.5,1,2,2,86,4.8,1,1
5935,8.9,2,3,0,90,4.8,1,1
5936,7.3,1,1,1,78,4.2,1,0
5937,6.8,1,1,0,82,3.8,0,0
5938,7.3,2,3,2,90,4.5,1,1
5939,8.5,1,3,1,84,4.3,1,1
5940,8.1,2,3,2,90,4.6,1,1
5941,8.4,2,3,2,90,4.7,1,1
5942,7.7,1,2,2,82,4.8,1,1
5943,7.9,1,1,0,85,4.7,1,0
5944,8.2,2,3,2,90,4.8,1,1
5945,7.6,0,1,0,69,3.1,0,0
5946,8.1,0,3,2,84,4.8,1,0
5947,7.8,0,1,1,84,4.3,0,0
5948,8.7,0,1,2,78,4.7,1,0
5949,8.3,0,3,2,90,4.8,1,1
5950,8.5,1,3,2,90,4.5,1,0
5951,7.3,1,1,1,72,4.6,1,0
5952,7.4,1,1,1,81,4.2,0,0
5953,7.7,1,3,1,89,4.8,1,1
5954,7.7,1,1,0,76,3.8,0,0
5955,7.4,1,1,0,85,4.7,1,0
5956,7.9,1,3,0,81,3.2,1,0
5957,7.5,1,2,0,89,4.7,1,1
5958,7.6,1,2,0,71,3.5,1,0
5959,8.3,1,1,0,69,4.5,1,0
5960,7.7,1,1,0,64,4.4,0,0
5961,6.5,1,1,0,69,4.5,0,0
5962,8.2,0,2,1,75,4.6,0,0
5963,7.4,1,2,1,68,3.5,1,0
5964,7.7,1,1,0,90,4.8,1,1
5965,8.6,2,3,2,90,4.8,1,1
5966,7.6,1,2,2,80,4.5,1,0
5967,6.6,1,3,2,87,4.8,1,1
5968,8.4,2,3,2,83,4.6,1,1
5969,7.5,1,1,0,74,3.7,1,1
5970,8.3,1,1,0,89,4.5,1,0
5971,8.8,2,3,2,90,4.8,1,1
5972,7.6,0,3,0,88,4.6,0,1
5973,7.5,1,2,0,83,4.3,1,1
5974,7.5,1,2,0,82,4.2,1,0
5975,7.6,0,2,1,68,4.3,1,0
5976,8.4,1,2,1,85,4.8,0,0
5977,8,2,2,2,87,4.6,1,0
5978,8.2,0,3,2,81,4.7,1,1
5979,8.3,2,3,2,90,4.8,1,1
5980,7.6,1,1,1,69,4.3,0,0
5981,6.5,1,1,1,72,4.2,0,0
5982,7.5,0,1,0,80,3.9,1,0
5983,8.8,2,3,2,90,4.7,1,1
5984,8.1,2,1,1,81,4,1,1
5985,7.7,1,1,2,64,4.4,1,0
5986,8.4,2,3,2,77,4.5,1,0
5987,7.3,1,1,1,65,3.8,1,0
5988,8.1,2,3,0,86,4.5,1,1
5989,8.4,0,1,1,82,3.6,1,1
5990,8.7,1,3,3,90,4.5,1,1
5991,8.4,0,1,0,77,3.5,1,0
5992,6.8,1,1,1,68,4.5,1,0
5993,7.7,1,1,0,78,4.3,1,1
5994,8.3,1,3,2,90,4.8,1,1
5995,6.5,1,3,0,72,4.6,1,1
5996,7.9,1,3,2,90,4.8,1,1
5997,7.5,1,2,0,79,4.2,1,0
5998,7.7,1,2,0,78,4,1,0
5999,7.7,1,2,0,78,4.5,1,0
6000,7.5,0,1,1,82,4.7,0,0
6001,8.2,1,3,3,88,4.8,1,1
6002,7.2,1,1,0,61,3.5,0,0
6003,8.1,2,3,2,85,4.5,1,0
6004,8.3,1,2,1,76,4.2,1,0
6005,8.2,0,1,0,76,4.3,0,0
6006,7,1,1,1,64,4.1,0,0
6007,7.6,1,2,1,73,4.3,1,1
6008,6.8,0,1,1,68,3.9,0,0
6009,7.4,1,2,0,65,4.6,0,0
6010,6.5,1,2,0,83,4.6,1,0
6011,6.6,0,2,1,74,4.6,1,0
6012,7.5,0,1,0,80,4.1,1,0
6013,7.5,1,2,0,74,4.6,1,0
6014,6.7,1,1,0,60,4,0,0
6015,7.9,1,2,0,85,4.1,1,0
6016,7.3,1,1,1,67,4.2,1,0
6017,8.5,2,3,2,88,4.8,1,1
6018,7.4,1,2,0,76,4.4,1,0
6019,7.4,0,2,0,72,3.5,1,0
6020,8,1,3,2,89,4.8,1,1
6021,8.1,0,1,1,84,4.6,0,0
6022,7.2,0,2,0,77,3.7,1,0
6023,7.6,1,1,0,72,4.2,1,0
6024,7.8,1,3,0,89,4.6,1,1
6025,7.6,2,2,1,72,3.9,0,0
6026,8,0,1,1,75,4.1,0,0
6027,6.5,0,3,2,84,3.9,1,1
6028,7.1,0,1,1,69,3.7,0,0
6029,6.8,1,2,0,82,4.4,1,1
6030,7.4,1,2,0,69,3.6,1,0
6031,7.8,1,2,0,73,4.5,0,0
6032,7.6,1,1,0,73,4.2,1,0
6033,8.6,2,3,2,90,4.8,1,1
6034,7.5,2,3,2,90,4.1,1,1
6035,8.2,2,3,2,90,4.8,1,1
6036,6.5,0,1,0,62,4.1,0,0
6037,7.4,1,3,0,88,4.1,1,0
6038,7.6,1,1,0,74,3.8,0,0
6039,8.1,0,3,2,79,4.3,1,1
6040,8.1,0,1,2,90,4.7,1,1
6041,8.8,1,3,2,84,4.2,1,1
6042,8.2,2,3,2,90,4.8,1,1
6043,8.4,2,3,2,89,4.8,1,1
6044,6.5,1,1,0,72,4.7,0,0
6045,7.5,2,1,1,90,4.1,1,0
6046,7.5,1,3,2,89,4.8,1,0
6047,8.2,1,3,1,77,4.2,1,1
6048,7.6,0,1,1,79,4.2,1,0
6049,6.7,0,1,0,65,4.3,1,0
6050,7.8,0,1,0,74,4,0,0
6051,6.6,1,1,0,63,3.7,0,0
6052,8.1,2,3,2,88,4.4,0,1
6053,7.4,0,1,0,79,3.3,1,0
6054,7.5,1,1,0,76,4.2,0,0
6055,8.7,1,2,0,69,4.6,1,1
6056,7.6,1,3,1,79,3.9,1,1
6057,6.5,0,2,0,74,4.1,1,0
6058,7.5,1,3,0,71,4.2,1,0
6059,7.9,1,2,1,61,4.2,1,0
6060,8.9,1,3,1,84,4.8,1,0
6061,7.5,1,1,0,84,4.3,1,0
6062,8.1,2,3,2,89,4.8,1,0
6063,7.5,1,3,1,73,4,1,0
6064,6.7,1,1,0,77,3.8,0,0
6065,8.3,1,2,1,79,4.2,0,0
6066,7.5,1,1,0,78,3.6,0,0
6067,8.3,0,3,1,88,4.2,1,1
6068,8.4,1,3,2,85,4.6,1,1
6069,8.1,2,1,3,78,4.2,1,1
6070,6.9,1,1,0,79,4.7,0,0
6071,7.3,1,2,0,80,4.2,0,0
6072,7.5,0,2,0,68,4.1,1,0
6073,6.7,1,1,0,79,4,0,0
6074,6.8,0,3,1,74,4.5,1,1
6075,7.5,1,2,0,63,3.4,1,0
6076,7.8,2,2,2,65,4.3,1,0
6077,7.6,1,1,0,72,3.4,0,0
6078,7.7,1,2,1,75,4.6,1,0
6079,7.7,1,1,1,70,4.6,1,0
6080,8.1,1,3,2,80,4.7,1,1
6081,8.9,2,3,2,90,4.8,1,1
6082,8.4,1,3,2,78,4.1,1,1
6083,8,2,3,2,86,4.7,1,1
6084,7.4,1,1,1,65,4.5,0,0
6085,7.4,1,2,0,76,4,1,0
6086,8.4,0,3,2,77,4.6,0,1
6087,8.1,2,3,2,90,4.8,1,1
6088,7.7,1,1,0,64,4.1,0,0
6089,7.6,1,2,0,72,3.7,0,0
6090,8.3,2,3,2,79,4.4,1,1
6091,7.6,1,1,0,71,4,0,0
6092,7.5,2,2,2,85,4.6,1,1
6093,8,1,3,0,90,4.8,1,1
6094,8.1,1,2,2,77,3.3,1,0
6095,8.5,1,3,2,89,4,1,0
6096,8.2,2,2,0,86,4.5,1,1
6097,8.3,1,3,2,90,4.8,1,1
6098,7,1,1,1,69,4.6,1,0
6099,7.5,1,1,0,72,4.3,0,0
6100,7.6,1,2,2,77,4,1,0
6101,8.4,2,3,2,90,4.6,1,1
6102,8,1,1,2,82,4.6,1,0
6103,7.4,0,3,2,75,4.8,1,0
6104,7.6,2,3,2,90,4.4,1,1
6105,6.7,1,1,1,71,4,1,0
6106,8.1,2,3,1,79,3.9,1,1
6107,8.6,2,3,2,90,4.6,1,1
6108,7.8,0,3,1,87,4.4,1,0
6109,7.8,1,1,1,75,3.8,0,0
6110,8,1,3,2,87,4.8,1,0
6111,7.6,1,1,0,69,3.4,1,0
6112,7.5,2,3,0,87,4.6,0,1
6113,8.2,1,3,0,78,4.2,1,1
6114,8.3,1,3,2,89,4.8,1,1
6115,7.4,1,1,0,81,3.9,1,0
6116,7.5,0,3,2,86,4.4,1,0
6117,7.6,1,2,1,64,3.7,1,1
6118,7.9,1,3,1,67,4.4,0,0
6119,7.5,1,3,0,71,4.7,0,0
6120,7.8,1,3,0,90,3.7,1,0
6121,8.1,2,3,2,87,4.8,1,0
6122,8.1,2,1,0,76,4.3,0,0
6123,7.4,1,1,1,78,4.8,1,0
6124,7.5,0,1,1,64,3.7,1,0
6125,8.2,2,3,2,90,4.8,1,1
6126,7.5,0,1,0,83,3.8,1,0
6127,6.5,0,1,1,72,4.5,0,0
6128,7.5,1,3,2,86,4.8,1,1
6129,7.6,1,1,0,71,4,1,0
6130,8.1,1,3,2,90,4.8,1,1
6131,7.5,0,3,1,77,4.8,1,0
6132,8.7,1,3,1,90,4,1,1
6133,6.5,0,1,0,74,4.1,0,0
6134,8.4,2,3,2,90,4.8,1,1
6135,8,1,3,3,90,4.8,1,1
6136,6.5,1,1,1,69,4.2,0,1
6137,7.5,1,2,1,68,4,0,0
6138,7.5,1,1,2,78,4.3,0,1
6139,7.3,1,1,1,60,4.6,1,0
6140,8.1,2,3,2,90,4.8,1,1
6141,6.9,0,2,0,69,3.4,0,0
6142,7,1,1,1,74,4.4,1,1
6143,7.9,1,3,3,86,4.5,1,1
6144,8.3,1,3,2,88,4.7,1,1
6145,7.7,1,1,0,90,4.6,0,1
6146,7.1,0,3,2,90,4.8,1,1
6147,8.4,2,3,0,90,4.8,1,1
6148,8.7,2,3,2,90,4.8,1,1
6149,7.7,2,3,2,90,4.8,1,1
6150,8.6,1,1,1,83,4.8,1,0
6151,8.2,0,3,2,84,4.8,1,1
6152,8.6,1,1,0,81,4.3,1,0
6153,7.6,1,2,2,79,4.1,0,0
6154,7.9,1,3,0,83,4.3,1,0
6155,6.5,0,1,1,80,3.4,1,0
6156,8.3,1,3,2,89,4.7,1,1
6157,7.8,1,2,0,86,4.6,1,0
6158,6.9,1,2,1,88,4.6,1,0
6159,6.9,0,3,1,87,4.6,1,0
6160,8.2,1,3,2,90,4.7,1,1
6161,7.7,1,2,1,79,4.6,1,0
6162,8.3,2,1,2,83,4.8,1,1
6163,8.5,2,3,2,90,4.8,1,1
6164,8.4,1,1,0,75,4.8,0,0
6165,7.5,1,2,0,74,4.2,0,0
6166,8.6,1,2,0,75,3.9,1,1
6167,8.4,2,3,2,90,4.6,1,1
6168,6.5,0,3,0,81,3.8,1,0
6169,6.9,1,1,1,70,4.5,0,0
6170,7.7,1,3,2,76,4.8,1,1
6171,8.3,2,1,1,77,4.1,1,0
6172,8.4,1,3,2,90,4.5,1,1
6173,7.6,1,1,0,79,3.7,1,1
6174,8.6,0,3,2,90,4.8,0,1
6175,8.2,0,3,0,87,4.8,1,1
6176,6.5,1,1,2,85,4.5,1,1
6177,7.7,2,2,2,90,4.8,1,1
6178,7.6,1,1,2,85,4.3,1,1
6179,7.7,1,3,2,90,4.5,1,1
6180,7.6,2,1,1,66,3.7,0,0
6181,8.7,1,2,1,76,4.2,1,1
6182,6.5,0,2,2,66,4,1,0
6183,7.6,1,1,0,67,3.6,1,0
6184,7.9,1,3,1,82,4.5,1,1
6185,7.6,1,2,1,79,4.3,1,0
6186,7.6,1,3,0,70,3.9,1,0
6187,8.3,1,2,1,72,4.7,1,0
6188,8.8,1,3,2,90,4.8,1,1
6189,7.6,1,1,1,76,4,1,0
6190,7.8,1,1,1,83,4.2,1,0
6191,7.5,1,2,0,80,4.3,0,0
6192,6.8,0,3,0,70,3.9,1,0
6193,8.4,1,3,0,85,4.6,1,1
6194,8.6,1,3,2,90,4.7,1,1
6195,8.1,2,3,2,90,4.5,1,1
6196,7.7,1,2,1,68,4.5,1,0
6197,6.5,0,1,0,76,4,0,0
6198,7.7,1,1,0,72,4.1,0,1
6199,7.1,2,1,1,81,4.6,1,0
6200,7.7,2,3,2,76,4.8,1,1
6201,6.5,2,1,0,76,3.7,1,0
6202,6.7,0,1,1,64,4.4,1,0
6203,8.3,0,3,1,87,3.8,1,1
6204,8.6,0,3,0,82,4.6,1,1
6205,8.4,1,3,1,75,4.8,1,0
6206,8.3,1,1,2,82,4.3,0,0
6207,8.4,0,3,2,86,4.8,1,1
6208,8.5,2,1,2,85,4.7,1,1
6209,6.8,0,1,0,70,3.9,1,0
6210,7.7,2,2,1,81,4.8,0,1
6211,7.4,1,3,0,82,4.1,1,1
6212,8.7,2,3,2,90,4.8,1,1
6213,7.7,1,3,0,89,4.6,1,1
6214,7.4,1,1,1,76,4,1,0
6215,8.6,1,2,2,73,4.8,0,1
6216,8,1,2,1,73,3.8,1,0
6217,7.4,0,1,0,65,4.2,0,0
6218,8.1,1,1,0,86,3.8,0,0
6219,6.8,1,1,0,74,4,0,0
6220,7.8,0,3,0,70,4.6,1,1
6221,7.6,1,1,1,71,4.5,0,1
6222,7.8,1,3,1,79,4.2,0,0
6223,8.4,2,3,2,89,4.5,1,1
6224,6.8,1,2,0,74,4.3,1,0
6225,7.5,1,1,2,68,3.9,1,0
6226,7.4,1,2,1,75,4.6,1,0
6227,6.6,1,1,2,72,4.8,0,0
6228,7.5,1,2,1,65,4.1,0,0
6229,7.7,2,3,0,73,4.6,0,0
6230,7,1,3,0,74,4.6,1,0
6231,7.6,1,1,1,65,3.5,0,0
6232,7.7,1,1,2,80,4.5,1,0
6233,8.6,1,2,2,90,4.8,1,1
6234,6.5,1,1,1,68,3.9,1,0
6235,7.3,2,3,2,90,4.3,1,0
6236,7.8,1,2,0,81,4.1,1,1
6237,7.8,1,3,0,82,3.9,0,0
6238,7.4,1,2,0,78,4.1,1,0
6239,8.5,2,3,2,83,4.8,1,1
6240,8.1,1,3,2,82,4.8,1,1
6241,8.6,2,2,2,81,4.6,1,1
6242,8.2,1,1,1,73,3.9,0,0
6243,7.4,1,1,1,84,4.1,1,0
6244,7.4,1,2,1,83,3.9,1,0
6245,8.1,2,3,2,83,4.6,1,1
6246,8.4,2,3,0,90,4.2,1,1
6247,8.2,1,3,1,88,4.5,1,1
6248,8.2,0,2,2,78,4.1,0,0
6249,8.1,2,3,2,89,4.5,1,1
6250,7.5,1,1,0,68,4.1,0,0
6251,7.5,0,1,1,71,4.5,1,0
6252,8.2,0,3,2,87,4.8,0,1
6253,7.6,0,1,0,80,3.9,0,0
6254,7.5,1,2,0,81,3.6,1,1
6255,6.6,0,1,1,60,3.9,0,0
6256,6.6,1,1,0,61,3,0,0
6257,8.4,1,3,2,83,4.8,1,0
6258,8.7,2,3,0,80,4.7,1,1
6259,7.5,0,1,0,72,4,1,0
6260,7.4,1,2,2,69,3.8,1,0
6261,7,0,1,0,62,4.7,1,0
6262,8,1,2,2,87,4.6,1,1
6263,8.2,0,1,2,79,4.4,1,1
6264,7.8,2,1,1,71,4.3,1,1
6265,7.5,1,1,1,70,4.1,1,0
6266,8.7,0,3,0,72,4.7,0,0
6267,7.6,1,1,0,73,3.1,1,0
6268,7.6,1,1,1,85,4.3,1,0
6269,6.5,2,2,1,61,3.5,0,0
6270,6.5,0,2,0,69,4.5,0,0
6271,7.4,1,1,0,65,3.7,1,0
6272,7.5,1,1,0,67,4.2,0,0
6273,8.5,2,3,2,90,4.8,1,1
6274,8,2,3,2,90,4.2,1,1
6275,8.2,2,3,2,90,4.8,1,1
6276,7.7,1,2,0,82,4.1,1,0
6277,8.5,2,3,2,90,4.8,0,1
6278,8,0,3,1,83,3.7,1,0
6279,7.2,0,2,1,77,4,1,0
6280,7.6,1,3,0,90,4.8,1,1
6281,7.7,1,2,0,75,4.5,1,0
6282,7.5,2,1,0,72,3.6,1,0
6283,7.6,1,1,0,78,4.8,1,0
6284,7.4,0,1,2,79,3.5,1,0
6285,6.5,1,1,0,78,3.6,1,0
6286,6.5,1,1,1,70,3.3,1,0
6287,7,1,1,1,70,4,0,0
6288,8.1,1,1,0,76,3.4,1,1
6289,8.1,2,3,2,84,4.1,1,1
6290,7.8,1,2,1,76,4.4,1,1
6291,7.3,1,1,3,83,4.5,1,1
6292,6.5,1,1,0,86,3.9,1,0
6293,6.5,1,1,1,73,3.9,0,0
6294,7.8,1,3,2,83,4.8,1,1
6295,7.5,1,3,1,78,4.3,1,0
6296,6.5,1,1,0,69,3.9,0,0
6297,7.6,1,2,1,90,3.8,1,0
6298,8.2,1,2,1,77,4.5,1,0
6299,8.4,2,1,1,87,4.2,1,0
6300,8.1,2,2,0,72,4.2,1,1
6301,8,1,1,0,75,3.6,1,1
6302,7.5,2,3,2,85,4.3,0,0
6303,8.4,0,3,2,80,4.8,1,1
6304,8.4,2,3,2,90,4.8,1,1
6305,7.5,1,3,0,83,4.6,1,0
6306,8.2,2,3,2,90,4.8,1,1
6307,7.6,1,3,0,75,3.9,1,1
6308,8.9,1,3,2,90,4.3,1,1
6309,6.6,2,2,0,80,4.8,1,0
6310,8.1,2,3,2,90,4.8,1,1
6311,6.8,1,1,0,60,4,1,0
6312,7.7,0,1,1,67,3.8,0,0
6313,7.4,1,1,0,68,4.4,0,0
6314,8.5,2,3,2,90,4.7,1,1
6315,7.3,0,1,0,78,3.3,0,0
6316,8.1,0,3,0,88,4.7,0,1
6317,6.5,1,1,1,60,4,0,0
6318,6.5,1,1,0,72,4.2,1,0
6319,7.7,0,1,1,83,3.7,1,0
6320,6.5,1,1,0,87,4.3,0,0
6321,7,1,1,0,86,4,1,1
6322,8,0,3,2,74,4.7,1,1
6323,7.7,2,1,0,74,3.6,1,0
6324,7.3,1,1,1,79,3.4,1,0
6325,8.3,1,1,1,70,4.3,0,0
6326,6.7,1,1,2,80,4.4,1,1
6327,8,0,0,1,85,4.8,1,0
6328,7.6,0,1,0,72,4,1,0
6329,7.6,1,2,1,86,4.2,0,0
6330,7.7,1,1,3,71,3.6,0,0
6331,7.5,1,1,3,79,4.5,0,0
6332,8.6,1,3,3,81,3.9,1,1
6333,7.6,1,2,2,81,4.7,1,1
6334,7.5,0,2,0,69,4.3,0,0
6335,7.6,1,2,1,75,4.1,1,0
6336,7,1,1,1,73,4.3,1,0
6337,7.8,1,2,2,90,4.8,1,1
6338,8.5,2,3,2,90,4.8,0,1
6339,8.1,1,2,0,80,4,1,1
6340,6.5,1,3,2,78,4.3,1,0
6341,8.5,1,3,2,88,4.6,1,1
6342,7.4,1,2,2,84,4.2,1,0
6343,7.8,1,2,1,84,4.7,0,0
6344,7.5,1,2,0,66,3.8,0,0
6345,8.4,1,3,2,90,4.8,0,0
6346,8.1,1,3,0,61,3.9,1,0
6347,6.8,1,2,0,82,4.4,1,1
6348,7.7,1,1,0,85,3.9,0,1
6349,8.6,2,3,2,88,4.7,1,0
6350,7.6,1,1,1,82,4,1,0
6351,7.9,1,3,2,80,4.8,1,1
6352,8.7,0,2,0,81,4.7,1,1
6353,7.4,0,1,0,82,4.1,1,0
6354,6.7,0,1,0,79,4.2,0,0
6355,7.3,1,1,0,74,3.7,0,0
6356,8.2,1,3,2,90,4.4,1,0
6357,7.6,0,1,1,70,3.9,0,1
6358,7.6,1,1,1,77,4.2,1,0
6359,6.7,1,1,0,90,4.3,0,1
6360,8.3,1,2,0,81,3.6,1,0
6361,6.5,1,2,0,79,4.4,1,1
6362,8,1,3,2,90,4.8,1,1
6363,8.8,2,3,2,90,4.8,1,1
6364,8.4,0,3,0,90,4.3,0,1
6365,7.9,1,2,0,74,4.1,1,0
6366,7.6,0,2,1,80,4.6,1,0
6367,7.3,0,1,0,85,4.2,1,0
6368,6.7,1,3,1,78,4.1,1,1
6369,7.6,1,2,0,82,4.2,1,0
6370,7.3,0,2,0,83,4.2,1,0
6371,8.5,2,3,0,82,4.4,1,1
6372,8.7,1,3,2,90,4.8,1,1
6373,7.7,1,3,0,81,4.8,1,1
6374,6.5,1,1,0,65,4.1,0,0
6375,8.2,1,3,2,90,4.8,1,1
6376,6.5,0,1,0,74,3.5,1,1
6377,7.5,1,1,0,79,4.3,0,0
6378,7.4,1,1,1,67,3.1,1,0
6379,8.1,1,3,0,82,4.4,1,0
6380,7.6,0,2,0,74,4,1,1
6381,6.6,1,1,1,60,3.3,0,0
6382,7.4,1,2,0,84,4.1,1,0
6383,8.9,2,3,2,80,4.4,1,1
6384,6.5,1,2,1,70,3.9,1,0
6385,8.4,2,3,2,90,4.7,1,1
6386,8.2,2,3,2,87,4.7,1,1
6387,6.5,0,1,0,69,4.4,0,0
6388,7,1,3,0,82,4.7,1,1
6389,6.5,2,2,0,77,3.8,0,1
6390,6.5,1,1,0,86,3.4,1,0
6391,8.6,1,1,1,83,3,0,0
6392,8.2,1,3,2,87,4.6,1,1
6393,7.5,1,1,0,64,3.5,0,0
6394,7.4,1,1,0,67,4.4,1,0
6395,7.4,1,1,0,71,3.9,0,0
6396,8.6,2,3,2,86,4.3,1,1
6397,6.7,1,2,1,81,3.8,0,0
6398,8.6,2,3,2,76,4.8,1,0
6399,7.7,2,2,0,71,4.3,1,1
6400,6.5,2,2,0,79,4.1,0,0
6401,6.5,1,1,1,82,3.9,1,0
6402,8.2,1,3,2,83,4.5,1,1
6403,7.7,0,3,0,74,4.2,1,1
6404,8,2,3,2,71,4.1,1,0
6405,6.5,0,2,1,87,4.8,1,1
6406,7.7,1,2,2,78,4.2,1,1
6407,8.1,1,2,3,85,4.6,1,0
6408,6.8,1,1,0,74,4.3,1,0
6409,7.9,1,1,2,80,4.1,1,0
6410,7.5,0,2,0,72,4.3,0,0
6411,7.4,0,2,1,80,4.1,0,0
6412,6.9,1,1,1,75,3.7,1,0
6413,7.5,1,1,0,67,3.8,0,0
6414,7.9,2,3,2,90,4.7,1,1
6415,7.9,2,3,2,90,4.3,1,1
6416,8.2,0,2,1,83,4.8,1,0
6417,7.6,1,3,2,75,4.3,0,0
6418,8.3,1,3,1,88,4.8,1,1
6419,9,0,1,1,70,3.5,0,1
6420,7.7,0,1,1,75,3.6,1,0
6421,8.2,0,3,0,84,4.6,1,0
6422,7.4,1,1,0,83,4.4,1,0
6423,8.2,1,3,0,90,4.7,1,1
6424,8.1,1,3,2,82,4.3,1,1
6425,8.2,2,3,2,90,4.8,1,0
6426,7.7,1,1,0,78,3.2,0,0
6427,7.4,1,3,1,85,3.7,1,1
6428,8.2,2,3,2,90,4.8,1,1
6429,8.3,0,3,2,84,4.4,1,1
6430,8.5,1,1,2,77,4.6,1,1
6431,8.4,2,3,3,90,4.8,0,0
6432,8.1,1,3,2,88,4.8,1,0
6433,6.5,1,3,0,77,4.4,0,0
6434,6.5,1,1,0,70,3.8,1,1
6435,7.6,0,1,0,67,3.8,0,0
6436,6.5,1,1,1,73,3.4,0,0
6437,8.3,1,3,2,79,4.4,0,0
6438,7.2,2,2,0,88,4.8,1,0
6439,7.9,2,3,2,90,4.7,1,1
6440,8.3,1,3,2,89,4.4,1,1
6441,7.7,0,2,0,72,3.6,1,0
6442,8.9,2,3,2,85,4.8,1,1
6443,8.6,0,3,1,87,4.6,1,0
6444,7.4,1,1,1,71,3.3,0,0
6445,9,2,3,3,83,4.8,1,1
6446,6.5,1,3,0,80,4.3,1,0
6447,7.7,1,2,0,71,4,1,0
6448,7.6,1,2,0,88,4.7,1,1
6449,7.3,1,1,1,70,4.5,1,0
6450,8.5,1,3,3,87,4.3,1,1
6451,8.3,1,3,2,86,4.8,0,0
6452,8.4,2,3,2,90,4.6,1,0
6453,6.5,0,1,1,80,3.7,1,1
6454,8.1,1,1,0,69,4,1,0
6455,8.6,2,3,1,90,4.8,1,1
6456,7.6,1,1,1,68,4.3,1,0
6457,8.7,1,2,1,74,4.2,1,1
6458,6.5,1,2,0,74,4.1,1,0
6459,7.4,2,3,2,80,4.6,1,0
6460,7.4,1,1,1,71,4.3,1,0
6461,8.5,1,2,3,80,4.3,1,0
6462,8.3,2,3,2,83,4.2,1,0
6463,8.4,2,3,1,76,4.8,1,0
6464,6.7,1,3,0,87,4.4,1,0
6465,7.4,1,1,0,70,3.1,0,0
6466,8.1,1,3,0,72,4,1,1
6467,7.6,1,1,0,83,4.8,1,0
6468,7,1,3,0,84,4.8,1,1
6469,7.5,1,3,0,80,4,1,0
6470,7.7,0,1,1,90,4.4,1,0
6471,8.1,2,3,2,86,3.8,1,1
6472,8.1,0,2,1,79,4.3,1,0
6473,7.8,2,3,3,80,4.4,1,1
6474,8.4,1,3,0,88,4.7,1,1
6475,6.8,1,1,0,90,4.5,1,0
6476,8.4,1,3,2,77,4.5,1,1
6477,8.5,2,3,2,90,4.8,1,1
6478,8.3,1,3,1,82,4.4,1,1
6479,7.5,1,3,2,90,4.8,1,1
6480,7.5,0,3,0,88,4.4,1,0
6481,8.2,1,3,2,81,4.3,1,1
6482,7.4,1,1,0,71,4.7,1,0
6483,7.4,1,1,0,64,4.2,1,0
6484,6.5,0,1,1,60,4.1,0,0
6485,7.6,1,1,1,70,3.8,1,1
6486,8.4,1,3,2,90,4.8,1,1
6487,7.5,1,1,2,68,3.7,1,0
6488,8.2,1,3,0,68,3.8,1,1
6489,6.8,0,2,0,80,4.3,0,1
6490,6.9,1,1,0,69,4,1,0
6491,7.7,2,3,2,90,4.8,1,1
6492,8.2,1,1,2,79,4.8,1,0
6493,8,0,2,0,76,3.8,1,0
6494,8.4,1,2,1,76,4,1,1
6495,7.6,1,2,2,73,4.7,1,0
6496,7.8,1,1,1,78,4.2,0,0
6497,7.7,1,2,0,78,3.9,1,0
6498,7.2,0,1,1,76,4.2,0,0
6499,6.6,1,2,0,76,3.8,0,0
6500,6.9,2,3,2,86,4.8,1,1
6501,7.9,0,1,1,69,3.6,1,0
6502,8.4,2,3,0,90,4.8,1,1
6503,6.8,1,1,0,83,3.9,0,0
6504,7.7,0,2,0,90,4.4,1,1
6505,7.6,1,1,0,77,4.4,1,0
6506,8.2,2,2,2,78,4,0,0
6507,7.7,1,1,0,74,4.5,0,0
6508,7.1,1,1,1,76,4.3,1,0
6509,8.4,1,1,1,74,3.7,1,1
6510,6.6,1,1,1,81,4,0,0
6511,8.5,2,3,2,90,4.6,1,1
6512,8.8,2,3,2,90,4.7,1,1
6513,8.3,1,3,0,90,4.8,1,1
6514,7.7,1,1,0,78,3.9,1,0
6515,6.5,0,3,0,77,4,0,0
6516,7.5,2,1,1,80,4.3,1,0
6517,7.9,1,3,2,88,4.6,1,1
6518,8.1,2,3,2,90,4.4,0,0
6519,7.6,0,1,1,72,3.7,1,0
6520,7.8,2,3,2,81,4.8,1,0
6521,6.5,0,2,0,73,4.1,0,0
6522,7.5,0,3,0,89,3.9,1,1
6523,6.5,2,3,2,66,4.7,0,0
6524,7.4,1,2,0,81,4.3,1,0
6525,7.9,1,2,0,75,3.9,1,0
6526,6.7,0,3,1,88,4.1,0,0
6527,8.1,2,3,2,90,4.8,1,1
6528,8,1,2,1,85,4.5,1,0
6529,7.5,0,2,1,82,4.8,1,1
6530,7.6,1,3,1,74,4.3,1,1
6531,8.4,2,3,2,88,4.5,1,1
6532,7.5,1,2,0,64,3.4,1,0
6533,7.3,1,1,0,65,3.3,1,0
6534,7.6,1,1,1,66,3.6,1,0
6535,7.5,1,2,0,81,4.3,1,0
6536,7.9,1,3,2,83,4.8,1,0
6537,8.6,1,2,2,81,4.3,1,1
6538,6.8,1,1,1,81,4.2,1,0
6539,8.3,2,3,2,84,4.3,1,0
6540,7.5,1,2,1,74,4.2,0,0
6541,7.2,1,1,0,71,3.8,1,0
6542,7.6,1,3,3,82,4.8,0,0
6543,8.6,2,3,2,90,4.8,1,1
6544,6.5,1,2,1,68,4.5,1,0
6545,8,1,1,2,86,4.6,1,0
6546,8.4,0,2,1,70,4,0,0
6547,7.4,1,2,0,70,4.1,0,0
6548,7.7,0,1,0,82,4.7,1,0
6549,7.1,0,2,2,89,4.2,1,1
6550,6.9,0,1,0,72,4.6,1,0
6551,6.7,0,1,1,60,4.5,0,0
6552,8,1,2,1,71,4.1,1,0
6553,8.1,1,3,3,85,4.8,1,1
6554,8.5,1,3,2,78,4.8,1,1
6555,7.7,1,2,1,74,4.8,1,0
6556,8.4,1,3,3,89,4.8,1,1
6557,7.1,1,2,2,74,4.3,1,0
6558,6.9,0,2,0,71,4,1,0
6559,8.3,2,3,2,90,4.8,1,0
6560,8.3,2,3,2,86,4.8,1,1
6561,8.5,2,3,2,87,4.1,1,1
6562,6.5,1,1,2,74,4.7,1,0
6563,8.6,2,3,2,90,4.8,1,1
6564,7.8,1,3,2,77,4.2,0,0
6565,8,0,3,2,90,4.8,1,1
6566,8.3,2,3,2,90,4.8,1,1
6567,8.3,2,3,2,84,4.5,0,1
6568,7.7,2,3,0,90,4.7,0,0
6569,6.5,1,1,0,73,3.6,0,0
6570,8.7,2,3,2,88,4.8,1,1
6571,7.5,1,1,0,74,3.4,1,0
6572,7.4,1,3,1,82,4.4,0,0
6573,7.4,1,2,1,79,4.1,1,0
6574,7.6,1,1,2,74,4.3,1,1
6575,8.2,0,3,2,90,4.4,1,1
6576,8.2,2,3,2,90,4.8,1,1
6577,8.8,0,3,2,77,4.5,1,1
6578,7.6,0,1,0,78,4.8,0,0
6579,7.5,0,3,2,90,4.7,1,1
6580,7.8,1,2,1,74,4.3,0,0
6581,8.4,1,3,0,80,4.7,1,1
6582,7.9,0,1,0,89,4.8,1,1
6583,7.6,0,2,2,90,4.6,1,1
6584,7.5,1,1,2,72,4.3,0,0
6585,8,1,1,1,76,3.8,1,0
6586,8.4,1,3,0,63,4.3,1,0
6587,7.4,1,2,1,67,3.6,1,0
6588,8.4,1,3,2,90,4.8,1,1
6589,7.5,1,1,1,71,4,0,0
6590,8.2,1,1,1,88,4.8,1,1
6591,7.7,1,3,1,90,4.6,1,1
6592,8.3,1,2,2,85,4.6,1,1
6593,7.6,0,3,1,86,4.7,0,1
6594,8.6,2,2,2,87,4.8,1,1
6595,8.1,1,2,1,83,4.6,1,0
6596,8.1,1,3,2,90,4.6,1,1
6597,8.5,1,3,2,85,4.3,1,1
6598,7.5,1,1,0,82,3.3,1,0
6599,7.9,1,1,0,81,4.2,1,0
6600,7.5,0,2,0,72,4.1,1,0
6601,6.9,1,1,1,77,4.4,1,1
6602,7.5,1,3,1,77,4.8,1,1
6603,8.2,2,3,2,90,4.8,1,1
6604,7.6,1,2,1,73,3.9,0,0
6605,8.3,1,3,2,90,4.6,1,1
6606,8.6,2,3,2,90,4.8,1,0
6607,8.5,2,3,3,76,4.7,1,1
6608,7.9,2,2,0,90,3.6,1,0
6609,8.5,1,3,2,90,4.8,1,0
6610,7,1,1,0,69,4.1,0,0
6611,7.7,0,3,2,87,4.8,1,1
6612,8.6,1,3,2,82,4.8,1,1
6613,8.1,1,3,0,90,4.5,1,0
6614,7.7,1,2,0,79,4.7,1,1
6615,6.5,1,1,1,81,4.3,1,0
6616,6.7,1,2,1,64,3.1,1,0
6617,7,1,1,2,80,4.1,0,1
6618,8.6,1,3,2,90,4.7,1,1
6619,6.8,1,3,0,80,4.4,0,0
6620,7.2,0,1,1,68,4.3,1,0
6621,7.5,1,1,1,90,4.6,1,1
6622,7,1,1,0,71,4.1,1,0
6623,8.6,1,2,0,85,4.2,1,1
6624,7.6,1,1,1,78,4,1,0
6625,8.5,1,2,1,60,4.8,0,0
6626,8.1,0,3,2,90,4.8,1,1
6627,8.4,1,2,2,72,4,1,1
6628,8.2,2,3,2,90,4.8,1,0
6629,7.3,2,1,1,87,4.2,0,0
6630,8.4,2,3,2,90,4.8,1,1
6631,7.3,1,1,1,76,4.5,1,0
6632,7.4,0,2,0,85,4.4,0,0
6633,6.6,1,2,0,79,3.6,0,0
6634,8.6,1,2,1,67,4,1,0
6635,8.7,1,2,2,86,4.8,1,1
6636,8,1,2,0,80,4.4,0,0
6637,7.6,1,3,1,71,4.8,1,0
6638,7.6,1,3,0,78,3.9,1,1
6639,8.2,1,3,1,82,4,1,0
6640,7.5,1,2,0,65,4.4,0,0
6641,8.3,2,3,2,88,4.4,1,1
6642,6.7,0,1,0,69,4.5,0,0
6643,7.5,1,1,1,80,4.5,1,0
6644,8.3,2,1,0,81,4.3,1,0
6645,7.4,1,1,0,61,4.1,1,1
6646,8.2,2,3,0,83,4.3,1,1
6647,8.5,2,3,2,78,4.8,1,1
6648,8.3,1,2,1,77,4.2,1,0
6649,6.7,1,1,0,78,3.7,1,0
6650,8.1,1,3,2,88,4.2,1,0
6651,8.4,1,3,3,75,4.7,1,0
6652,8,1,1,0,82,3.3,0,0
6653,8.2,1,0,0,85,4.8,1,1
6654,7.6,1,1,1,60,4.4,1,0
6655,8.3,1,3,2,83,4.7,0,1
6656,8,1,1,0,83,4.8,1,0
6657,7.5,1,1,1,81,4,0,0
6658,7.8,1,2,0,90,4.8,1,0
6659,8.5,1,1,1,71,4,1,0
6660,7.8,2,1,2,83,4.3,1,0
6661,7.8,1,2,1,67,4.4,1,0
6662,7.6,2,3,0,81,3.9,1,1
6663,8.4,0,3,2,88,4.7,1,1
6664,7.4,1,3,1,78,4.3,1,0
6665,7.4,1,1,0,69,4.3,1,1
6666,7.3,0,2,0,83,4.5,0,0
6667,7.1,1,3,2,72,3.8,0,0
6668,6.6,1,2,0,77,4.4,1,0
6669,8.1,2,3,2,90,4.8,1,1
6670,8.5,2,3,2,90,4.8,0,1
6671,8.4,1,3,0,88,4.1,1,1
6672,8.3,2,1,0,79,4,1,1
6673,7.7,1,3,0,81,4.8,1,0
6674,7.7,1,1,0,66,3.6,1,0
6675,7.6,1,1,1,70,4.4,1,0
6676,6.5,1,1,1,64,3.5,0,0
6677,8.1,2,3,2,90,4.7,1,1
6678,8.6,2,3,1,88,4.8,1,1
6679,8,1,3,2,90,4,1,1
6680,8.5,2,3,2,85,4.8,1,1
6681,7.9,0,3,2,90,4.6,1,1
6682,8,0,3,2,79,4.6,0,1
6683,8.4,1,3,2,82,4.6,1,0
6684,8.2,1,3,0,83,4.4,1,1
6685,8.4,1,3,2,86,4.4,0,0
6686,8.6,1,3,2,90,4.8,1,0
6687,7.4,1,1,0,72,4.3,0,0
6688,7.9,1,3,0,77,4.1,1,0
6689,7.6,2,3,2,89,4.7,1,1
6690,8.5,1,3,0,85,4.8,1,1
6691,8.3,2,3,2,86,4.8,1,1
6692,7.4,1,1,0,76,4.3,0,0
6693,7.4,1,2,2,78,4.4,1,0
6694,7.7,1,2,0,75,3.7,1,0
6695,8.7,1,3,2,90,4.8,1,1
6696,8.2,0,3,2,85,4.8,1,1
6697,7.8,1,1,0,70,4,1,0
6698,7.6,1,1,0,77,4.1,1,1
6699,8.2,2,3,2,90,4.7,1,1
6700,6.5,2,1,0,87,4.4,0,0
6701,8.2,2,3,2,90,4.8,1,1
6702,8.6,0,1,0,66,4.4,1,0
6703,7.8,2,3,2,90,4.8,1,1
6704,8.1,0,1,1,77,4.1,0,0
6705,8.2,1,1,1,64,3.7,0,0
6706,8.2,1,3,2,89,4.7,1,0
6707,8.4,1,1,0,84,4.5,1,0
6708,8.2,1,3,2,90,4.3,1,1
6709,8.5,2,2,0,83,4.7,1,0
6710,8.1,2,1,2,80,4.2,0,1
6711,8.1,1,3,3,90,4.8,1,1
6712,7.8,1,1,1,72,4.2,1,0
6713,8.3,2,1,0,89,4.6,0,1
6714,7.6,2,3,2,90,4.7,1,1
6715,8.4,1,3,3,78,4.7,1,0
6716,8.7,0,3,2,87,4.2,1,1
6717,8.9,0,1,1,90,4.6,1,1
6718,8.1,1,1,0,77,4.4,0,0
6719,8.3,0,3,0,87,4.5,1,1
6720,7.5,2,2,2,78,4.2,0,0
6721,8.8,0,3,1,90,4.8,1,1
6722,7.4,2,1,2,75,4.4,0,0
6723,8.5,2,3,2,89,4.8,1,1
6724,7.3,1,2,0,80,4.1,1,0
6725,7.8,2,2,0,73,4.2,1,0
6726,6.7,1,1,1,67,4.3,0,0
6727,7.6,1,2,1,75,4.2,1,0
6728,6.5,1,2,0,78,3.8,0,0
6729,7.3,1,2,1,74,3.9,1,0
6730,7.9,0,1,0,69,4.2,1,0
6731,8.4,1,2,1,80,4.8,1,0
6732,7.5,2,2,0,86,3.9,1,0
6733,7,1,1,1,75,4.8,0,0
6734,7.3,1,2,3,81,3.8,1,0
6735,7.6,1,3,0,80,4.7,1,1
6736,7.9,0,1,0,78,4.4,1,0
6737,6.6,1,1,0,73,4.2,0,0
6738,7.7,1,3,2,74,3.6,1,0
6739,7.6,1,2,0,80,4,1,0
6740,7.6,2,3,3,77,4.1,1,1
6741,7.5,2,1,0,82,4.3,1,0
6742,8.4,0,3,2,90,4.8,1,1
6743,7.8,1,2,0,80,3.8,1,1
6744,6.7,1,1,1,79,3.5,1,0
6745,7.5,1,1,0,70,3.7,1,0
6746,8.2,2,3,2,83,4.5,1,1
6747,7.6,1,1,1,79,4.2,0,0
6748,7.8,1,3,2,77,4.7,1,1
6749,8.2,1,2,0,82,4.5,1,0
6750,7.7,0,2,0,68,4.4,1,0
6751,8.7,2,3,2,87,4.6,1,1
6752,8.3,2,3,1,83,4.5,1,1
6753,8.2,1,1,1,82,4.1,1,0
6754,7.8,1,3,0,83,4.8,1,0
6755,7.7,1,1,1,75,4.2,1,1
6756,8.2,2,3,2,90,4.8,1,1
6757,8,0,2,2,73,4.8,0,0
6758,7.9,1,2,0,86,4.5,1,0
6759,7.8,0,3,1,90,4.7,0,1
6760,7.6,2,3,0,90,4.8,1,1
6761,8.3,2,3,2,90,4.8,1,1
6762,7.4,0,2,0,81,3.8,1,0
6763,7.4,1,2,2,77,4.1,0,1
6764,6.9,1,2,1,72,3.5,1,0
6765,8,1,1,0,75,4,0,0
6766,7.1,2,3,2,88,4.7,1,1
6767,8.6,1,3,2,83,4.8,1,1
6768,8.7,2,3,2,90,4.8,1,1
6769,8.3,1,2,0,70,4.3,1,0
6770,7.9,1,3,3,77,4.3,0,0
6771,8,1,3,2,79,3.7,1,1
6772,8,2,3,0,75,4.4,1,0
6773,7.4,0,1,0,76,4.3,1,0
6774,8.4,0,1,3,72,4.2,1,0
6775,8.6,2,2,0,70,4.1,1,1
6776,7.7,2,3,2,90,4.8,1,1
6777,8.4,1,1,1,70,3.8,1,0
6778,7.6,0,1,0,79,4,0,0
6779,6.5,1,1,1,67,4.3,1,0
6780,8.5,2,3,2,90,4.8,1,1
6781,7,2,3,2,84,4.8,1,1
6782,7.1,1,1,3,83,4.2,1,1
6783,7.7,0,1,2,83,4.4,1,1
6784,8.2,1,2,3,83,4.4,1,1
6785,7.4,1,2,2,74,4.5,1,0
6786,8.5,0,3,0,89,4.7,1,1
6787,7.9,1,3,3,81,4.5,1,1
6788,7.8,2,3,2,90,4.8,1,1
6789,8.2,1,3,2,88,4.8,1,0
6790,6.8,1,1,1,77,4.2,0,0
6791,8.7,1,3,2,74,4.6,1,1
6792,6.7,0,1,0,63,3.4,0,0
6793,7.6,1,2,0,84,4.4,1,1
6794,8.3,1,3,0,75,4.6,1,1
6795,7.9,1,1,1,62,3.9,0,0
6796,7.6,0,3,2,83,4.8,1,1
6797,8.4,2,3,2,83,4.7,1,1
6798,7.5,1,1,0,68,3.6,1,0
6799,7.9,1,1,1,81,4.7,0,0
6800,7.8,1,2,0,79,4,1,0
6801,7.6,1,1,0,77,4,1,0
6802,8.4,2,3,2,88,4.8,1,1
6803,7.9,1,2,2,89,4.8,1,1
6804,6.5,1,3,1,83,4.8,1,0
6805,7.3,1,1,1,71,3.8,1,0
6806,7.8,1,2,1,80,4.2,1,0
6807,8.1,1,3,2,90,4.8,1,1
6808,7.7,1,1,1,74,4.5,1,1
6809,8.1,0,1,1,76,3.3,0,0
6810,7.6,1,3,2,78,4.4,1,1
6811,8,2,3,0,84,4.1,0,1
6812,8.2,0,3,2,90,4.7,1,1
6813,6.8,1,2,0,79,4.1,1,1
6814,8,1,1,0,80,4.4,1,0
6815,8.3,1,3,2,90,4.8,0,1
6816,8.1,0,3,2,89,4.8,1,1
6817,8.1,1,3,1,80,4,1,0
6818,6.9,1,3,0,81,4.5,0,1
6819,7.5,0,1,0,81,4.7,1,0
6820,7.8,2,3,2,83,4.5,0,0
6821,7.6,1,1,1,70,4.6,1,0
6822,7.8,0,2,2,77,3.6,1,1
6823,8.4,2,2,2,78,4.5,1,1
6824,7.8,1,1,0,71,4.1,1,1
6825,8,1,1,2,83,4.4,0,0
6826,7.8,1,3,2,73,4.1,1,1
6827,8.7,2,3,2,90,4.8,1,1
6828,8.4,1,1,0,72,4.6,1,1
6829,8.2,0,1,1,67,4.2,1,0
6830,7.8,1,1,0,72,3.6,1,0
6831,7.7,0,1,2,84,3.9,1,0
6832,8.5,2,3,2,90,4.8,1,0
6833,8.1,2,2,1,76,4,1,1
6834,8.1,0,3,2,85,4.7,0,0
6835,7,1,2,0,74,4.2,1,1
6836,8,2,3,2,90,4.8,1,1
6837,7.7,2,3,2,90,4.8,1,0
6838,8.4,2,3,2,90,4.8,1,1
6839,7.5,1,2,1,90,4.6,1,1
6840,6.8,1,1,0,69,3.3,0,0
6841,8.6,1,1,2,77,4.6,1,1
6842,8.2,2,3,2,90,4.8,1,1
6843,6.5,1,3,0,79,4.3,1,1
6844,7.6,2,1,2,79,4.5,1,1
6845,8.4,1,1,1,73,4.3,1,0
6846,8.3,1,3,2,88,4.8,1,1
6847,7.4,1,1,1,70,4.5,0,0
6848,7.9,0,1,0,87,4.5,1,1
6849,7.6,1,2,1,80,4.8,1,0
6850,8,2,3,2,90,4.8,1,1
6851,7.9,2,3,2,87,4.8,1,1
6852,7.6,1,3,2,81,4.8,1,1
6853,7.6,1,1,1,72,4.5,0,0
6854,8.2,0,2,2,71,4.4,1,1
6855,7.4,1,2,1,82,4.5,1,0
6856,8.3,2,3,1,83,4.5,1,1
6857,7.8,2,1,1,77,4.2,0,0
6858,8.4,1,3,2,88,4.8,1,0
6859,8.5,1,3,2,76,4.8,1,1
6860,7.6,1,3,0,80,4.8,1,0
6861,6.8,0,2,1,74,3.7,1,0
6862,8,0,3,0,86,4.5,1,1
6863,6.6,2,3,2,85,4.8,1,1
6864,7.8,1,2,0,73,4.6,1,0
6865,6.5,1,2,0,78,4,1,0
6866,8.8,2,3,2,90,4.8,1,1
6867,8.3,1,1,1,73,4.3,1,0
6868,7.5,1,2,1,90,4.8,1,1
6869,8.7,1,3,2,85,4.8,1,1
6870,6.5,1,1,1,81,4.8,1,0
6871,6.7,2,2,2,78,4.5,1,0
6872,7.6,0,2,0,60,3.8,0,0
6873,6.5,2,1,0,85,4.8,1,0
6874,6.5,0,2,1,75,3.5,1,0
6875,7.4,1,2,0,88,4.6,1,0
6876,7.4,0,2,0,65,4.4,1,0
6877,6.5,1,1,0,79,4.2,1,0
6878,7.9,0,1,0,64,3.6,0,0
6879,6.5,1,2,0,70,4,1,0
6880,7.3,0,3,0,70,4.3,0,1
6881,8,1,1,2,81,3.8,1,1
6882,8.4,2,3,1,78,4.8,1,0
6883,7.5,1,1,2,80,4.5,0,0
6884,8.3,2,3,3,88,4.8,1,1
6885,7.4,1,1,0,75,4.3,0,0
6886,6.9,1,1,1,83,4.6,0,1
6887,7.5,0,2,0,86,4.2,1,1
6888,7.7,1,1,1,69,4.5,1,0
6889,7.6,1,1,1,80,3.6,1,0
6890,8.2,2,3,2,85,4.8,0,1
6891,7.9,0,1,0,68,4.1,1,0
6892,6.6,1,1,1,69,4.5,1,0
6893,7.2,1,2,0,71,3.2,0,0
6894,6.5,0,2,0,85,4.8,1,1
6895,7.3,2,3,1,87,4.8,1,1
6896,8.7,1,3,2,81,4.7,1,1
6897,7.7,1,3,3,90,4.8,1,0
6898,8,0,3,2,80,4.1,1,1
6899,8.6,1,3,2,90,4.8,1,1
6900,8.5,1,3,0,88,4.7,1,1
6901,8.8,2,3,2,88,4.7,1,1
6902,8,1,1,0,79,3.8,0,0
6903,7.2,1,2,0,79,4.1,1,0
6904,8.3,1,3,2,90,4.7,0,1
6905,8.2,1,3,0,79,4.6,1,0
6906,8.3,2,3,2,87,4.3,1,1
6907,7.3,1,1,0,73,4,1,0
6908,7.6,1,1,1,66,3.6,1,0
6909,7.8,1,2,0,81,4.8,1,0
6910,8.5,2,3,2,90,4.8,1,1
6911,7.9,1,2,0,90,4.2,1,0
6912,6.7,1,3,2,71,3.7,1,0
6913,8.8,2,3,2,83,4.1,1,1
6914,7.6,1,2,0,63,4.7,0,0
6915,8.2,2,3,2,90,4.8,1,1
6916,7.6,1,1,0,82,4,0,0
6917,6.5,1,1,1,70,3.5,1,0
6918,8.6,2,3,2,87,4.8,1,1
6919,7.9,0,3,2,90,4.5,0,1
6920,7.3,0,1,1,69,3.7,1,0
6921,8.2,1,1,0,79,4.6,0,0
6922,8,0,3,1,73,4.8,1,0
6923,8.3,2,3,2,90,4.8,1,1
6924,7.7,1,2,1,68,4.3,0,0
6925,6.5,1,1,1,63,4.5,0,0
6926,8.4,0,3,0,77,4.6,1,1
6927,6.6,1,3,2,86,4.4,1,1
6928,8.2,1,3,0,90,4.7,1,1
6929,6.6,1,2,1,66,4.8,0,0
6930,6.7,1,1,1,63,4.6,0,0
6931,7.6,0,1,1,76,3.8,0,0
6932,8.1,2,1,0,71,3.4,0,0
6933,8.1,1,3,1,90,4.8,0,1
6934,7.6,1,1,0,76,3.9,1,1
6935,7.6,1,1,1,83,4.3,1,1
6936,6.5,1,1,0,80,4.4,1,0
6937,7.6,1,2,0,63,4.1,1,0
6938,6.6,0,1,1,72,3.9,0,0
6939,8,0,2,1,78,4.2,1,0
6940,8.2,0,3,1,86,4.1,1,1
6941,6.5,1,2,0,74,4.6,1,1
6942,7.2,1,2,2,66,4.1,1,1
6943,6.5,1,1,0,72,4,1,0
6944,8.2,2,3,2,86,4.5,0,0
6945,8.5,2,3,2,84,4,1,1
6946,7.5,0,3,1,79,4.4,1,0
6947,8.2,1,3,0,90,3.9,1,0
6948,6.7,1,1,1,82,4.4,1,0
6949,7.6,0,3,2,90,4.7,1,1
6950,7.6,1,2,1,72,3.8,1,0
6951,7.5,1,1,1,67,3.8,0,0
6952,6.9,2,3,1,68,3.7,0,0
6953,6.7,2,3,0,76,4.2,1,0
6954,7.6,0,1,0,80,3.8,0,0
6955,8.1,1,3,0,86,4.5,1,1
6956,8.1,2,3,2,90,4.6,1,1
6957,7.4,0,2,1,77,4.8,1,0
6958,8.4,1,3,2,90,4.3,1,1
6959,8,0,1,0,82,4.3,1,0
6960,7.5,1,1,1,66,4.4,0,0
6961,8.3,2,3,2,90,4.7,1,1
6962,8.8,1,3,0,86,4.6,1,1
6963,6.5,1,3,1,70,4.1,0,0
6964,7.5,1,1,1,87,4.7,1,1
6965,8.2,2,3,2,90,4.8,1,1
6966,6.5,1,1,1,60,3.8,1,0
6967,6.8,1,2,0,75,4.3,1,0
6968,8.4,2,3,2,82,4.7,1,1
6969,8.4,0,3,2,90,4.8,1,1
6970,7.9,1,1,0,66,4.5,0,0
6971,7.8,0,2,1,82,4.4,1,1
6972,7.3,1,2,0,75,3.9,1,0
6973,8,2,2,2,90,4.8,1,1
6974,6.8,0,1,0,82,4,1,1
6975,8.2,2,3,2,90,4.5,1,1
6976,6.7,1,2,1,69,4,1,0
6977,8.5,2,3,2,90,4.7,1,1
6978,7.4,1,1,1,64,4.3,1,0
6979,7.6,0,2,0,74,4.1,1,0
6980,8.5,1,3,2,81,4.2,1,0
6981,6.5,1,1,0,61,4.1,0,0
6982,7.9,2,1,0,73,4.4,0,1
6983,8.3,1,3,2,84,4.4,1,1
6984,8.6,1,3,2,90,4.8,1,1
6985,8.2,2,2,0,90,4.2,1,1
6986,7,1,1,0,72,4.4,1,0
6987,7.6,0,1,1,64,4.1,0,0
6988,6.7,1,2,0,80,3.5,0,0
6989,6.8,1,2,0,88,4.8,1,1
6990,8,2,3,1,87,4.3,0,0
6991,8,1,3,2,90,4.8,1,0
6992,7.8,1,2,1,73,4,1,0
6993,7.9,1,2,1,68,4,1,0
6994,7.9,1,2,0,73,4.5,0,1
6995,7.5,1,2,1,74,4,1,1
6996,7.6,1,3,1,80,4.3,1,0
6997,8.6,2,3,2,90,4.8,1,0
6998,7.7,1,3,3,79,3.6,1,0
6999,8.1,1,3,2,85,4.8,1,1
7000,7.1,1,2,1,68,4.2,0,0
7001,8.2,0,2,0,86,4.5,1,1
7002,8.4,1,3,1,75,4.3,0,0
7003,7.3,1,2,1,76,4.7,1,0
7004,8.8,2,3,2,90,4.8,1,1
7005,7.4,1,1,0,78,3.8,1,0
7006,7.7,1,3,2,84,4.8,1,0
7007,7.7,0,2,1,71,4.4,1,0
7008,6.5,2,3,0,77,4.3,1,0
7009,8.1,2,1,3,79,4,1,1
7010,6.5,0,1,2,71,3.2,0,0
7011,8.4,1,3,2,90,4.8,1,1
7012,6.5,0,1,0,65,4.5,0,0
7013,7.6,1,1,0,84,3.7,0,0
7014,8.1,1,3,0,85,3.7,1,1
7015,6.6,0,1,0,71,3.8,1,0
7016,7.8,1,1,1,76,3.8,1,0
7017,7.9,2,3,0,90,4.8,1,1
7018,7.3,1,1,0,73,3.8,0,0
7019,7.4,1,2,1,67,3.1,1,0
7020,8.2,0,3,2,90,4.7,1,1
7021,6.6,1,1,0,63,3.8,0,0
7022,8.1,2,3,2,81,4.5,1,1
7023,8.3,2,1,2,79,4.2,1,1
7024,7.3,0,1,0,70,4.4,0,0
7025,8.3,1,2,0,84,4.2,1,1
7026,6.8,1,1,0,60,3.7,0,0
7027,6.5,1,1,0,65,3.7,0,0
7028,8.5,2,3,1,89,4.5,0,1
7029,6.5,2,1,2,73,4.2,0,0
7030,8.3,1,1,0,69,4.8,0,1
7031,6.5,1,1,1,75,4.5,0,0
7032,7.8,1,1,1,90,3.9,1,1
7033,7.5,1,1,0,85,4.1,1,0
7034,7.4,1,3,1,78,3.9,1,0
7035,7.6,1,3,0,81,4.3,1,1
7036,8.3,1,2,2,79,4.6,1,1
7037,6.5,0,1,0,75,4.2,0,0
7038,7.8,1,3,1,70,4.3,0,0
7039,7.5,1,2,0,90,4.6,1,0
7040,7.3,1,2,1,66,3.7,0,0
7041,8.6,1,3,2,70,4.3,1,1
7042,7.6,1,2,0,87,4.2,1,0
7043,7.4,1,3,0,83,4.7,1,0
7044,7.9,1,3,2,83,4.7,1,1
7045,8.6,1,3,2,86,4.7,1,1
7046,7.9,2,3,2,90,4.8,1,1
7047,6.5,1,1,1,61,4.2,1,0
7048,7.8,2,3,2,83,4.7,1,1
7049,6.7,0,1,0,68,3.5,0,0
7050,7.7,1,2,0,83,4,1,0
7051,8,2,2,0,84,4.7,1,1
7052,6.5,1,1,0,76,3.7,0,0
7053,7.9,2,3,2,90,4.5,0,0
7054,7.9,1,1,2,74,3.5,0,0
7055,8.2,2,3,2,87,4.8,1,1
7056,6.5,2,1,2,85,4.7,1,0
7057,7.9,2,3,2,90,4.8,1,1
7058,7.6,1,2,1,72,4,1,0
7059,7.6,1,1,1,70,3.9,1,0
7060,7.5,1,1,1,70,4,1,0
7061,7.3,2,2,1,76,3.8,1,1
7062,7.8,0,1,0,71,4.3,0,0
7063,8.1,1,1,1,83,4.7,1,0
7064,6.9,0,2,2,75,4.3,1,0
7065,6.8,0,1,0,78,4.7,1,0
7066,6.9,1,1,1,60,3.3,0,0
7067,7.6,1,3,0,82,4.8,1,1
7068,8.5,2,3,2,90,4.8,1,1
7069,8.5,0,3,2,77,4.8,1,1
7070,7.8,1,1,1,74,3.4,1,0
7071,8,1,3,2,78,4.2,0,0
7072,7.4,1,1,0,69,3.6,1,0
7073,7.4,1,2,1,77,4.3,1,0
7074,8.7,1,3,1,90,4.7,1,1
7075,8.1,1,2,1,77,4.4,1,0
7076,8.5,1,2,2,90,4.8,1,1
7077,8,0,1,1,86,4,1,0
7078,8,2,3,2,90,4.7,1,0
7079,8.5,2,2,1,87,4.4,1,1
7080,7.6,1,3,0,81,4.2,1,1
7081,7.8,1,3,0,76,4.7,1,1
7082,8.8,0,3,0,90,4.4,1,0
7083,6.5,1,3,1,87,4.7,1,0
7084,7.7,0,3,0,90,4.8,1,0
7085,6.7,1,1,1,77,4.7,0,0
7086,7.6,1,2,0,77,4,1,0
7087,7.4,0,1,0,77,3.8,1,0
7088,8.3,2,3,2,90,4.8,1,1
7089,7.6,1,1,0,81,4.2,0,0
7090,7.6,1,2,1,90,3.8,1,0
7091,8,0,3,2,81,4.5,1,1
7092,7.8,1,2,0,76,4,1,0
7093,8.5,0,2,0,89,4.5,1,0
7094,7.5,1,1,0,87,4.6,0,1
7095,6.5,0,1,0,66,3.5,0,0
7096,7.1,1,1,2,73,4.2,0,0
7097,8.2,2,3,2,90,4.8,1,1
7098,6.8,0,1,0,86,4,0,0
7099,7.6,1,3,2,90,4.8,1,0
7100,8.3,1,3,0,88,4.8,1,1
7101,6.5,0,2,0,75,4.3,1,0
7102,7.8,0,3,3,71,4.8,1,1
7103,8.5,1,1,0,79,4.1,1,0
7104,8.6,2,3,2,89,4.8,1,1
7105,7,1,1,0,65,3.8,0,0
7106,8.2,2,3,2,89,4,0,1
7107,8.4,1,3,2,90,4.8,1,1
7108,8,2,3,2,83,4.5,1,1
7109,7.5,2,1,0,77,4.3,0,0
7110,6.5,2,2,0,68,4,0,0
7111,8.5,2,3,0,87,4.8,1,1
7112,8.2,1,1,0,73,4.5,1,0
7113,8.4,1,1,0,80,4.6,1,1
7114,8.2,1,3,1,86,4.5,1,1
7115,6.9,1,3,2,78,3.8,1,0
7116,8,2,3,2,90,4.7,1,1
7117,7.8,2,1,1,78,4.1,1,1
7118,7.6,1,3,1,75,3.9,1,1
7119,8.4,1,2,0,77,4.1,0,0
7120,7.5,1,1,0,65,3.3,1,0
7121,8.2,2,3,2,90,4.8,1,1
7122,7.7,1,3,2,90,4,1,1
7123,7.6,1,3,2,90,4.8,1,1
7124,8.6,2,3,2,90,4.8,1,1
7125,7.6,1,3,0,79,4.5,0,0
7126,8.4,2,3,2,87,4.7,1,1
7127,6.9,0,2,0,65,3.6,0,0
7128,7.4,0,1,1,65,4.1,1,0
7129,6.6,1,1,0,77,4.2,0,0
7130,8.4,1,2,2,89,4.8,1,1
7131,6.6,1,1,0,80,4.2,1,0
7132,7.3,1,3,0,81,4.8,1,1
7133,8.2,1,3,1,85,4.7,1,1
7134,8.2,2,2,2,90,4.6,1,1
7135,6.5,0,2,0,84,4.8,0,0
7136,7.4,1,1,1,79,4.3,1,0
7137,8.8,2,2,0,83,4.4,1,0
7138,6.6,0,1,2,81,4,1,0
7139,8.2,1,2,0,90,4.3,0,1
7140,7.5,1,1,1,84,4.4,1,1
7141,7.5,1,1,0,78,4.4,1,0
7142,8.1,2,3,2,90,4.5,1,1
7143,8.2,0,2,0,67,3.6,0,0
7144,8.2,2,3,2,90,4.8,0,1
7145,8.5,1,3,0,75,4.8,1,0
7146,8.5,1,3,2,90,4.3,1,1
7147,7.2,1,2,1,65,4.4,0,0
7148,8.1,0,2,0,82,4.2,0,1
7149,8.3,0,3,2,90,4.8,1,1
7150,8.6,1,3,2,85,4.8,1,1
7151,8.2,2,3,2,90,4.8,1,1
7152,6.5,2,1,3,81,4.2,0,0
7153,6.7,1,1,0,67,4.6,1,0
7154,7.9,2,1,0,88,4.5,1,0
7155,8,1,3,2,90,4.5,1,1
7156,8.2,1,3,0,86,4.5,1,1
7157,6.7,2,2,1,71,4.4,0,0
7158,7.6,1,1,0,62,3.4,0,0
7159,7.4,0,1,0,71,3.7,0,0
7160,8.1,2,1,1,78,4.4,1,0
7161,7.9,2,3,2,84,4,0,0
7162,8.8,2,3,2,90,4.8,1,1
7163,7.5,1,2,1,73,4.4,1,0
7164,8.7,1,3,0,90,4.5,1,1
7165,7.2,2,3,0,85,4.8,1,0
7166,7.4,1,1,0,87,3.2,0,0
7167,6.5,1,2,0,72,4.3,1,1
7168,7.8,2,3,0,78,4.8,0,1
7169,6.8,1,1,1,77,3.3,1,0
7170,8,2,1,2,78,4.4,1,1
7171,8.7,1,3,3,87,4.7,1,1
7172,6.5,1,1,0,74,3.9,1,0
7173,7.3,1,2,0,80,3.7,1,1
7174,6.8,0,1,0,84,4,1,0
7175,7.5,2,3,3,86,4.1,1,0
7176,7.7,2,1,0,65,3.5,0,0
7177,7.3,1,1,0,72,3.7,0,0
7178,6.8,1,1,1,80,3.5,1,0
7179,7.5,1,2,1,76,4.1,1,0
7180,6.6,2,1,2,90,4.8,0,0
7181,7.4,0,2,0,69,4.2,1,0
7182,7.4,1,3,0,84,4.1,1,0
7183,8,2,2,2,85,4.7,1,1
7184,7.5,1,1,0,84,4.7,1,1
7185,7.6,0,1,1,77,4.6,1,0
7186,8.2,2,3,2,90,4.8,1,1
7187,8,2,3,2,89,3.7,1,1
7188,8.4,2,2,3,82,4.3,0,0
7189,7.6,1,1,0,88,3.9,1,0
7190,6.5,0,2,0,90,4.5,0,0
7191,7.8,2,3,2,90,4.8,1,1
7192,7.4,0,1,0,73,4.1,0,0
7193,8.5,2,3,2,90,4.8,1,1
7194,7.6,1,2,0,73,3.7,1,0
7195,7.6,1,1,1,71,4.1,1,0
7196,8.2,1,2,2,90,4.8,1,1
7197,8.4,2,3,2,90,4.8,1,1
7198,6.9,1,1,0,76,4,1,0
7199,6.5,1,1,0,68,4,0,0
7200,7.6,2,3,2,77,4.8,1,0
7201,7.4,1,0,2,73,4.2,1,0
7202,6.5,1,1,0,72,4,0,0
7203,8.3,1,3,1,90,4.8,1,0
7204,7.4,1,3,0,77,4.8,1,0
7205,7.7,1,1,1,66,3.9,0,0
7206,7.4,1,3,2,74,4.1,1,1
7207,6.6,0,3,0,84,4.8,1,1
7208,8.3,1,1,1,70,4.3,0,0
7209,8.3,2,3,2,90,4.6,1,1
7210,7.9,1,3,0,64,4.1,1,0
7211,8.1,1,3,2,90,4.8,1,1
7212,8,1,1,2,79,4.6,0,0
7213,7.9,0,3,2,82,4.4,1,1
7214,7.6,2,1,0,84,4.4,0,0
7215,7.5,1,1,3,77,4.4,1,0
7216,8.4,1,2,1,87,3.6,1,0
7217,8.3,0,1,1,73,4.3,1,1
7218,6.5,1,1,0,74,3.5,1,0
7219,7.7,1,3,2,90,4.8,1,1
7220,8.1,0,2,1,85,4.8,0,0
7221,6.5,1,1,0,84,4,1,0
7222,8.3,2,3,0,83,4.8,1,1
7223,7.3,1,2,0,82,4.4,0,0
7224,7.5,1,1,1,67,4,0,0
7225,7.7,1,2,0,82,4.4,1,0
7226,7.7,0,1,2,68,4.2,0,0
7227,8.2,1,3,0,90,4.4,1,0
7228,8.7,2,1,2,81,4.5,1,0
7229,6.5,1,1,1,70,4.3,0,0
7230,6.7,1,2,0,72,4.3,1,0
7231,8,2,2,3,82,4,1,1
7232,7.1,0,1,0,71,3.8,0,0
7233,7.4,1,1,1,75,3.5,0,0
7234,7.2,0,1,1,75,4.1,0,0
7235,8.4,1,3,0,86,4.7,1,1
7236,8.3,2,2,2,85,4.8,1,1
7237,7.7,1,2,0,77,3.9,1,0
7238,6.8,1,2,1,79,4.6,0,0
7239,8.2,1,3,0,80,4.6,1,1
7240,8.2,2,3,2,81,4.8,1,1
7241,8.3,2,3,2,90,4.7,1,1
7242,7.6,1,2,1,77,4.6,1,0
7243,8.6,1,3,2,88,4.8,1,1
7244,8,1,1,2,82,4.8,0,0
7245,7.6,1,1,1,88,4,1,0
7246,8.2,1,1,0,76,4.8,1,1
7247,6.5,0,1,0,64,3.9,1,0
7248,7.6,2,3,2,90,4.8,1,1
7249,8.4,0,3,2,90,4.8,1,1
7250,6.5,1,1,1,62,3.5,0,0
7251,7.5,2,2,0,72,4.2,1,1
7252,8.5,2,2,2,85,4.5,1,0
7253,7.6,1,2,0,77,4.1,1,0
7254,8.5,1,2,0,89,4.8,1,1
7255,7.5,0,1,0,76,4,1,0
7256,6.6,2,3,2,79,4.4,1,1
7257,8,2,1,1,77,3.8,1,0
7258,6.6,1,1,0,71,3.1,1,0
7259,7.5,1,1,1,72,3.8,1,0
7260,8.5,2,3,2,90,4.8,1,1
7261,6.8,2,2,0,76,4.2,1,0
7262,8.1,2,3,3,90,4.7,0,0
7263,7.6,1,3,0,87,3.9,1,0
7264,6.8,1,1,0,60,3.5,1,0
7265,7.7,1,1,1,67,3.7,0,0
7266,8.1,1,3,0,88,4.8,1,1
7267,7.4,1,1,0,85,3.9,1,0
7268,7.4,1,1,0,81,4.3,1,0
7269,7.6,0,1,0,72,3.6,0,0
7270,7.9,1,1,0,70,4.3,1,0
7271,8.2,1,3,0,90,4.8,1,1
7272,7.6,1,2,0,66,4.5,1,0
7273,6.5,1,3,0,82,4.7,1,1
7274,6.5,2,3,0,76,3.8,1,0
7275,7.6,1,1,0,64,3.4,0,0
7276,8.3,1,2,1,77,3.5,1,0
7277,6.5,2,3,2,87,4.8,1,1
7278,6.8,1,2,0,83,4.3,0,0
7279,7.6,0,3,0,80,4.4,1,0
7280,8,1,1,2,78,4.3,0,0
7281,8.2,2,3,2,90,4.8,1,1
7282,6.5,0,1,0,66,3.8,0,0
7283,8.3,2,3,2,90,4.8,1,1
7284,7.3,1,1,0,74,4.3,0,0
7285,7.8,1,1,1,76,4.8,0,0
7286,7.8,1,1,1,77,4.1,0,0
7287,8.6,1,3,2,85,4.8,1,1
7288,6.5,1,2,3,81,4.2,1,0
7289,6.9,1,1,1,81,4,1,1
7290,6.5,1,2,1,68,4.3,1,0
7291,8.5,2,2,2,90,4.8,1,1
7292,8.1,1,2,2,84,4.5,1,1
7293,6.7,0,1,0,76,4.2,1,0
7294,7.4,2,3,1,81,4.8,1,0
7295,7.6,1,1,2,81,4.8,0,0
7296,7.7,0,1,1,67,4.4,0,0
7297,8,2,3,2,90,4.5,1,1
7298,8.1,2,3,2,90,4.7,1,1
7299,6.5,2,1,1,78,3.5,1,0
7300,8.4,2,2,0,79,4.6,1,1
7301,7.4,1,2,1,69,4.6,1,0
7302,7.5,0,2,1,73,3.6,1,0
7303,8.1,2,3,1,90,4.7,0,1
7304,7.6,0,2,0,61,3.8,1,0
7305,7,1,1,0,76,4.8,0,1
7306,6.8,1,1,0,72,4.2,1,0
7307,7.8,2,2,1,79,4.6,0,0
7308,8.5,0,3,0,90,4.8,1,1
7309,6.5,1,1,0,66,4.8,0,0
7310,8.5,0,1,0,73,4.3,1,0
7311,8.5,1,1,2,85,4.3,1,0
7312,8.5,2,3,2,90,4.8,1,1
7313,6.5,1,2,0,86,4.4,1,0
7314,6.6,1,1,0,74,3.6,0,0
7315,8.5,1,3,0,88,4.7,1,1
7316,6.8,1,3,0,80,3.9,0,0
7317,8.3,2,3,2,84,4.7,1,1
7318,8.4,1,3,0,73,4.5,1,0
7319,8.4,1,1,2,76,3.7,1,0
7320,8.5,0,3,0,90,4.8,1,1
7321,6.5,1,1,0,71,4.3,1,0
7322,8.3,1,3,2,82,4.3,1,0
7323,8.4,1,1,1,70,4.2,0,0
7324,8.1,2,3,0,87,4.4,1,1
7325,7.3,1,2,1,61,4.7,1,0
7326,7.5,0,1,0,81,4.2,0,0
7327,7.4,0,2,1,75,4.1,1,1
7328,7.7,1,3,2,78,4.6,1,0
7329,6.6,1,1,0,83,4.4,0,0
7330,7.9,1,3,0,82,4.7,0,0
7331,8.4,0,2,2,87,4.3,1,0
7332,8,1,2,1,78,3.6,1,0
7333,8,0,3,2,90,4.1,1,0
7334,8.3,1,3,2,90,4.8,1,1
7335,7.8,0,1,0,74,4.5,0,0
7336,7.8,1,2,1,68,3.9,0,0
7337,7.6,1,1,2,89,4.8,1,0
7338,6.6,1,2,0,81,4.5,1,1
7339,7.4,0,3,1,83,4.3,1,1
7340,7.6,1,3,2,90,4.8,1,0
7341,6.6,0,1,2,81,4.3,1,0
7342,8.3,1,1,0,90,4.3,1,0
7343,8.5,0,1,1,64,3.8,0,0
7344,7.4,1,2,1,61,4.4,1,1
7345,8.3,2,3,2,90,4.8,1,1
7346,7.7,1,1,0,82,3.8,1,1
7347,8.2,2,3,0,76,4.2,1,1
7348,8.1,2,3,2,90,4.8,1,1
7349,8.3,2,3,3,89,4.8,0,0
7350,7.7,1,1,1,76,4.6,1,0
7351,8.3,1,3,2,89,4.8,1,1
7352,7.5,0,3,2,85,4.5,1,1
7353,8.3,0,3,0,86,4.3,0,0
7354,8,1,3,1,75,4.2,1,0
7355,7.5,1,2,0,66,4.2,1,0
7356,8,1,1,0,90,4.4,1,0
7357,7.7,2,2,2,85,4.7,1,1
7358,8.1,1,3,0,87,4.7,1,1
7359,7.3,1,1,0,83,3.7,0,0
7360,6.5,0,2,1,81,4.8,1,0
7361,7.3,1,1,0,70,4.3,1,0
7362,7.8,0,2,2,80,3.9,1,0
7363,6.7,0,1,0,78,3,0,0
7364,7.5,1,1,1,66,4.1,1,0
7365,7.6,2,3,1,87,4.4,0,0
7366,6.8,1,1,0,68,4.2,1,0
7367,7.2,1,3,3,88,4.6,1,1
7368,7.4,1,1,1,73,3.6,1,0
7369,8,2,3,0,88,4.5,0,0
7370,7.3,1,1,1,74,4.8,0,0
7371,6.5,1,1,0,86,4.2,1,0
7372,8.5,2,3,2,87,4.6,1,1
7373,6.6,1,1,0,73,4.5,0,0
7374,8.4,1,2,0,90,4.8,1,1
7375,8.4,1,3,1,85,4.8,1,0
7376,8.3,0,1,2,81,4.4,1,1
7377,6.6,1,1,0,78,4.6,1,0
7378,7.7,2,2,0,71,4,1,1
7379,8.5,1,3,2,86,4.5,1,1
7380,7.7,1,2,0,74,4.7,1,1
7381,8.5,0,3,2,90,4.6,1,1
7382,7.5,0,1,1,74,4,1,0
7383,8.4,2,3,2,90,4.5,1,1
7384,6.6,1,2,0,70,4,0,0
7385,8.6,2,3,2,90,4.8,1,1
7386,8.7,2,3,2,90,4.8,1,1
7387,8.2,2,3,2,87,4.8,1,1
7388,8,2,3,2,90,4.7,1,1
7389,8.4,0,1,1,64,3.6,1,0
7390,8.2,0,3,1,90,4.8,0,0
7391,7.5,1,1,0,71,3.6,0,0
7392,8.5,2,3,2,90,4.7,1,1
7393,7.8,1,3,1,89,4.8,1,1
7394,7.7,0,1,0,83,4.7,1,0
7395,8.3,1,2,0,80,3.6,1,0
7396,7.1,1,3,1,77,4.2,1,0
7397,7.2,1,2,2,75,4.2,1,0
7398,8,2,3,2,90,4.8,1,1
7399,7.9,2,3,2,84,4.7,1,1
7400,7.8,1,3,2,78,4.8,0,0
7401,7.9,1,1,0,89,4.5,1,1
7402,6.7,1,1,0,73,3.5,1,0
7403,8.1,0,3,2,82,4.8,0,1
7404,7.5,2,3,0,81,4.8,1,1
7405,6.5,1,1,2,68,4.2,0,0
7406,7.5,0,1,0,65,3.9,0,0
7407,6.7,1,1,2,74,4.3,0,1
7408,7.6,2,1,0,70,4.4,1,0
7409,6.8,1,1,0,82,4.6,1,1
7410,7.8,2,2,2,80,4.6,1,1
7411,7.6,1,1,0,60,3.6,0,0
7412,8.1,2,3,2,90,4.7,1,1
7413,7.4,0,1,1,69,4.3,1,0
7414,7.6,1,1,0,63,3.3,0,0
7415,7.6,1,2,3,81,4,1,0
7416,8.3,1,3,2,85,4.7,1,0
7417,8.3,1,3,2,90,4.8,1,1
7418,7.5,1,1,1,72,4.5,1,0
7419,7.5,1,1,1,77,4.4,0,0
7420,6.5,1,1,0,67,3.9,0,0
7421,7.7,1,1,0,65,3.9,0,0
7422,8.1,1,3,2,89,4.7,1,0
7423,7.5,0,1,1,66,4.1,1,0
7424,6.5,0,3,1,69,4.5,0,0
7425,6.5,1,1,0,60,3.5,1,0
7426,7.5,0,1,0,64,4.4,1,0
7427,8.2,1,3,2,88,4.8,1,1
7428,8.1,1,2,2,83,4.8,1,1
7429,7.4,1,2,0,71,4.6,0,0
7430,8.3,2,3,1,80,4.6,0,0
7431,8,1,1,1,80,4.2,1,0
7432,8.7,2,3,0,82,4.8,1,1
7433,7.1,1,1,0,69,3.6,1,0
7434,7.3,1,1,0,69,3.7,1,0
7435,7.4,1,1,1,66,3.5,1,0
7436,7.7,1,2,1,70,4.8,1,0
7437,6.5,0,1,0,74,4.2,0,0
7438,8.9,2,3,2,90,4.8,1,1
7439,8.2,1,3,0,80,4.3,1,1
7440,8.1,0,2,0,84,4,1,0
7441,7.2,1,1,0,69,4.1,0,0
7442,7.9,0,3,1,82,4,1,1
7443,6.5,1,2,0,61,4.5,0,0
7444,7.6,1,3,3,79,4.2,1,0
7445,8.2,2,3,2,85,4,1,1
7446,6.8,1,1,1,64,3.3,0,0
7447,6.5,1,1,0,61,3.5,1,0
7448,7.7,1,1,1,75,3.5,0,1
7449,7.6,1,2,1,67,4.6,1,0
7450,7.5,1,2,0,78,3.9,0,0
7451,6.5,1,1,1,73,4.5,0,0
7452,7.4,1,1,1,69,4.2,0,0
7453,8,1,2,1,82,4.8,1,1
7454,7.5,2,3,0,84,4.5,1,0
7455,8.7,0,3,2,88,4.7,1,1
7456,7.8,1,2,0,73,4.5,1,0
7457,7.4,1,1,0,69,3.9,0,0
7458,8.2,2,3,2,88,4.3,0,1
7459,8.9,1,2,1,84,4.1,1,0
7460,7.5,1,2,2,78,4.5,1,1
7461,7.1,1,1,1,71,4.2,1,0
7462,8.1,0,3,2,90,4.8,1,1
7463,7.5,0,1,2,72,4.4,1,0
7464,7.7,1,3,2,90,4.6,1,1
7465,8.3,0,2,0,90,4.6,1,1
7466,6.5,1,1,1,76,3.8,1,0
7467,8.4,1,2,2,86,4.2,1,0
7468,6.5,2,1,1,86,3.7,1,0
7469,8.5,0,2,2,85,4.1,1,1
7470,7.8,1,1,0,86,4.6,1,0
7471,8.2,1,3,1,79,4.6,1,0
7472,7.6,1,2,0,70,3.6,1,0
7473,6.5,2,1,0,78,4.4,1,0
7474,7.4,1,1,1,62,4.8,1,0
7475,8.5,1,3,2,86,4.7,1,1
7476,7.7,1,2,1,76,4.1,1,0
7477,8.1,1,2,0,86,4.8,1,0
7478,6.9,2,2,0,68,3.2,1,0
7479,7.7,0,2,0,72,4.5,1,0
7480,7.5,1,1,0,81,3.6,1,0
7481,8.3,2,3,2,90,4.2,1,1
7482,7.6,1,1,0,73,4.2,0,0
7483,7.7,1,2,1,74,4.6,1,1
7484,8.4,1,2,1,77,4,1,0
7485,7.5,1,2,0,70,4.2,1,1
7486,7.4,1,1,0,81,4.6,0,0
7487,6.9,1,1,1,61,4.6,1,0
7488,8.1,1,2,0,84,4.3,0,1
7489,8,0,2,0,85,3.8,1,0
7490,6.5,1,1,1,81,4.8,1,0
7491,8.4,1,1,2,81,4.6,1,1
7492,7.5,1,1,1,65,4.5,0,0
7493,7.7,1,3,0,74,4.3,1,0
7494,8.3,2,3,2,90,4.8,1,1
7495,6.5,0,3,0,77,3.6,0,0
7496,7.6,1,1,1,89,4.8,1,1
7497,7.4,0,1,1,70,4.3,1,0
7498,6.6,1,1,0,73,3.1,0,0
7499,6.5,1,1,1,70,4.1,0,0
7500,8.2,1,2,1,79,4.4,1,1
7501,6.5,1,2,1,74,3.9,1,0
7502,6.7,1,1,0,74,4.4,1,0
7503,8.8,2,3,2,90,4.7,1,1
7504,8,2,3,2,87,3.7,1,1
7505,6.7,1,2,0,73,3.4,1,0
7506,8.8,0,2,1,78,4.5,1,0
7507,7.5,1,1,0,74,3.5,1,1
7508,7.9,1,2,0,64,3.7,0,0
7509,8.2,2,2,3,84,4.8,1,0
7510,7.8,2,2,2,79,4.5,0,0
7511,6.5,1,3,2,75,3.8,1,0
7512,8.2,0,1,1,64,3.9,1,0
7513,6.9,1,2,1,74,4,1,0
7514,8.5,0,3,2,88,4.5,1,1
7515,7.4,1,1,1,70,4,1,0
7516,8.1,2,3,2,90,4.8,0,1
7517,7.8,0,1,0,71,3.7,0,0
7518,6.5,1,2,0,81,4.1,1,0
7519,8.4,0,1,1,78,3.8,0,0
7520,7.8,1,1,1,85,4.8,1,1
7521,7.9,1,3,2,87,4.8,1,1
7522,6.5,1,1,0,82,4.3,1,0
7523,8,2,3,0,90,4.5,1,1
7524,8.1,2,3,2,83,4.5,1,1
7525,7.4,1,1,2,63,3.6,1,0
7526,8.1,2,3,0,89,4.1,0,0
7527,7.8,1,3,2,90,4.8,1,1
7528,6.6,2,1,0,67,3.9,0,0
7529,7.3,1,1,2,82,4,1,0
7530,8.3,1,1,2,90,4.5,1,1
7531,6.5,1,1,0,70,4.1,0,0
7532,8.4,2,3,2,90,4.8,1,1
7533,7.7,1,3,0,75,4,1,1
7534,6.5,2,3,2,71,3.8,1,1
7535,7.6,1,3,2,79,3.8,1,1
7536,8.5,1,2,0,84,4.5,1,0
7537,6.5,2,2,2,80,4.6,1,1
7538,6.7,1,1,0,71,4.1,0,0
7539,7.5,1,1,1,66,4,1,0
7540,7.5,0,2,1,82,4.2,1,0
7541,7.9,1,2,0,77,4.2,1,0
7542,7.7,1,3,2,85,4.5,1,0
7543,7.8,2,3,1,90,4,1,0
7544,8.6,2,3,2,90,4.8,1,1
7545,8.1,2,3,2,85,4.8,1,1
7546,6.6,1,1,0,77,3.8,1,0
7547,8,2,3,2,87,4.8,1,1
7548,8.6,1,3,2,90,4.5,1,1
7549,8.3,1,3,2,90,4.7,1,1
7550,8,2,1,0,90,4.7,1,1
7551,7.5,1,2,0,82,4.1,0,0
7552,7.8,0,1,0,63,4.2,1,0
7553,7.5,0,2,0,81,3.6,1,1
7554,7.8,1,1,1,63,4.1,1,0
7555,6.7,1,1,0,66,4.3,0,0
7556,7.6,1,3,1,81,3.9,1,1
7557,7.6,0,2,1,77,4.7,1,0
7558,8.1,1,3,2,85,4.5,0,0
7559,8.2,1,2,2,81,4.8,1,1
7560,7.6,1,2,0,74,4.1,1,0
7561,7.5,1,1,1,69,3.9,1,0
7562,7.3,1,2,1,88,4.8,0,0
7563,6.7,0,2,0,75,4.2,1,0
7564,8.7,0,1,0,87,4.8,0,1
7565,8,2,1,2,88,4.7,1,1
7566,8.3,0,1,0,69,4.3,0,0
7567,7.6,0,3,1,81,4.6,1,0
7568,6.5,2,1,0,86,3.4,1,0
7569,7.4,1,1,1,70,3.5,1,0
7570,8.7,2,3,2,76,4.3,1,1
7571,6.5,1,1,0,79,3.7,0,0
7572,8.4,1,3,2,70,3.8,0,0
7573,7.4,1,1,0,67,3.7,0,0
7574,7.4,0,1,0,63,4.2,1,0
7575,6.7,0,2,0,70,3,1,0
7576,8.3,2,3,2,90,4.4,1,1
7577,8.3,2,3,0,90,4.8,1,1
7578,6.5,1,2,0,60,4.3,0,0
7579,7.4,1,2,0,80,4.7,1,0
7580,7.1,0,1,0,90,4.5,0,0
7581,6.5,0,3,2,73,4.5,1,1
7582,8.6,2,3,2,90,4.5,1,1
7583,6.5,2,1,0,69,3.7,0,0
7584,8.5,1,3,0,90,4.5,1,1
7585,6.9,1,1,0,75,3.8,1,0
7586,6.5,1,1,2,84,4.5,1,0
7587,8.1,2,3,2,87,4.8,0,1
7588,7.5,0,1,1,70,4.4,0,0
7589,6.8,1,2,1,75,4,1,0
7590,7.9,1,0,3,90,4.8,1,0
7591,8.2,1,3,0,82,4.7,1,0
7592,7.7,1,1,0,75,4,1,1
7593,8.3,2,2,0,81,4.7,1,0
7594,6.8,0,2,0,78,4.1,1,0
7595,7.7,1,1,0,69,4.4,0,0
7596,6.5,2,1,3,83,4.5,1,0
7597,8.2,1,1,2,89,4.8,1,1
7598,7,1,1,2,83,4.8,1,1
7599,7.5,1,1,0,66,3.9,0,0
7600,7.3,1,1,0,60,3.2,0,0
7601,7.3,1,1,0,80,3.8,1,1
7602,7,1,2,1,61,4,1,0
7603,7.4,1,1,0,86,4.5,1,0
7604,6.7,1,3,1,86,4.8,1,1
7605,8,0,3,2,90,4.8,1,1
7606,8,2,3,2,80,4.8,0,1
7607,8.4,1,3,2,90,4.8,1,1
7608,7.6,1,1,0,69,4,1,0
7609,8.2,1,2,0,81,4.4,1,0
7610,7.5,1,1,0,71,4,0,0
7611,8.2,2,1,2,90,4.6,1,1
7612,8.1,0,2,0,77,3.8,1,0
7613,7.7,1,2,0,80,3.5,1,0
7614,7.4,1,2,0,74,4.5,1,1
7615,8.4,2,3,2,90,4.8,1,1
7616,7.4,1,1,0,74,3.9,1,0
7617,7.6,0,2,0,75,3.6,0,0
7618,7.7,1,2,0,81,4.4,1,0
7619,7.4,2,3,2,79,4.7,0,1
7620,7.7,1,2,0,80,4,1,0
7621,7.6,0,2,0,84,4,1,1
7622,8.5,1,3,2,90,4.7,1,1
7623,7.5,0,2,0,81,4.1,0,0
7624,7.4,1,1,1,73,4.2,0,0
7625,6.5,1,1,0,73,4,0,1
7626,8.3,2,1,2,75,3.9,0,0
7627,7.4,1,2,0,73,4.2,0,0
7628,8.7,1,3,2,80,4.1,1,1
7629,8.4,2,3,2,84,3.7,0,0
7630,7.6,0,1,0,75,4.2,0,0
7631,8.5,1,3,3,84,4.6,1,1
7632,7.5,1,1,0,71,3.7,1,0
7633,7.5,1,1,0,77,4,1,0
7634,7.6,0,2,0,70,3.8,1,0
7635,8.1,1,2,0,90,4.5,0,0
7636,7.7,1,2,1,80,4.4,1,0
7637,7.5,1,1,1,80,4.1,1,0
7638,8.5,1,2,0,87,4.3,1,1
7639,7.6,0,1,1,71,4.3,0,0
7640,6.5,0,1,1,69,3.9,0,0
7641,8.2,2,3,3,82,4,1,1
7642,6.9,1,2,0,70,4.8,1,0
7643,8.4,2,3,2,84,4.7,0,0
7644,7.6,1,2,2,76,4.5,1,1
7645,7.7,1,1,0,81,4.6,1,0
7646,8,1,2,2,90,4.7,1,0
7647,8.3,2,3,0,90,4.8,1,1
7648,8.3,2,3,2,90,4.8,1,1
7649,7.5,1,1,0,61,3.9,0,0
7650,8.3,1,3,2,89,3.4,1,1
7651,6.5,0,1,0,66,4,1,0
7652,8.6,1,1,2,90,4.7,1,1
7653,7.3,0,1,1,70,3.9,0,0
7654,8.2,2,3,2,87,4.8,1,1
7655,8.5,1,1,2,78,4.5,1,0
7656,7.7,0,2,0,74,4.2,1,0
7657,8.4,1,3,2,80,4.5,1,0
7658,8.6,1,1,2,90,4.7,1,1
7659,7.3,0,2,2,86,4.8,1,1
7660,8.3,0,3,3,89,4.8,1,1
7661,6.5,1,1,0,66,3.9,0,0
7662,6.8,0,1,0,72,4.2,0,0
7663,8.3,0,3,2,90,4.5,1,1
7664,8.5,1,2,0,81,4.4,1,1
7665,6.5,1,1,1,71,4.5,0,0
7666,7.9,2,3,2,83,4.5,1,0
7667,6.7,0,1,1,71,4.2,0,0
7668,8.1,1,1,0,70,4.3,1,0
7669,7.5,0,2,0,70,4.1,1,0
7670,6.7,0,2,1,71,3.7,0,0
7671,8.4,2,3,2,90,4.8,1,1
7672,6.7,2,1,0,78,4.4,1,0
7673,6.5,1,1,1,75,3.8,1,0
7674,6.5,1,2,0,71,4,1,0
7675,7.7,1,3,2,88,4.5,1,0
7676,7.3,0,3,1,82,3.8,0,0
7677,7.6,0,1,2,72,3.7,0,0
7678,6.8,1,1,1,73,3.9,1,0
7679,7.6,1,2,3,81,4.6,1,0
7680,6.5,1,2,0,61,4,0,0
7681,6.9,1,1,1,74,4.1,1,0
7682,6.8,1,1,0,74,4.3,1,1
7683,7.4,1,1,0,82,4.7,1,0
7684,8.2,2,3,1,90,3.9,1,1
7685,7.9,0,2,0,81,4.5,1,0
7686,6.7,1,2,1,81,4.5,1,1
7687,8.2,1,1,0,71,4.4,1,0
7688,7.6,1,1,1,71,3.8,0,0
7689,7.3,1,3,0,71,4.5,0,0
7690,8.4,1,2,2,73,4.3,0,1
7691,7.6,1,1,0,83,4.1,0,0
7692,6.5,0,1,1,70,4.4,1,0
7693,8.3,1,1,1,75,4.8,0,0
7694,8.2,2,1,2,90,4.5,0,0
7695,7.4,1,1,1,80,4.2,1,1
7696,8.1,2,3,0,79,4.8,1,0
7697,7.5,0,3,0,73,4.5,0,0
7698,6.6,0,1,1,71,3.4,0,0
7699,7.6,1,2,1,69,4.2,0,0
7700,7.5,1,2,1,85,4.8,1,0
7701,8.2,1,2,0,88,4.3,0,1
7702,8.4,1,1,2,76,4.6,1,0
7703,8.5,2,3,2,90,4.8,1,1
7704,6.8,1,1,0,74,4,0,0
7705,6.5,1,3,1,76,4.6,1,1
7706,8,1,2,0,78,4.8,1,0
7707,8.4,1,1,2,85,4.8,1,1
7708,6.6,1,1,1,85,4.1,1,0
7709,8.2,2,3,0,65,4.3,1,1
7710,7.7,1,1,2,83,4.5,1,1
7711,8.3,2,3,1,85,4.8,1,1
7712,6.5,1,1,0,67,4,0,0
7713,8.4,1,3,2,77,4.5,1,0
7714,8.3,1,3,0,84,4.6,1,1
7715,6.5,1,2,1,84,4.7,1,0
7716,7.6,0,2,0,84,4.4,1,0
7717,7.4,0,2,1,66,3.7,0,0
7718,8.2,1,2,2,69,4,0,0
7719,6.5,1,2,0,81,3.5,1,1
7720,8.8,1,2,0,76,4.2,0,0
7721,8.5,1,0,2,77,4.6,1,1
7722,8.3,1,2,0,78,4.6,1,0
7723,8,0,3,2,90,4.8,1,1
7724,8.5,2,3,0,86,4.6,1,1
7725,8.5,1,3,2,90,4.8,1,1
7726,8.1,1,3,2,81,4.5,1,0
7727,8.6,1,3,2,90,4.6,1,1
7728,8.2,2,3,2,90,4.7,0,1
7729,7.5,0,1,0,82,4.1,1,0
7730,8.3,2,3,0,90,4.8,1,1
7731,7.7,1,1,2,79,3.9,1,0
7732,7.4,1,1,1,73,4.8,1,0
7733,8.3,2,3,2,90,4.8,1,1
7734,7.4,1,1,0,75,4.5,1,1
7735,8.3,1,2,1,70,4.8,1,1
7736,6.6,0,1,1,64,4.6,1,0
7737,7.8,1,2,1,66,3.7,1,0
7738,6.6,0,3,1,90,4.4,1,0
7739,7.7,0,3,1,74,4.3,1,0
7740,7.4,1,1,0,80,3.4,0,0
7741,7.5,2,3,1,79,4.4,1,1
7742,8.4,1,3,3,90,4.8,1,1
7743,8.7,1,1,0,85,3.8,1,0
7744,8.4,1,2,0,82,4.5,1,0
7745,8,1,2,1,80,4.7,1,0
7746,7.5,0,1,1,70,3.9,1,0
7747,6.5,0,2,0,74,4.5,0,0
7748,6.7,0,1,1,76,3.9,1,0
7749,7.4,0,1,0,73,4.4,0,0
7750,8.4,2,3,1,83,4.4,1,0
7751,8,1,3,0,79,4.3,1,0
7752,8.7,2,3,0,82,4.1,1,1
7753,7.5,1,2,0,79,4.4,0,0
7754,7.4,1,2,1,82,3.9,1,0
7755,7.7,0,2,0,77,4.1,0,0
7756,7.6,0,3,0,85,4.7,1,1
7757,7.5,0,3,1,74,4.8,1,0
7758,8.1,1,3,0,76,4,1,1
7759,8.4,0,3,0,90,4.8,1,1
7760,7.5,1,1,1,60,4.8,1,0
7761,8,1,3,0,86,4.2,1,1
7762,7.5,1,1,0,67,4.1,0,0
7763,6.5,1,2,1,69,4.3,0,0
7764,8.4,0,1,2,80,4,1,1
7765,7.7,2,3,3,84,4.2,1,0
7766,8,1,3,0,90,4.8,1,1
7767,6.5,1,3,2,85,4.8,1,0
7768,6.8,0,1,0,60,3.9,0,0
7769,7.4,1,3,0,75,4.6,0,0
7770,7.7,1,1,1,73,4,1,0
7771,8.1,1,1,0,84,3.7,0,0
7772,7.9,2,1,0,75,3.4,1,0
7773,8.5,1,2,3,77,4.8,1,0
7774,8.3,1,2,0,75,3.8,1,0
7775,6.6,1,3,1,79,3.2,1,0
7776,8.6,2,3,2,90,4.8,1,1
7777,8.1,1,3,2,87,4.5,1,1
7778,6.5,1,2,0,76,3.8,1,0
7779,8.4,1,1,1,74,3.8,0,0
7780,8.1,1,3,2,78,3.7,1,1
7781,8.1,1,3,0,87,4.1,1,1
7782,8,1,3,2,90,4.8,1,1
7783,7.4,0,1,1,80,4.2,0,0
7784,8.2,1,3,2,90,4.4,1,1
7785,8.4,0,3,1,86,4,1,0
7786,7.3,0,1,2,74,4,0,0
7787,6.7,1,1,1,81,4.1,0,0
7788,6.5,0,2,1,72,3,1,0
7789,6.5,0,1,3,76,4.4,0,0
7790,7.9,2,1,1,70,4.7,0,0
7791,7.4,1,1,0,60,4.2,1,0
7792,7.3,1,1,1,71,4.4,1,0
7793,6.5,1,3,0,74,4,1,1
7794,6.5,1,1,0,66,4.2,0,0
7795,8.2,2,3,2,90,4.8,1,1
7796,8.5,2,3,2,90,4.8,1,1
7797,7.8,2,3,2,90,4.8,0,0
7798,7.5,1,1,0,76,4.7,0,0
7799,7.5,1,1,0,82,4.1,0,0
7800,6.9,1,3,0,81,4.6,1,1
7801,8.6,2,3,2,90,4.8,1,1
7802,8.5,2,3,1,84,4.4,1,1
7803,8.5,2,3,2,85,4.7,1,1
7804,8.1,1,2,1,86,4.8,1,1
7805,6.6,2,3,1,85,4.1,0,0
7806,8.2,1,1,2,79,4.7,1,1
7807,6.5,1,1,1,65,3,0,0
7808,7.5,1,2,3,73,3.5,1,0
7809,7.4,1,1,1,79,4.4,1,0
7810,7.2,1,1,0,61,4.4,1,0
7811,7.6,1,1,0,71,4.1,1,0
7812,8.4,1,1,1,79,4.1,0,0
7813,7.7,2,3,0,79,3.9,1,1
7814,7.7,2,3,0,90,4.6,0,0
7815,8.1,2,2,1,76,4.8,1,0
7816,8.5,1,3,2,90,4.7,1,1
7817,7.6,1,3,2,90,4.5,0,1
7818,7.4,1,3,1,87,4.6,0,0
7819,6.6,1,1,0,74,4.7,0,0
7820,8.3,2,3,2,90,4.8,1,0
7821,8.3,2,3,0,85,4.8,1,1
7822,8,2,3,2,90,4.8,1,1
7823,8.3,1,3,1,81,4.8,1,0
7824,7.8,1,2,0,79,4.4,1,0
7825,6.9,0,1,2,72,4.8,1,1
7826,7.8,1,1,1,67,3.5,0,0
7827,8.8,2,3,2,90,4.7,1,1
7828,7.5,0,2,0,67,3.1,0,0
7829,7,0,1,3,86,4.2,1,0
7830,8.4,1,1,0,75,3.7,0,0
7831,6.5,1,1,1,78,4.3,1,0
7832,7.4,1,2,2,80,3.9,1,1
7833,7.6,1,1,2,81,3.9,1,0
7834,6.5,1,2,0,78,4.7,1,0
7835,6.5,1,3,1,76,4.1,1,0
7836,6.5,1,1,0,78,4.4,1,0
7837,8.5,1,2,2,81,3.8,1,0
7838,6.5,1,1,0,78,4.4,0,0
7839,7.4,1,3,2,90,4,1,1
7840,7.7,1,1,1,71,4.2,0,0
7841,7.7,1,1,1,78,4.8,0,0
7842,6.5,1,3,1,70,4.2,1,0
7843,7.9,2,3,2,76,4.5,0,1
7844,8,2,3,2,79,4.8,1,1
7845,8.6,2,2,1,77,4.5,1,0
7846,7.5,0,1,1,83,4.4,1,0
7847,8.4,0,1,0,84,4.8,1,1
7848,7.2,2,3,0,86,4.8,1,1
7849,6.9,0,1,0,78,4.5,1,0
7850,8,1,3,0,82,3.8,0,0
7851,6.9,0,1,0,71,3.6,0,0
7852,7.9,0,2,1,72,4.3,1,0
7853,8.4,1,1,2,90,4.8,1,1
7854,8.4,1,3,2,90,4.8,1,1
7855,6.7,1,2,1,85,4.8,1,1
7856,8,0,3,2,86,4.3,1,1
7857,8.3,1,3,0,84,4.4,1,0
7858,8.1,1,3,1,78,4.1,1,0
7859,6.8,1,2,0,79,4,1,0
7860,7.5,1,3,0,78,4.5,1,0
7861,7.7,1,1,0,74,4.2,1,0
7862,8,2,3,2,86,4.8,1,1
7863,7.5,1,2,1,82,4,0,0
7864,6.6,1,3,1,82,4.6,1,0
7865,6.5,1,1,1,69,4.3,0,0
7866,8.3,1,2,2,89,4.8,1,1
7867,6.8,1,1,0,71,4.4,0,0
7868,8.1,1,1,1,79,4.5,0,0
7869,8.9,1,3,0,85,4.8,1,1
7870,8.3,2,3,2,90,4.7,1,1
7871,8.5,2,3,2,86,4.7,1,1
7872,7.8,1,1,0,83,3.8,1,0
7873,8.2,1,1,0,80,3.9,1,0
7874,7.9,1,2,2,87,3.6,0,1
7875,7.6,0,1,0,83,4,1,0
7876,7.3,0,1,0,75,3.4,0,0
7877,6.6,0,2,0,68,3.8,0,0
7878,8.5,1,2,0,87,4,1,1
7879,8.3,1,1,0,73,3.6,1,0
7880,7.4,1,2,1,73,4,1,0
7881,8.4,0,1,0,80,4.5,1,0
7882,8.5,2,1,0,83,4.7,1,0
7883,6.5,1,1,0,66,4.1,0,0
7884,7.5,1,3,1,87,4.6,1,1
7885,8.4,2,3,2,90,4.8,1,1
7886,7.6,1,3,2,72,4.8,1,0
7887,8.2,2,3,2,90,4.8,1,1
7888,6.5,1,3,2,84,4.5,1,1
7889,8.5,2,3,2,90,4.8,1,1
7890,7.6,1,1,1,73,3.7,0,0
7891,7.6,1,1,1,66,3.8,0,0
7892,8.1,2,3,2,90,4.8,1,1
7893,7.3,1,3,2,90,4.5,1,1
7894,6.6,2,3,0,77,4.4,1,1
7895,8.9,2,3,2,88,4.8,1,0
7896,7.9,2,2,1,90,4.8,1,1
7897,7.7,1,2,0,87,4,1,1
7898,7.1,1,1,1,64,4.5,0,0
7899,7.6,1,2,0,80,4.6,1,0
7900,7.9,1,3,0,71,3.9,1,0
7901,7.6,1,2,1,67,3.9,0,0
7902,8,1,2,0,90,4.5,1,0
7903,7.4,2,1,0,73,4.1,1,0
7904,6.5,0,1,1,68,3.5,1,0
7905,8.1,2,3,2,83,4.3,1,1
7906,8.2,1,3,2,83,4.4,1,1
7907,7.9,1,2,1,80,4.3,0,0
7908,7.8,2,3,2,90,4.7,1,1
7909,7.3,0,1,0,78,3.7,1,0
7910,8.1,1,2,2,86,4.8,1,1
7911,7.6,1,2,0,79,4.1,1,1
7912,7.6,1,2,1,68,4,1,0
7913,7.8,2,2,2,81,4.5,1,1
7914,7.6,0,2,0,69,4.2,0,0
7915,7.5,1,3,2,80,4.6,0,1
7916,8,1,3,3,85,4.7,1,0
7917,8,2,3,2,85,4.8,1,1
7918,8.3,0,3,1,73,4.4,1,0
7919,6.8,1,1,0,79,4.3,1,1
7920,7.2,1,3,2,84,4.4,1,0
7921,8.6,1,1,2,89,4.3,1,0
7922,7.5,2,1,3,79,3.4,0,0
7923,8.7,2,3,3,90,4.7,1,1
7924,6.6,0,2,1,67,4.2,1,0
7925,8.3,2,2,2,75,3.8,1,0
7926,7.6,1,1,0,74,3.8,0,0
7927,6.7,1,1,1,72,4.2,1,0
7928,6.7,1,2,1,86,4.8,1,1
7929,7.3,1,2,0,80,4.5,1,1
7930,8.5,1,2,2,77,4.3,1,1
7931,8.3,2,3,2,90,4.8,1,1
7932,7.5,1,1,0,84,4.5,0,0
7933,7.9,1,1,0,71,4.4,1,1
7934,8,0,2,0,60,4.2,0,0
7935,8,2,3,2,90,4.8,1,1
7936,7.7,1,1,1,65,3.5,0,0
7937,8.9,1,3,2,90,4.8,1,1
7938,8.2,2,3,2,85,4.8,0,0
7939,8.3,1,2,0,76,4.5,1,1
7940,7.6,1,2,1,72,4.4,0,0
7941,7.8,0,2,0,79,4.3,1,1
7942,7.4,0,2,1,71,4.7,1,0
7943,7.9,1,1,1,76,3.8,1,1
7944,8.1,1,2,1,88,4.8,1,1
7945,8.1,2,3,2,90,4.8,1,1
7946,8,1,3,2,90,4.8,1,1
7947,7.5,1,1,1,82,4.6,1,0
7948,8.5,0,3,2,90,4.6,1,1
7949,7.6,1,2,0,88,4.8,1,0
7950,8.3,1,3,1,90,4.5,1,1
7951,8.3,1,3,2,88,4.8,1,1
7952,8.2,2,3,2,90,4.7,1,1
7953,8.5,2,3,0,89,4.5,1,1
7954,6.6,1,1,2,67,4,0,0
7955,8.2,1,1,2,71,4.2,1,0
7956,8.6,1,2,2,77,4.3,0,1
7957,6.7,0,1,1,77,3.7,0,0
7958,7.6,1,1,0,69,4.5,0,0
7959,8.1,1,3,2,90,4.7,1,1
7960,7.7,0,1,1,72,3.5,1,0
7961,7.6,1,2,0,72,4.8,1,0
7962,8,0,3,3,84,4.8,1,1
7963,8.3,0,1,0,87,4.5,1,1
7964,7.2,1,2,0,80,4.6,1,0
7965,7.4,1,1,0,67,4.1,0,0
7966,7.3,1,2,1,68,4.3,1,0
7967,6.5,0,1,0,64,4.1,0,0
7968,8.7,1,3,2,90,4.7,1,1
7969,7.7,1,1,1,75,4,1,0
7970,8.4,2,3,2,90,4.8,1,1
7971,6.6,1,1,0,76,4.2,0,0
7972,7.7,1,3,0,80,4.8,1,1
7973,8.2,1,2,3,84,4,1,0
7974,6.5,2,3,2,80,4.2,1,0
7975,8.1,1,1,0,81,3.5,1,0
7976,8.7,2,3,2,90,4.8,1,1
7977,7.5,0,1,0,68,4.1,0,0
7978,6.7,0,1,1,80,3.7,1,0
7979,8.4,2,2,0,90,4.5,1,0
7980,6.7,1,1,0,76,3.8,1,1
7981,8.3,0,3,0,90,4.6,1,1
7982,6.8,1,3,0,66,3.6,1,1
7983,6.5,1,2,0,85,4.7,1,1
7984,7.5,0,1,0,64,3.7,1,1
7985,8.3,1,3,2,82,4.8,1,1
7986,7.3,0,1,3,81,4.8,1,0
7987,6.7,0,1,1,70,4.6,1,0
7988,7.2,0,1,0,63,3.8,0,0
7989,8.7,2,2,2,90,4.8,1,1
7990,7.7,1,2,0,77,4.3,1,1
7991,7.9,0,2,0,80,3.6,0,0
7992,6.5,0,3,2,84,4.6,1,1
7993,8.9,2,3,2,90,4.8,1,1
7994,7.3,1,2,1,83,4.2,0,0
7995,8.3,0,1,0,71,4.1,1,1
7996,6.5,0,1,0,80,3.9,1,0
7997,7.5,2,3,0,85,4.3,0,1
7998,8.5,2,2,0,79,3.7,1,0
7999,7.6,1,1,0,80,3.9,0,0
8000,7.4,1,2,0,76,4.4,1,0
8001,8.6,2,3,2,90,4.8,1,1
8002,8.1,2,3,2,90,4.6,1,1
8003,7.5,1,1,0,88,4.3,0,0
8004,7.5,1,1,1,67,4.5,0,0
8005,7.4,1,2,0,80,4.2,1,0
8006,8.6,1,3,0,89,4.8,1,1
8007,6.8,1,1,1,75,3.8,1,0
8008,8.6,2,1,2,90,4.8,1,1
8009,8,1,3,1,76,4.6,0,0
8010,7.9,1,3,1,82,4.3,1,1
8011,8.1,1,3,2,89,4.6,1,1
8012,6.5,1,3,2,81,4.5,0,1
8013,7,1,2,0,69,4.3,1,0
8014,8,2,3,2,88,4.8,1,1
8015,6.9,1,2,1,90,3.9,1,0
8016,8.3,2,3,2,90,4.8,0,1
8017,7.8,1,2,0,84,3,1,0
8018,7.4,0,1,0,76,4,0,0
8019,6.7,1,2,0,67,3.9,0,0
8020,6.6,1,3,0,62,3.8,1,0
8021,6.6,1,3,2,81,4.5,0,0
8022,7.5,1,1,1,74,3.9,1,0
8023,7.2,1,2,2,75,4.3,1,0
8024,7.5,1,2,0,69,3.5,0,0
8025,8.1,1,3,2,81,4.5,1,1
8026,8.3,2,3,2,90,4.7,1,1
8027,8.1,1,1,1,77,4.1,1,1
8028,8.2,1,2,1,84,4.8,1,0
8029,8.1,2,2,0,83,4.7,1,1
8030,7.5,0,1,0,71,4.1,1,0
8031,8.3,0,1,2,85,4.7,1,1
8032,6.9,0,1,1,65,4.1,1,1
8033,8,1,3,2,90,4.7,1,1
8034,8.1,1,3,0,88,4,1,1
8035,8.3,0,3,2,83,4.3,1,1
8036,8.4,2,3,1,73,4.2,1,0
8037,7.6,1,2,1,68,4.1,1,0
8038,8.1,1,2,0,83,4.1,0,0
8039,8.4,0,1,2,74,4.2,1,0
8040,8.2,2,3,2,86,4.8,1,1
8041,6.5,1,1,1,76,4.1,1,0
8042,8.4,0,1,2,89,4.8,1,1
8043,8.1,2,3,2,90,4.8,1,1
8044,8.2,0,3,2,90,4.5,1,1
8045,6.9,1,1,0,75,4.1,1,0
8046,8.2,1,2,2,89,4.8,1,1
8047,7.6,0,1,1,66,4.2,1,0
8048,8.3,1,1,0,83,4,1,0
8049,8.3,1,1,1,72,4.7,1,0
8050,7.9,0,3,2,83,4.8,1,1
8051,6.5,0,2,0,73,3.7,1,0
8052,6.5,1,1,0,80,3.8,1,0
8053,6.6,0,1,0,74,3.9,1,0
8054,7.6,1,1,0,84,4.1,1,0
8055,7.9,1,2,2,63,3.8,1,0
8056,7.6,2,3,2,90,4.8,1,1
8057,6.6,0,2,0,75,3.9,1,1
8058,8.3,1,3,2,90,4.7,1,1
8059,8.4,2,3,2,90,4.8,1,1
8060,6.5,0,2,0,80,4.2,0,0
8061,7.4,2,3,0,81,4.6,0,0
8062,7.7,0,1,1,70,3.6,1,0
8063,8.2,1,1,1,69,4.2,1,0
8064,6.5,1,1,1,83,4.2,0,0
8065,7,1,1,1,68,3.7,0,0
8066,8.7,2,3,2,90,4.8,1,1
8067,8.5,2,3,2,81,4.5,1,1
8068,6.7,1,1,0,64,3.7,1,0
8069,8.9,1,3,2,90,4.6,1,1
8070,7.4,1,1,1,73,3.6,1,0
8071,8.8,1,3,2,90,4.8,1,1
8072,7.4,0,1,0,65,4.2,0,0
8073,7.5,2,3,2,90,4.7,1,1
8074,8.3,1,2,2,89,4.6,1,1
8075,8.5,2,1,2,87,4.8,1,1
8076,8,2,3,2,90,4.8,1,1
8077,8.2,2,3,2,88,4.5,1,1
8078,8.4,1,2,2,84,4.7,1,0
8079,8.1,2,3,2,87,4.6,1,1
8080,6.7,1,2,2,68,4.1,0,0
8081,8.1,1,3,3,77,4.1,1,1
8082,7.6,1,3,2,90,4.8,1,1
8083,7.3,1,1,0,82,3.9,0,0
8084,7.9,1,1,0,75,4.3,0,1
8085,6.5,1,2,0,67,4.1,1,0
8086,7.7,1,1,0,70,4.4,1,0
8087,8.5,2,3,2,90,4.8,1,1
8088,8.2,1,2,0,71,4.7,1,0
8089,8.3,2,3,2,90,4.8,1,1
8090,8.2,2,3,2,90,4.4,1,1
8091,8.7,1,1,2,82,4.2,1,0
8092,8.5,1,1,1,84,4.6,1,0
8093,7.6,1,1,0,82,3.7,1,0
8094,8.1,1,3,0,90,4.8,1,1
8095,8.6,1,3,0,86,3.8,1,0
8096,7.5,1,1,1,76,3.6,0,0
8097,7.4,1,1,1,79,4.3,0,0
8098,8.2,1,3,0,86,4.7,1,1
8099,7.6,1,1,0,71,3.3,1,0
8100,7.4,1,1,0,74,4,1,0
8101,8.3,2,3,2,84,4.4,1,1
8102,7.8,1,3,0,81,4.3,1,1
8103,8.5,2,3,1,86,4.5,1,1
8104,8.1,1,1,1,67,3.8,0,0
8105,7.4,0,2,1,72,4.4,1,1
8106,8.1,1,3,0,69,3.9,0,0
8107,7.6,1,1,1,76,3.8,1,1
8108,7.6,1,3,1,73,4.8,1,1
8109,7.8,2,1,0,70,3.5,0,0
8110,7.3,1,1,1,68,4.7,1,0
8111,8.6,1,3,2,72,4,1,1
8112,8.3,2,3,2,90,4.8,1,1
8113,8.2,2,3,2,90,4.6,1,1
8114,7.9,1,2,0,90,4.1,1,1
8115,6.5,0,1,0,73,3.7,0,0
8116,7.7,0,1,0,66,4.2,1,0
8117,8.1,2,3,0,83,3.8,0,1
8118,7.5,2,3,2,77,4.8,1,1
8119,7.2,0,2,0,69,4.1,1,0
8120,7.7,2,1,1,80,4.7,0,0
8121,8,1,3,1,89,4.8,0,1
8122,7.8,1,3,0,75,4.2,1,1
8123,8.2,1,1,0,77,3.8,0,0
8124,7.6,1,3,0,77,4.3,1,0
8125,8.5,1,3,1,84,4.8,1,1
8126,8.4,1,3,2,90,4.8,1,1
8127,7.6,0,3,0,79,4.6,1,0
8128,8.2,2,3,2,90,4.8,1,0
8129,7.4,1,3,0,80,4.6,1,0
8130,6.6,1,1,0,82,3.9,0,0
8131,7.4,2,2,2,86,4,1,0
8132,6.5,0,1,0,67,3.5,1,0
8133,7.7,2,2,2,90,4.8,1,1
8134,7.5,1,2,0,69,4.1,1,0
8135,7.4,0,2,1,89,4.3,1,0
8136,8.2,0,3,0,77,4,0,0
8137,7.5,0,3,0,83,3.8,1,1
8138,8.1,2,3,1,85,4.8,1,1
8139,7.9,0,1,1,61,4.4,0,0
8140,7.7,1,1,0,64,3.8,0,0
8141,8.3,2,3,2,90,4.4,1,1
8142,7.4,2,1,1,80,4.1,0,0
8143,7.9,2,3,2,85,4.8,1,1
8144,7.4,1,2,1,86,4.5,1,0
8145,7.7,1,2,0,71,4.4,1,0
8146,8.5,1,3,2,90,4.8,0,1
8147,7.7,1,1,2,76,4,1,1
8148,7.5,1,2,1,66,4,1,0
8149,8.2,2,3,2,87,4.8,1,1
8150,7.9,1,2,1,85,4.8,0,1
8151,7.5,0,1,1,72,4.6,1,0
8152,7.8,1,3,1,75,4.6,1,1
8153,7.6,1,2,1,87,4.3,0,0
8154,7.5,1,1,1,66,4.3,0,0
8155,7.8,2,3,2,90,4.7,1,1
8156,8.3,1,1,0,86,4.2,1,1
8157,8.3,2,3,3,90,4.8,1,1
8158,8.2,2,3,2,90,4.6,1,1
8159,7,1,1,0,79,4.3,0,0
8160,6.6,1,1,0,73,3.9,1,0
8161,8.6,2,3,2,90,4.8,1,1
8162,8,2,3,0,90,4.8,1,0
8163,7.7,2,3,2,87,4.8,1,1
8164,8.2,0,3,0,81,4.2,1,1
8165,8.4,2,3,2,90,4.8,1,1
8166,6.5,0,1,0,76,4.7,1,0
8167,6.9,0,1,0,60,4.6,0,0
8168,8.1,2,3,2,90,4.8,1,1
8169,6.6,1,1,1,75,3.9,1,0
8170,7.9,1,1,2,87,4.2,1,0
8171,7.5,1,2,0,83,4.7,1,1
8172,8.6,0,3,3,90,4.8,1,1
8173,8.4,1,3,2,78,4.5,1,1
8174,7.9,2,3,2,90,4.6,1,1
8175,7.5,0,2,0,70,3.5,1,1
8176,9,2,3,0,90,4.8,1,1
8177,7.9,0,3,2,80,4.7,1,1
8178,6.5,1,1,0,88,3.9,0,0
8179,7.3,1,1,1,67,4.4,1,0
8180,7.9,0,3,1,86,4.6,1,1
8181,7,1,1,0,74,4.5,0,0
8182,7.1,1,1,3,75,4.4,1,0
8183,7.3,1,2,0,83,4.5,1,1
8184,6.7,0,1,0,70,4.7,1,1
8185,8.6,1,2,1,90,4.2,1,1
8186,8.4,0,3,2,88,4.3,1,1
8187,8.4,2,3,0,89,4.8,1,0
8188,7.9,0,2,0,69,4,1,0
8189,7.6,1,1,1,74,3.9,0,0
8190,7.9,1,3,1,90,4.8,1,1
8191,7.6,1,2,0,67,4.2,1,0
8192,6.5,1,2,0,89,4.5,1,0
8193,7.4,1,2,1,84,4.6,1,0
8194,8.2,0,2,2,86,4.5,0,0
8195,8.1,2,3,2,77,4.5,1,0
8196,7.6,1,1,1,70,4.4,0,0
8197,8.4,2,3,2,90,4.8,1,1
8198,8.6,2,3,2,87,4.7,1,1
8199,7.4,1,1,0,74,3.8,0,0
8200,7.6,1,1,1,71,4.2,0,0
8201,7.6,0,1,0,77,3,0,0
8202,8,2,3,3,90,4.8,1,1
8203,6.5,1,2,0,67,3.9,0,0
8204,7.6,1,2,1,77,4.4,1,0
8205,7.3,0,2,0,82,4.5,1,0
8206,6.5,1,1,2,69,4.2,0,0
8207,8.4,2,3,0,90,4.8,1,1
8208,8.3,0,1,1,72,3.8,0,0
8209,6.9,1,2,0,80,3.4,0,0
8210,7.5,0,2,1,70,3.8,1,1
8211,8.1,2,3,0,84,4.8,1,1
8212,8,2,1,2,90,4.6,1,0
8213,7.7,1,1,1,75,4.5,1,0
8214,8.3,2,3,2,86,4.6,1,1
8215,8.4,2,3,2,90,4.8,1,1
8216,7.7,2,3,1,85,4.2,1,0
8217,6.5,1,1,1,80,3.6,0,0
8218,8.3,2,1,1,71,3.9,1,0
8219,7.7,1,2,1,61,3.7,1,0
8220,7.4,0,2,1,79,3.6,1,0
8221,8,2,1,2,77,4.4,1,0
8222,6.8,1,3,0,61,4.3,0,0
8223,7.5,1,1,0,75,4.1,1,0
8224,7.6,1,1,0,84,4.2,1,0
8225,7.7,1,1,0,69,4,0,0
8226,7.8,1,1,0,61,3.4,0,0
8227,8.3,1,1,2,83,4,1,1
8228,8.3,2,1,2,83,4.4,1,0
8229,8.5,1,3,2,90,4.7,1,1
8230,6.5,1,1,0,70,4,1,0
8231,8.7,2,3,2,90,4.8,1,1
8232,6.6,0,1,3,84,3.7,0,0
8233,6.7,0,1,1,78,4.3,0,0
8234,8.3,1,2,1,80,4.3,1,1
8235,7.4,1,1,1,70,4,0,0
8236,7.7,1,1,2,88,4.2,1,1
8237,6.8,0,1,1,67,3.4,1,0
8238,8,1,2,0,88,4.4,1,1
8239,7.4,1,1,1,72,4,0,0
8240,6.6,0,1,1,66,3.8,0,0
8241,7.5,1,1,0,64,4.3,0,0
8242,8.3,0,3,1,80,4.8,1,1
8243,7.5,1,3,2,72,4.5,1,0
8244,8,2,2,2,88,4.4,0,0
8245,8.4,1,3,2,84,4.8,1,0
8246,7.7,1,3,2,86,4.7,1,1
8247,7.7,1,2,0,86,4.5,1,1
8248,7.8,1,2,2,85,4.3,1,1
8249,8.4,1,3,2,80,4.5,1,1
8250,6.7,0,1,1,68,4.3,0,0
8251,7.5,1,1,1,79,3.9,0,0
8252,7.5,2,1,1,78,4.3,1,0
8253,8.5,2,3,2,90,4.8,1,1
8254,8.3,0,3,1,86,4.3,1,1
8255,8.3,2,3,0,73,4.5,1,0
8256,8.5,1,3,2,89,4.8,1,1
8257,8,0,3,0,88,4.4,1,0
8258,8.7,1,3,2,90,4.8,1,1
8259,8.1,0,3,0,76,3.9,1,0
8260,8,2,3,2,86,3.8,1,1
8261,8.5,2,3,0,85,4.5,1,1
8262,8.5,2,3,3,90,4.7,1,1
8263,7.5,1,3,3,90,4.8,0,1
8264,8.1,2,3,2,90,3.8,1,1
8265,8.3,1,3,2,76,4.5,1,1
8266,8.3,2,3,2,89,4.8,0,1
8267,7.5,1,3,1,79,3.8,1,0
8268,7.5,0,1,1,75,4.3,0,0
8269,7,1,1,0,70,4.1,0,0
8270,7.8,0,2,2,82,4.8,1,0
8271,7.4,1,3,2,73,4.1,1,1
8272,8.1,2,3,2,90,4.7,0,0
8273,7.6,2,2,2,80,4.8,1,1
8274,6.7,1,1,0,74,3.5,0,0
8275,8,2,3,2,90,4.8,1,1
8276,7.6,1,2,1,81,4.4,1,1
8277,8.6,1,3,2,90,4.8,1,1
8278,8.6,0,3,2,90,4.7,1,1
8279,7.8,1,3,2,78,4.8,1,0
8280,7.5,1,3,0,83,4.8,1,1
8281,8.7,2,3,2,90,4.6,1,1
8282,7.7,1,2,1,74,4.5,0,0
8283,7.4,1,1,1,70,4.3,1,0
8284,7.8,2,1,1,87,4.4,1,0
8285,6.7,1,3,2,86,4.1,1,1
8286,6.5,1,2,0,81,4.1,0,0
8287,8.4,2,3,2,90,4.3,1,1
8288,7.5,1,1,0,71,4.1,1,0
8289,7.9,1,2,2,86,4.8,1,0
8290,7.4,0,2,2,82,4.8,1,1
8291,7.5,1,1,0,77,4.1,1,0
8292,7.7,1,3,2,87,4.5,1,1
8293,6.5,1,1,1,83,4.4,0,0
8294,8.3,2,1,2,84,4.8,1,1
8295,7.6,1,1,1,80,3.7,1,0
8296,6.7,2,2,1,76,3.9,1,1
8297,7.6,0,1,1,83,3.4,1,1
8298,7.7,1,2,3,78,4.4,0,0
8299,8.4,0,1,0,78,4.5,1,0
8300,6.8,2,1,0,65,4.6,1,0
8301,8.2,2,3,2,73,4.3,1,0
8302,7.5,0,1,0,72,4.5,1,0
8303,7.8,1,2,0,84,4.4,1,0
8304,8.4,2,3,2,90,4.7,1,1
8305,7.7,1,1,0,71,3.9,0,0
8306,7.8,1,3,2,83,4.6,1,1
8307,8.3,2,3,2,85,4.8,1,0
8308,7.5,0,1,0,82,4.6,1,1
8309,6.5,0,2,1,65,4.2,0,0
8310,7.9,1,3,2,75,4.6,1,1
8311,7.7,0,2,1,75,4.1,1,1
8312,8.4,2,3,2,90,4.7,1,1
8313,8.1,0,3,2,77,4.8,0,0
8314,7.6,2,3,2,87,4.3,1,1
8315,8,1,3,2,78,3.7,0,0
8316,7.6,1,2,1,74,4.7,1,0
8317,6.5,1,2,1,69,4.5,1,0
8318,6.7,0,1,0,74,4,0,0
8319,7.9,0,2,2,81,4.3,0,0
8320,8.5,1,3,0,90,4.8,1,1
8321,6.5,1,1,0,78,4.5,1,0
8322,7.9,2,3,2,90,4.8,1,1
8323,6.5,1,2,1,65,4.6,1,0
8324,7,1,1,1,86,3.8,0,0
8325,6.5,1,2,1,79,3.1,1,1
8326,8.7,1,3,2,79,4.6,1,0
8327,7.6,1,2,2,76,4.5,1,1
8328,8.2,2,3,2,90,4.8,1,1
8329,6.5,1,1,1,66,3.3,0,0
8330,6.7,1,2,1,76,4.6,1,0
8331,8.6,2,3,2,84,4.6,1,1
8332,7.4,1,2,0,64,4.7,1,0
8333,6.5,1,1,2,85,4.3,1,0
8334,7.5,1,1,0,75,3.6,0,0
8335,6.5,2,3,0,81,3.5,1,0
8336,8.6,1,3,0,89,4.5,1,1
8337,7.9,2,3,2,82,4.8,1,1
8338,7.5,1,1,1,68,4.4,0,0
8339,7.9,2,3,2,90,4.6,0,0
8340,8.3,1,3,2,90,4.8,1,1
8341,7.5,0,1,0,63,3.6,0,0
8342,8.5,1,3,1,72,3.8,1,1
8343,7.6,0,3,2,87,4.8,1,1
8344,6.5,1,2,2,81,3.6,1,1
8345,8.4,1,3,0,75,4.4,1,1
8346,7.9,0,3,1,84,4.3,0,1
8347,7.6,0,1,1,62,4.1,0,0
8348,8.4,2,3,1,86,4.7,1,1
8349,7.2,2,3,2,90,4.7,1,1
8350,7.9,0,1,0,79,4.4,0,0
8351,6.6,0,1,0,71,4.3,1,0
8352,8.3,0,3,2,79,3.7,1,1
8353,8.1,2,3,0,81,4.7,1,1
8354,8.6,2,3,2,90,4.8,1,1
8355,7.7,1,3,1,82,4.5,1,0
8356,6.5,1,1,0,77,4.7,0,0
8357,8.6,2,2,1,90,4.6,1,1
8358,7.2,1,2,2,70,4.1,0,0
8359,7.8,1,2,0,77,4.4,1,0
8360,6.5,1,3,2,78,4.2,1,0
8361,7.5,0,1,2,78,4.6,1,0
8362,8.3,2,2,2,90,4.6,1,1
8363,8.3,1,3,2,89,4.7,1,1
8364,8.5,2,3,0,90,4.8,1,1
8365,6.6,1,2,0,71,4.6,0,0
8366,8.1,2,3,1,90,4.7,1,0
8367,7.3,0,1,1,71,4.6,0,0
8368,7.6,0,1,1,72,4.4,1,0
8369,8.6,1,3,3,84,4.5,1,1
8370,6.9,1,1,0,68,3.7,0,0
8371,7.5,1,2,0,65,4.1,1,0
8372,8.3,2,3,2,90,4.3,1,0
8373,8.4,1,1,2,69,4.4,0,0
8374,8.5,2,3,2,90,4.1,1,1
8375,8.5,1,1,2,88,4.5,1,1
8376,9,2,3,2,90,4.8,1,1
8377,8.4,2,3,1,83,4.8,0,1
8378,8.4,0,3,0,90,4.8,1,1
8379,8.6,2,3,2,90,4.8,1,0
8380,8.3,2,3,1,79,4.4,1,0
8381,7.6,1,1,0,79,4.2,0,0
8382,7.6,1,1,1,77,4.8,1,0
8383,7.5,1,1,1,68,4.5,1,0
8384,7.4,1,3,2,80,4.4,1,1
8385,6.5,1,1,0,79,4.3,1,0
8386,6.5,0,2,2,82,4.3,1,0
8387,7.7,1,1,0,72,4.5,1,1
8388,8.4,1,3,2,90,4.8,1,0
8389,7.4,1,1,0,72,4.1,1,0
8390,8.3,1,3,2,90,4.7,1,1
8391,6.8,1,3,2,78,4.5,1,0
8392,6.7,2,3,0,85,4.4,1,1
8393,7.4,1,2,3,83,4.7,1,1
8394,7.3,0,2,1,70,3.7,1,1
8395,7.8,1,2,2,90,4.5,1,1
8396,8.3,2,3,2,90,4.8,1,1
8397,7.6,1,1,1,66,4.3,0,0
8398,6.5,1,2,0,76,4.5,1,0
8399,8.4,1,0,0,75,4.7,1,1
8400,8.2,2,3,2,90,4.8,1,1
8401,8.2,1,3,0,82,4.7,1,1
8402,8.2,0,3,2,83,4.7,1,0
8403,7,1,2,0,77,4.1,1,0
8404,8,2,3,2,90,4.8,1,1
8405,7.5,1,2,1,77,4.7,1,1
8406,8,2,1,2,80,4.6,0,1
8407,8.5,2,3,2,82,4.4,1,1
8408,8.2,1,3,2,88,4.8,1,1
8409,8.2,1,3,2,81,4.8,1,1
8410,8.2,0,3,2,90,4.2,0,0
8411,8.3,2,3,2,90,4.3,1,1
8412,7.7,1,3,2,76,4.4,1,0
8413,7.5,2,3,1,73,4.3,1,0
8414,7.4,1,1,0,72,3.6,0,0
8415,7.9,1,3,0,85,4.8,1,1
8416,7.7,2,3,2,90,4.8,0,1
8417,7.4,2,1,0,80,4,1,0
8418,7.6,1,3,0,78,3.9,1,0
8419,7.8,1,1,1,83,3.7,1,0
8420,7,0,3,0,75,3.9,0,1
8421,8,1,3,1,90,4.4,1,0
8422,8.3,2,3,2,90,4.8,1,1
8423,8.3,0,1,0,90,4.1,0,0
8424,7.4,1,1,0,88,4,1,0
8425,8.3,1,2,0,78,4.6,1,1
8426,7.3,1,2,1,73,4,0,0
8427,7.9,0,3,2,80,4.2,1,1
8428,8.7,2,3,2,90,4.8,1,1
8429,6.9,1,1,1,64,4.6,0,0
8430,7.6,0,1,1,60,3.2,0,0
8431,6.5,0,1,1,66,4.6,0,0
8432,7.5,1,1,0,88,4.6,0,0
8433,7,1,1,1,73,4.6,0,0
8434,7.5,0,1,0,89,4.5,0,0
8435,7.9,0,1,0,80,4.8,1,0
8436,7.4,1,3,0,70,3.8,0,0
8437,6.5,1,2,1,84,3.8,1,0
8438,7.5,1,3,1,84,4.6,0,0
8439,6.8,1,1,0,69,3.9,0,0
8440,7.6,1,2,0,70,4.2,0,0
8441,8.5,2,3,2,90,4.8,1,1
8442,6.5,1,1,0,68,4,1,0
8443,7.4,2,2,0,65,3.9,0,0
8444,6.6,1,3,3,65,4.2,1,1
8445,6.5,1,2,0,78,4.5,0,0
8446,8.1,1,3,2,80,4.5,0,1
8447,6.6,2,1,0,74,4.3,1,0
8448,8,2,3,2,90,4.7,1,0
8449,6.6,1,1,0,69,3.9,1,0
8450,8.4,2,3,3,89,4.6,1,1
8451,7.5,1,1,0,74,4.7,0,0
8452,7.4,0,1,0,68,4.1,1,0
8453,8.2,2,3,2,90,4.8,0,1
8454,7.6,1,1,0,74,4.5,1,0
8455,8.3,0,2,0,85,4.2,0,0
8456,7.4,1,3,2,76,3.7,1,0
8457,7.6,1,1,0,77,3.7,1,1
8458,7.3,1,2,1,83,3.2,1,0
8459,8.3,1,3,3,88,4,1,1
8460,7.4,2,0,0,69,4.4,0,0
8461,8.2,1,3,2,85,4.6,1,1
8462,8.5,1,3,2,90,4.8,1,1
8463,8.2,1,3,0,88,4.2,1,1
8464,6.5,2,3,1,76,4.3,0,0
8465,7.1,0,1,0,73,4.1,1,0
8466,7.6,0,1,1,65,4.1,0,0
8467,8.4,2,3,2,90,4.8,0,1
8468,8.5,1,3,2,85,4.6,1,1
8469,6.6,0,1,0,68,4.8,0,1
8470,7.9,1,1,0,90,4.5,1,1
8471,7.6,1,2,1,88,4.2,1,1
8472,8.4,1,3,2,90,4.2,1,1
8473,6.5,1,1,0,77,4.3,0,0
8474,7.3,0,3,0,72,4.4,0,0
8475,8.3,1,3,2,88,4.8,1,1
8476,6.5,1,1,0,83,4.6,1,0
8477,7.6,1,1,1,63,3.8,0,0
8478,7.2,0,2,0,82,4.8,1,0
8479,8.3,2,2,2,87,4.7,1,1
8480,7.6,1,2,0,70,3.7,1,1
8481,8.2,1,3,2,90,4.6,1,1
8482,6.5,1,1,0,89,3.7,1,0
8483,8.2,2,3,2,90,4.5,1,1
8484,8.2,0,3,2,81,4.6,1,0
8485,8.5,2,3,2,90,4.8,1,1
8486,7.8,1,3,1,82,4.8,1,1
8487,7.4,1,1,0,60,4.3,1,1
8488,7.3,1,2,1,80,4.3,1,1
8489,7.8,1,1,0,73,4.6,1,0
8490,7.6,0,3,1,70,4.1,0,0
8491,6.5,1,1,0,65,3.6,0,0
8492,8.5,2,2,2,87,4.8,1,1
8493,8.3,1,1,0,88,4.1,0,0
8494,6.5,0,3,0,66,3.5,0,0
8495,8.5,2,3,0,87,4.6,1,1
8496,8.2,2,2,2,87,4.8,1,1
8497,8.2,2,3,2,90,4.6,1,1
8498,8.3,1,2,2,76,4,1,0
8499,7.4,2,2,1,82,4.6,1,0
8500,7.8,0,1,1,90,4.2,1,1
8501,6.7,1,1,0,74,3.7,1,0
8502,8.1,2,2,1,79,4.5,1,0
8503,7.5,1,1,0,78,3.8,0,0
8504,6.5,1,2,0,77,4,0,0
8505,8.3,2,2,2,73,3.9,1,0
8506,6.5,1,3,2,87,4.7,1,1
8507,7.7,0,1,1,67,3.4,0,0
8508,6.5,0,3,1,82,4.6,0,0
8509,7.3,1,1,0,80,3.6,1,1
8510,8.4,1,3,0,75,4.6,1,0
8511,7.9,2,3,2,88,4.6,1,1
8512,6.8,1,3,1,86,4.8,1,0
8513,7.5,1,2,2,68,4,1,1
8514,7.4,1,1,1,69,3.9,0,0
8515,7.7,0,1,0,89,4.2,0,0
8516,7.7,0,1,0,81,3.8,1,0
8517,7.4,2,3,2,80,4.8,1,0
8518,7.7,1,2,0,75,4.4,0,0
8519,7.5,1,1,1,74,4.5,1,0
8520,6.5,1,1,0,73,4.1,1,0
8521,8.2,2,3,2,90,4.8,1,1
8522,7.4,1,1,3,70,4.5,1,0
8523,8.5,2,3,2,90,4.8,1,1
8524,7.5,1,1,1,81,4,1,0
8525,7.9,2,2,0,77,4.4,1,1
8526,7.9,1,2,2,83,4.8,1,1
8527,8.2,2,3,2,88,4.5,0,1
8528,7.6,1,3,2,90,4,1,0
8529,6.5,1,1,0,82,4.6,1,0
8530,6.5,1,1,1,72,3.8,1,0
8531,8,0,1,2,89,4.7,1,1
8532,7.5,0,2,0,80,3.8,1,0
8533,7.6,1,2,1,83,4.8,1,0
8534,6.5,1,1,1,66,3.7,1,0
8535,8.3,2,2,1,87,4.5,1,0
8536,6.5,1,1,1,66,3.8,1,0
8537,8.2,1,2,0,88,4.8,1,1
8538,7.6,1,1,3,76,3.8,1,0
8539,7.7,1,2,0,81,4.8,0,0
8540,8.3,1,3,2,87,4.7,1,1
8541,7.1,1,3,1,74,4.3,1,1
8542,7.8,1,3,2,90,4.8,1,0
8543,7.4,1,2,1,90,4.4,1,0
8544,6.6,1,1,0,74,3.8,1,1
8545,8.7,2,3,2,90,4.8,1,1
8546,6.5,2,3,2,84,4.5,0,0
8547,8.1,1,2,0,79,4.3,1,0
8548,7.4,0,2,2,80,4.8,1,1
8549,8.6,2,3,2,89,4.7,1,1
8550,7.7,2,3,2,82,4.8,1,0
8551,6.9,1,1,0,78,4.3,1,0
8552,6.9,1,2,0,69,4,1,0
8553,7.7,2,2,0,80,3.8,1,0
8554,8.1,0,3,2,90,4.8,1,1
8555,8.6,2,3,2,90,4.8,1,1
8556,7.4,1,2,1,71,4.7,1,0
8557,7.5,1,1,1,76,4,1,0
8558,7.6,1,3,1,85,4.4,1,0
8559,7.9,0,2,0,80,4.2,1,0
8560,7.7,1,2,1,72,4.5,1,0
8561,6.6,1,1,0,72,3.2,1,0
8562,7.6,1,2,2,86,4.3,1,0
8563,7.9,1,1,1,75,4.5,1,0
8564,8.2,2,2,0,74,4.1,0,0
8565,7.3,0,1,0,76,4,0,0
8566,8.4,1,3,0,86,3.6,1,1
8567,8,2,3,2,89,4.5,1,1
8568,8,1,3,2,90,4.8,1,1
8569,7.9,1,2,0,68,3.6,1,0
8570,7.3,1,1,2,71,4,1,0
8571,7.7,1,3,1,83,4.8,1,1
8572,8.7,2,3,2,90,4.8,1,1
8573,8.7,0,3,2,90,4.8,1,1
8574,6.7,1,1,1,75,3.7,0,0
8575,8.3,1,2,0,73,4.8,1,0
8576,8.2,1,3,2,73,4.5,1,1
8577,8.4,2,3,2,90,4.7,1,1
8578,6.5,1,2,1,72,4.5,0,0
8579,7.7,1,1,2,70,3.9,0,0
8580,6.8,2,3,0,80,4.4,1,1
8581,8.5,0,1,0,71,4,0,0
8582,8.1,1,2,2,90,4,1,0
8583,7.8,2,1,2,90,4.8,1,1
8584,7.8,0,1,0,74,3.3,0,0
8585,8.8,2,3,2,90,4.8,1,1
8586,8.2,2,3,2,88,4.8,1,1
8587,8.1,1,3,0,74,4,1,1
8588,8.1,1,2,0,89,4.7,1,1
8589,7.5,1,1,3,78,4.5,0,0
8590,8.1,2,1,2,78,4.7,1,1
8591,7.2,1,2,0,60,4.6,0,0
8592,7.8,0,3,1,90,3.8,1,0
8593,6.5,2,3,2,80,4.8,1,0
8594,7.4,1,1,0,62,3.6,0,0
8595,7.6,1,1,2,69,3.9,1,0
8596,7.5,0,1,1,83,4,1,0
8597,8,0,3,2,76,4.8,1,1
8598,8.3,2,2,0,90,4.8,1,1
8599,7.2,2,2,2,87,4.7,1,1
8600,7.7,1,3,2,90,4.4,1,1
8601,7.9,1,3,2,90,4.5,1,1
8602,8.5,2,3,2,90,4.6,1,1
8603,8,1,1,0,90,4.5,1,1
8604,8,2,3,0,90,4.8,1,1
8605,8.2,1,1,0,69,4.5,1,0
8606,7.5,1,1,0,76,4,0,0
8607,6.5,1,1,1,68,4.4,0,0
8608,8.4,1,2,1,79,3.8,1,1
8609,7.4,0,1,0,79,3.8,0,0
8610,7,2,1,1,88,4.8,1,1
8611,8.3,1,3,2,77,4,1,0
8612,7.7,0,1,1,64,3.9,1,0
8613,8.1,2,2,2,87,4.8,1,1
8614,7.3,1,2,1,86,4.3,1,0
8615,8.6,1,3,0,90,4.8,1,1
8616,8.5,1,3,1,90,4.8,1,0
8617,8.6,2,3,0,84,4.8,1,1
8618,7.6,1,0,1,75,4.8,1,1
8619,8.3,2,3,2,85,4.7,0,1
8620,8.2,1,1,2,90,4.8,1,1
8621,8.5,2,3,2,90,4.8,1,1
8622,7.7,0,2,0,79,4,0,0
8623,7.6,1,2,1,61,3.2,0,0
8624,7.5,1,3,2,82,4.8,0,1
8625,7.8,0,3,0,89,4.8,1,1
8626,8.4,0,3,0,83,4,0,0
8627,8.2,2,3,2,90,4.8,1,1
8628,8.5,2,3,2,90,4.8,1,1
8629,8,1,1,2,87,4.1,1,1
8630,6.5,2,3,2,80,4,1,1
8631,6.5,1,1,1,73,4,0,0
8632,7.3,1,3,0,80,4.2,0,0
8633,7.8,0,2,1,62,3.6,0,0
8634,8.4,2,3,2,90,4.6,1,1
8635,8.5,2,3,2,90,4.5,1,1
8636,7.3,0,1,0,75,4.7,1,1
8637,8.5,2,3,2,90,4.8,1,1
8638,8.3,1,3,1,87,4.5,0,0
8639,6.9,1,2,0,67,3.7,1,0
8640,7.4,0,2,1,71,4.7,1,0
8641,8.3,1,3,2,90,4.5,1,1
8642,6.8,1,2,0,74,3.9,0,0
8643,8.4,0,3,3,85,4.8,1,1
8644,6.5,1,1,0,74,4.7,1,0
8645,8.5,2,3,0,90,3.8,1,1
8646,7.5,1,2,0,76,4,1,1
8647,7.3,0,1,1,69,4.6,1,0
8648,8,1,2,2,83,4.3,1,0
8649,8.2,1,2,3,83,4.2,1,0
8650,8,0,2,1,74,4.1,1,1
8651,8.4,1,2,1,73,4.5,1,0
8652,7.7,0,2,1,68,4,1,1
8653,7.6,1,2,1,80,3.9,1,0
8654,7.7,2,2,1,84,4.7,1,1
8655,8.5,2,3,2,88,4.8,1,1
8656,8,2,3,0,83,4.1,1,0
8657,7.6,2,2,0,77,4.4,1,0
8658,7.8,2,3,0,86,4.6,1,1
8659,7.9,1,3,3,83,4.7,1,1
8660,6.5,1,1,0,87,4.8,0,1
8661,7.3,1,3,0,84,4.6,0,0
8662,8.5,2,3,2,90,4.8,1,1
8663,8.5,0,3,0,81,4.4,1,0
8664,8.6,2,3,2,88,4.8,1,1
8665,6.5,0,1,2,89,3.8,0,1
8666,8.3,1,2,2,86,4.8,1,1
8667,8,1,3,1,90,4.8,1,1
8668,6.7,0,1,1,75,3.2,0,0
8669,7.7,1,1,2,76,4.7,0,0
8670,6.6,1,3,2,90,4.6,1,0
8671,7.6,0,3,0,87,4.1,1,1
8672,8.3,1,2,0,72,3.9,1,1
8673,6.5,1,1,0,70,4.2,0,0
8674,8.2,0,3,2,76,4.7,1,0
8675,6.5,1,1,0,77,4.2,1,0
8676,8.4,1,2,0,79,3.4,1,1
8677,6.6,1,1,0,71,3,0,0
8678,7.7,1,3,0,80,4.8,1,0
8679,7.9,2,3,1,75,4.5,1,0
8680,8,0,3,2,87,4.7,1,1
8681,7.6,1,1,1,79,4.1,1,1
8682,8.1,0,2,0,73,4.7,1,0
8683,8.6,1,2,0,68,3.9,1,1
8684,8.1,1,3,0,75,4.5,1,1
8685,8.6,2,3,2,90,4.8,1,1
8686,8.5,2,3,2,85,4.7,0,1
8687,8.6,2,2,1,78,4,1,0
8688,6.8,1,2,2,70,3.8,1,0
8689,7.2,0,1,0,70,3.5,0,0
8690,8.7,1,2,2,84,4.8,1,1
8691,6.7,0,1,1,68,3.4,0,0
8692,7.8,2,3,2,90,4.5,1,1
8693,8.3,0,3,0,90,4.7,1,1
8694,7.7,1,2,0,78,4.6,1,1
8695,6.6,0,1,0,70,4.3,0,0
8696,7.5,1,1,0,90,4.6,1,0
8697,6.8,2,1,0,77,4,0,0
8698,8.4,0,3,2,69,4.5,1,1
8699,8.2,1,3,2,79,4.8,1,1
8700,7.8,2,2,1,84,4,1,0
8701,8.7,2,3,2,90,4.8,1,1
8702,7.9,0,3,1,81,4.6,0,0
8703,7.5,1,2,2,80,4.3,1,1
8704,6.5,0,1,0,62,4.6,0,0
8705,8.4,2,3,1,86,4.4,1,1
8706,6.6,1,1,1,68,3.5,0,1
8707,6.7,0,1,0,79,4.4,0,0
8708,6.7,2,1,2,71,4,1,0
8709,6.5,1,1,0,67,3.1,0,0
8710,7.5,1,1,2,67,3.5,1,0
8711,8.5,1,2,2,74,4,1,0
8712,6.7,0,1,0,63,3.8,0,0
8713,8.2,1,1,1,68,3.9,1,1
8714,8.7,2,1,2,80,3.9,0,0
8715,8.4,2,3,2,87,4.7,1,1
8716,6.9,0,2,1,82,3.9,1,0
8717,7.1,0,1,0,70,4.4,0,0
8718,7.3,0,1,0,72,4.3,0,0
8719,8.3,1,1,1,73,4.1,0,0
8720,6.5,0,1,1,85,4.2,1,1
8721,8.6,2,2,2,76,4.7,0,1
8722,7.5,0,1,1,82,3.8,1,0
8723,7,0,1,0,69,4.4,1,1
8724,7.5,1,2,1,73,4.2,1,0
8725,8.3,2,3,2,90,4.6,0,1
8726,6.5,2,1,0,75,4,0,0
8727,8,2,3,2,89,4.8,1,0
8728,7.5,1,1,0,77,4,1,0
8729,8.5,1,3,2,90,4.8,1,1
8730,9,2,3,2,90,4.8,1,1
8731,6.6,1,2,1,67,4.1,1,0
8732,7.7,1,2,1,69,3.3,1,0
8733,8,2,3,2,90,4.8,1,1
8734,6.5,2,1,0,74,4.5,0,0
8735,6.5,1,3,0,81,3.8,1,0
8736,7.2,2,2,2,87,4.4,1,1
8737,8.3,1,3,1,88,4.8,1,1
8738,7.3,1,1,0,71,4.4,0,1
8739,7.3,1,1,0,77,4,1,0
8740,7.9,2,3,2,90,4.8,1,1
8741,7.3,1,1,0,79,4.5,1,0
8742,7.7,1,1,1,64,4.5,0,0
8743,7.5,1,1,1,70,3.3,0,0
8744,7.7,0,1,2,72,4.3,0,0
8745,7.6,0,1,1,80,3.9,0,0
8746,7,1,1,1,73,4.3,0,0
8747,6.5,0,3,0,72,4.2,1,0
8748,8,2,3,2,90,4.8,1,1
8749,6.5,1,2,2,76,4.8,1,0
8750,7.5,0,2,0,68,4,1,1
8751,7.3,0,1,0,78,3.6,0,0
8752,7.5,2,2,1,68,3.7,0,0
8753,8.6,1,2,1,78,4.3,1,1
8754,8.6,2,3,2,82,4.4,1,1
8755,8.4,2,3,2,90,4.8,1,1
8756,7.5,2,1,0,69,4.5,0,0
8757,8.3,1,1,2,82,4.2,0,1
8758,8.4,0,2,0,71,3.8,1,0
8759,8.3,2,3,2,90,4.8,1,1
8760,6.5,1,1,0,67,4.3,1,0
8761,8.3,2,3,0,88,4.8,1,0
8762,7.7,1,3,2,78,4.4,0,0
8763,8.1,1,2,0,87,4.3,1,0
8764,7.9,1,2,0,77,3.8,1,0
8765,8.8,2,3,2,90,4.7,1,1
8766,7.4,1,2,1,76,4.4,1,0
8767,8.3,1,0,0,85,4.3,1,1
8768,6.5,0,3,0,77,4.2,0,0
8769,7.6,1,2,0,82,3.9,0,0
8770,8.3,1,3,2,90,4.8,1,1
8771,8.2,1,1,1,79,4.1,1,0
8772,6.8,1,2,0,80,4.5,1,1
8773,7.5,2,2,1,74,4.4,1,0
8774,7.6,0,1,0,71,3.9,0,0
8775,8.4,1,2,1,74,4.3,0,0
8776,8.4,2,3,2,90,4.5,1,0
8777,8.2,2,3,0,90,4.8,1,1
8778,7.6,0,3,2,82,4.5,0,1
8779,6.9,0,1,0,79,4.8,0,0
8780,8.4,0,1,0,85,3.7,1,1
8781,7.4,1,2,1,74,4.3,0,0
8782,7.5,1,2,0,81,4.7,1,0
8783,8.4,0,1,0,90,4.8,1,1
8784,8.3,1,3,0,90,4.7,1,1
8785,7.9,1,1,2,72,4.8,0,1
8786,8.4,0,3,2,75,4.8,1,0
8787,7.7,0,1,1,85,4.4,1,1
8788,6.8,1,1,1,78,3.8,0,0
8789,8.6,2,3,2,90,4.6,1,1
8790,7.7,2,3,0,81,4.7,1,1
8791,8.4,1,0,2,81,4.2,1,1
8792,6.5,1,1,1,76,4.8,0,0
8793,8.3,2,2,3,87,4.8,1,0
8794,7.3,2,1,0,83,3.7,1,1
8795,6.5,0,2,0,85,4.8,0,1
8796,8.2,1,2,2,80,4.4,1,1
8797,7.6,1,1,1,71,4.2,0,0
8798,8.5,2,2,2,82,4.5,1,0
8799,7.4,2,3,2,89,4.8,0,0
8800,7,2,3,2,90,4.8,1,1
8801,8.2,1,1,1,78,4,1,0
8802,6.9,1,3,2,80,4.6,1,1
8803,6.8,0,1,0,63,3.6,0,0
8804,8.5,0,3,2,90,4.8,1,1
8805,8.2,1,3,2,90,4.8,1,1
8806,6.5,1,1,1,69,3.7,0,0
8807,7.4,1,1,0,74,4.5,0,1
8808,7.9,0,2,2,87,3.9,1,0
8809,8.1,2,3,2,86,4.7,1,1
8810,8.7,2,3,0,87,4.8,1,1
8811,7.5,1,2,0,78,4.4,1,0
8812,8.2,2,3,2,90,4.7,1,1
8813,7.8,1,3,0,76,4.4,1,0
8814,6.5,1,2,0,69,4.8,1,0
8815,8.1,1,2,2,78,4.7,1,0
8816,8.3,2,3,3,89,4.5,1,1
8817,8,1,3,0,80,4,1,0
8818,7.8,1,1,0,66,3.7,1,1
8819,6.6,1,1,2,86,4.7,0,1
8820,6.8,1,3,0,83,4.4,1,0
8821,7.9,2,3,2,80,4.5,1,1
8822,7.4,1,2,0,75,3.9,1,1
8823,8.1,0,2,1,88,3.8,1,0
8824,8.2,2,3,2,82,4.4,1,1
8825,8.6,0,3,0,86,4.5,0,0
8826,8.2,2,3,0,89,4.4,1,0
8827,8.1,2,2,0,80,4.8,0,1
8828,7.4,1,3,1,84,4.5,1,1
8829,8.2,2,3,2,85,4.8,1,1
8830,8.3,1,3,2,88,4.8,1,1
8831,8,2,3,2,82,4.3,1,1
8832,6.5,1,2,1,69,3.8,1,0
8833,8.3,2,3,2,90,4.8,1,0
8834,6.5,1,2,0,76,4.3,0,0
8835,7.9,1,1,0,77,4.7,1,0
8836,8,2,3,2,90,4.8,1,1
8837,7.9,1,2,1,86,4.4,1,0
8838,6.5,1,1,0,69,3.5,1,0
8839,6.9,1,1,0,78,4.2,1,1
8840,7.9,1,3,2,90,4.8,0,0
8841,6.5,0,1,1,81,4.1,0,0
8842,8.7,2,3,2,90,4.8,1,1
8843,6.5,1,2,0,77,4.2,0,0
8844,7.4,1,2,2,82,4.3,1,0
8845,7.4,1,2,1,77,3.9,1,0
8846,7.6,1,1,1,76,3.4,0,0
8847,8.7,2,3,2,79,4.4,1,1
8848,6.5,0,1,0,73,3.6,0,0
8849,8.1,2,1,2,72,4.1,0,0
8850,8.6,1,3,2,90,4.8,1,1
8851,7.7,1,2,1,76,3.7,1,0
8852,8.4,2,3,2,89,4.1,1,1
8853,8.2,2,3,2,90,4.8,1,1
8854,7.6,2,1,0,79,4.8,1,0
8855,8,0,2,2,90,4.8,1,1
8856,8.6,1,3,0,82,4.5,1,0
8857,7.9,2,3,2,90,4.7,1,1
8858,6.7,1,1,0,80,3.8,1,0
8859,7.4,1,1,0,66,4.4,0,0
8860,7.8,1,2,1,74,4.8,1,0
8861,8.4,1,1,2,86,4.7,0,0
8862,8,2,3,2,89,4.6,1,1
8863,7.8,1,3,2,80,3.4,0,0
8864,7.4,1,1,0,79,3.6,1,0
8865,7.5,0,1,2,74,4,1,0
8866,7.7,2,3,2,90,4.8,1,1
8867,8.3,1,3,2,88,4.6,1,1
8868,8,2,3,3,85,4.8,1,0
8869,6.5,0,2,2,85,4.1,1,0
8870,8.6,2,1,0,70,4.2,1,0
8871,8.2,2,3,2,83,4.6,1,1
8872,7.6,2,2,2,60,4.4,0,0
8873,8.3,2,3,3,88,4.8,1,1
8874,8.1,2,3,2,90,4.8,1,1
8875,6.5,0,2,0,77,4.4,1,0
8876,7.8,0,1,2,68,4.5,0,1
8877,8,1,3,2,90,4.7,1,1
8878,8.2,1,3,2,90,4.8,1,1
8879,7.9,1,3,2,78,4.3,1,1
8880,8.4,1,3,0,81,3.6,1,1
8881,7.7,1,2,2,82,4.7,1,0
8882,7.8,1,2,1,70,3.9,1,0
8883,6.6,1,3,2,79,4.6,1,1
8884,7.7,1,2,0,76,4.1,1,0
8885,7.7,1,1,1,86,4.3,1,0
8886,8,1,2,1,77,4.5,0,0
8887,7.5,1,2,1,78,4.7,0,0
8888,8.3,1,2,2,85,4.6,1,1
8889,8.4,1,3,2,90,4.8,1,1
8890,7.6,0,2,1,77,4.4,1,1
8891,7.5,1,2,2,87,3.9,1,0
8892,8.3,2,3,0,90,4.7,1,1
8893,7,1,1,1,62,3.4,0,0
8894,7.9,2,3,2,90,4.8,1,1
8895,8.4,2,3,2,88,4.8,1,1
8896,7.6,1,1,0,74,4.3,0,0
8897,8.2,1,3,2,90,4.3,1,1
8898,8.1,0,3,3,88,4.3,1,1
8899,8.6,1,2,2,64,4,0,0
8900,7.7,1,1,0,77,3.7,0,0
8901,8.3,2,3,2,88,4.8,1,1
8902,6.9,2,2,2,90,4.8,1,1
8903,7.4,1,1,2,90,4.3,1,1
8904,8.3,1,1,1,71,3.9,0,0
8905,7.5,1,2,0,78,3.4,1,0
8906,6.5,1,1,1,79,4.7,1,0
8907,7.5,1,2,1,79,4.5,1,0
8908,7.4,1,3,1,68,3.4,1,0
8909,8.6,1,3,2,87,4.8,1,1
8910,8.1,2,3,2,68,4.5,1,0
8911,7.7,1,3,0,71,4.2,1,0
8912,6.8,1,1,1,71,4.3,1,0
8913,8.2,1,2,2,90,4.8,0,0
8914,6.5,0,2,0,83,4.6,1,0
8915,7.6,1,1,1,75,3.6,1,0
8916,7.5,0,1,0,74,4.5,1,0
8917,6.6,1,2,0,78,4.1,0,0
8918,8.2,0,1,3,84,4.8,1,1
8919,7.4,2,3,1,78,4.7,1,0
8920,8.7,2,2,0,89,4.5,1,1
8921,8.6,2,1,0,86,4.4,1,1
8922,8.5,1,3,2,89,4.6,1,0
8923,8.4,1,3,0,90,4.8,0,1
8924,8.2,0,2,3,90,4.8,1,1
8925,8.2,1,2,3,86,3.9,1,1
8926,8.3,2,3,2,90,4.8,1,1
8927,7.4,1,1,0,72,4.2,1,1
8928,8.3,2,3,0,82,4.5,1,0
8929,8.5,2,1,1,78,4.4,1,1
8930,8.6,0,3,2,78,4.2,0,0
8931,7.6,1,1,1,84,3.3,1,1
8932,7.4,0,2,2,83,4.5,1,0
8933,8.4,1,1,2,84,4,1,0
8934,7.2,1,1,0,73,3.8,0,0
8935,7.5,1,2,1,80,3.7,1,0
8936,6.9,0,2,0,77,4.2,0,0
8937,7.7,0,2,0,85,4,1,1
8938,8.5,1,2,2,82,4,0,1
8939,8.3,1,3,1,85,4.3,1,0
8940,8.3,0,3,2,82,4.8,1,1
8941,7.6,1,2,1,86,4.4,1,1
8942,8,2,3,0,84,4.6,1,0
8943,7,1,1,0,74,4.3,1,0
8944,7.2,1,1,1,74,3.9,1,0
8945,6.7,1,1,0,75,3.7,0,0
8946,7.3,1,2,1,68,4.6,1,0
8947,8,1,3,0,81,4.3,1,0
8948,8,2,3,2,81,3.9,1,0
8949,7.6,1,1,1,72,4.6,1,0
8950,7.4,0,2,0,75,4.4,1,0
8951,8.4,2,3,2,83,4.7,1,1
8952,6.5,1,2,1,72,4,1,1
8953,8.2,2,3,2,81,4.8,1,0
8954,8.4,2,3,2,87,4.6,0,1
8955,8.6,2,3,2,90,4.7,1,1
8956,8.6,2,3,3,83,4.6,0,0
8957,7.9,1,2,0,67,4.4,0,1
8958,8.3,2,3,2,88,4.8,1,1
8959,7.7,1,1,1,74,4.5,0,0
8960,8,0,2,0,76,4.6,1,1
8961,7.9,1,3,3,80,4.1,1,1
8962,7.8,1,3,0,79,4.8,1,0
8963,8.5,1,2,0,73,4.2,1,0
8964,7.7,2,2,2,75,4.2,1,0
8965,8.4,2,2,2,84,4.7,1,1
8966,7.5,1,3,0,83,4.2,1,0
8967,7.9,1,2,0,82,4.2,1,1
8968,7.4,1,1,0,80,4.3,1,1
8969,6.9,1,1,1,72,3.6,0,0
8970,7.9,1,2,1,81,4.8,1,0
8971,8.4,2,3,2,90,4.8,1,1
8972,8.4,1,3,0,73,4.7,1,0
8973,7.8,1,3,2,90,4.8,1,1
8974,7.7,0,1,1,72,4.1,1,0
8975,8.3,1,3,1,79,4.3,1,0
8976,8.5,1,3,2,80,4.6,1,1
8977,8.3,2,3,2,90,4.8,1,1
8978,7.5,1,3,1,72,4.2,0,0
8979,6.5,1,3,2,77,4.5,1,1
8980,8.6,2,3,0,87,4.7,1,0
8981,6.9,1,2,2,77,4.2,1,0
8982,8.2,2,3,0,81,4.8,0,1
8983,8.2,2,3,2,76,4.8,0,0
8984,7.4,1,3,0,84,4.6,0,0
8985,8.4,0,3,2,83,4,0,1
8986,7.7,0,1,0,67,4,0,0
8987,8.1,1,2,0,83,3.9,0,0
8988,8.6,0,2,2,83,3.9,1,0
8989,8.5,1,1,1,77,4.5,1,0
8990,8.2,2,3,2,90,4.8,1,1
8991,8.2,2,3,2,90,4.8,1,1
8992,8.7,2,3,2,81,4.6,1,1
8993,7.3,2,3,2,78,4.7,1,0
8994,7.9,2,3,0,90,4.8,1,1
8995,7.9,1,1,0,73,4,1,0
8996,8.4,1,2,0,81,4,1,1
8997,6.5,1,2,1,72,4.4,0,0
8998,7.5,1,2,0,60,3.6,1,0
8999,7.8,0,2,2,87,4.6,1,1
9000,8.1,2,1,0,90,4.5,1,0
9001,7.8,1,3,2,90,4.8,1,1
9002,7.5,1,1,0,77,4.6,0,0
9003,6.6,1,1,1,67,4.1,1,0
9004,6.9,1,1,0,74,4.5,1,0
9005,6.8,1,1,1,75,4.3,1,0
9006,7.7,1,1,0,80,3.3,0,0
9007,7.5,1,3,2,78,4.8,1,0
9008,6.7,0,1,1,85,4.2,1,1
9009,6.5,1,3,1,75,4.5,0,0
9010,8.3,1,3,0,90,4.8,1,1
9011,8.6,2,3,2,90,4.8,1,1
9012,6.5,1,2,1,61,3.9,1,0
9013,6.8,1,1,0,77,4.2,1,0
9014,6.7,1,2,0,74,4.6,1,1
9015,7.6,1,1,0,81,4.1,1,0
9016,8.4,2,3,2,89,4.5,1,1
9017,6.5,1,2,1,83,4.1,1,0
9018,8.4,2,3,0,90,4.7,0,1
9019,8.2,1,2,0,81,4.8,1,0
9020,7.6,1,1,1,73,3.9,0,0
9021,7.5,1,1,0,82,4.5,1,0
9022,8.3,2,3,2,85,4.8,1,1
9023,6.5,1,2,1,76,4.1,0,0
9024,7.8,1,1,1,72,4.6,1,0
9025,6.8,1,1,0,73,3.1,1,0
9026,8.6,1,3,2,82,4.8,1,1
9027,7.8,1,2,1,83,4.6,1,1
9028,6.8,2,3,2,84,4.8,1,1
9029,8,1,3,0,85,4.8,1,0
9030,7.7,1,1,2,76,4.6,1,0
9031,8.6,2,3,2,76,4.2,1,1
9032,8,2,3,2,83,4.5,0,0
9033,7.3,1,1,0,77,3.7,0,0
9034,8.9,1,3,0,83,4.8,1,1
9035,7.7,1,1,1,73,4.2,0,0
9036,8.2,0,2,1,75,4.4,1,1
9037,6.9,1,1,1,84,4.7,0,0
9038,8.8,1,3,2,89,4.5,1,1
9039,6.8,1,1,1,69,3.7,0,0
9040,6.5,1,2,0,83,4.6,1,0
9041,8.1,2,3,0,90,4.7,1,1
9042,7.7,1,1,0,78,3.8,1,0
9043,8.6,1,3,3,88,4.6,1,1
9044,6.5,1,1,0,68,3.8,1,0
9045,7.9,2,3,2,79,4.3,0,1
9046,8.3,2,3,2,90,4.3,1,0
9047,7.1,1,2,1,84,4.3,1,0
9048,6.5,1,2,0,84,4.6,1,0
9049,7.8,0,1,2,74,4.3,1,0
9050,8.3,2,3,2,87,4.7,1,1
9051,7.1,1,1,0,63,4.2,1,0
9052,8.3,1,3,2,90,4.5,1,1
9053,8.7,2,3,3,90,4.8,1,1
9054,8.5,1,2,1,66,3.9,1,0
9055,6.8,1,2,0,68,4.1,1,0
9056,7.4,0,1,0,79,4.2,1,0
9057,7.6,0,3,2,87,4.7,0,1
9058,7.5,1,2,1,71,4.1,1,0
9059,8.3,1,1,0,70,4.6,1,0
9060,9.1,2,3,2,90,4.8,1,1
9061,8.1,1,3,2,75,4.7,1,0
9062,7.6,0,2,0,85,4.2,1,1
9063,8.6,1,2,2,88,4.3,1,1
9064,8,0,2,1,89,4.3,1,0
9065,7.5,1,2,0,64,3.8,0,0
9066,7.5,0,1,0,63,4.3,1,0
9067,7.3,0,2,0,71,3.5,1,0
9068,7,0,3,3,76,4.5,1,1
9069,7.5,1,1,1,70,4.4,0,0
9070,6.5,1,2,0,76,3.7,0,0
9071,8.3,1,2,0,77,3.8,1,0
9072,6.9,1,1,2,72,3.8,1,0
9073,8.1,2,3,2,90,4.8,1,1
9074,7.6,1,2,0,72,4.2,1,1
9075,6.8,1,1,0,74,4.3,1,0
9076,8.4,2,3,2,90,4.8,1,1
9077,7,1,2,0,73,4.5,1,0
9078,6.9,2,3,3,86,4.8,1,1
9079,7.3,1,1,1,80,3.8,0,0
9080,8.3,2,3,2,90,4.8,1,1
9081,6.9,1,1,0,78,3.9,1,0
9082,8.3,2,2,2,80,4.5,1,1
9083,7.2,1,1,1,72,3.7,0,0
9084,8.1,2,2,2,90,3.7,1,1
9085,7.7,1,1,2,71,4,1,0
9086,8.4,2,3,2,90,4.7,1,1
9087,6.6,0,1,0,67,3.3,1,0
9088,6.8,2,1,2,75,4.6,1,0
9089,7.8,2,3,2,90,4.7,1,1
9090,6.9,1,2,0,73,4.2,1,0
9091,7.6,1,3,2,85,4.4,1,1
9092,6.5,0,1,1,80,3.2,0,0
9093,7.8,2,3,2,86,4.2,0,1
9094,7.6,2,1,1,74,3.8,1,0
9095,8.3,0,3,2,90,4.7,1,1
9096,7.3,2,1,2,86,3.8,1,0
9097,7.8,2,2,2,88,4.3,1,0
9098,7.6,1,2,0,72,4.4,1,0
9099,7.8,1,3,1,79,3.7,0,0
9100,6.5,1,1,1,76,4.3,0,0
9101,7.5,0,1,0,82,4.4,1,0
9102,6.6,0,3,2,87,4.3,0,0
9103,6.9,2,1,0,73,4,1,0
9104,7.4,1,1,0,60,3.8,0,0
9105,7.5,1,1,1,63,3.7,1,0
9106,8,2,3,2,90,4.8,1,1
9107,8.3,2,3,2,90,4.8,1,1
9108,8.5,2,2,2,90,4.4,1,1
9109,6.5,1,1,1,66,4,1,0
9110,8.6,1,3,2,82,4.6,1,1
9111,8.2,2,3,2,90,4.8,1,1
9112,6.7,1,2,1,79,3.9,1,0
9113,6.5,1,1,1,84,4,1,1
9114,7.5,2,3,0,81,3.9,1,0
9115,7.6,0,2,1,74,4.8,1,1
9116,7.6,0,1,1,77,4.3,1,0
9117,7.5,1,1,1,77,4.6,0,0
9118,8,1,2,1,80,4.3,1,0
9119,8.2,2,3,2,90,4.6,1,1
9120,6.5,1,1,0,78,4,0,0
9121,7,1,1,0,81,3.6,1,0
9122,8.4,2,3,1,84,4.5,1,1
9123,8.4,2,1,0,90,4.6,1,0
9124,7,1,1,1,70,3.3,1,0
9125,8.7,1,2,2,77,4.5,1,1
9126,7.4,1,1,1,65,4.3,0,0
9127,7.9,1,2,1,86,3.8,1,0
9128,8.1,1,3,1,82,4.6,1,1
9129,6.5,0,1,0,64,4.1,0,0
9130,8.5,2,1,0,86,4.7,1,0
9131,8.2,1,3,2,89,4.8,1,1
9132,7.6,2,3,0,76,4.8,1,0
9133,8.2,1,3,2,81,4.5,0,1
9134,7.6,1,1,1,68,4,0,0
9135,8.3,0,2,2,72,4,1,0
9136,7.5,1,2,0,89,4.5,1,1
9137,8,2,3,0,90,4.4,1,1
9138,7.8,2,3,0,83,4.4,0,0
9139,8.6,2,3,2,88,4.8,1,1
9140,6.7,1,1,0,85,4,1,0
9141,7.6,0,1,0,83,3.7,0,0
9142,7.6,1,1,0,74,4.1,0,0
9143,7.7,1,3,3,88,4.8,0,0
9144,8.1,1,1,0,86,4.8,1,1
9145,7.8,1,2,0,82,3.9,1,0
9146,7.4,1,1,0,82,4.5,1,0
9147,7.7,1,1,1,74,4.3,1,0
9148,7.7,1,1,1,69,3.9,1,0
9149,6.8,1,2,2,83,4.5,1,1
9150,7.4,2,3,1,89,4.6,1,0
9151,6.5,1,2,1,69,4.1,0,0
9152,7.6,1,3,2,84,4.6,1,1
9153,6.5,2,2,2,85,4.4,1,1
9154,7.6,2,3,0,84,4.5,1,0
9155,7.3,0,1,2,85,4.7,1,1
9156,6.6,1,2,0,65,4.2,0,0
9157,8,2,2,2,87,4.8,0,1
9158,6.6,0,2,0,73,4.8,1,0
9159,7.4,1,2,0,85,4.6,0,0
9160,7.5,1,2,0,62,4.4,0,0
9161,6.8,0,2,0,73,4.2,1,0
9162,7.5,1,1,0,83,4.4,0,0
9163,8.3,2,3,2,88,4.8,0,0
9164,8.2,0,1,1,81,4.2,1,1
9165,8.2,1,3,0,84,4.1,1,1
9166,8.1,2,3,2,90,4.8,1,1
9167,8.3,1,2,1,88,4.2,1,1
9168,7.6,0,3,2,72,4.6,1,0
9169,7.3,0,3,1,70,3.8,0,1
9170,7.6,2,2,0,77,4.5,1,0
9171,8.4,2,2,2,71,3.8,1,1
9172,7.9,0,2,0,82,4.2,1,1
9173,8.1,1,3,1,90,4.8,0,1
9174,7.7,2,1,0,78,4,0,0
9175,8.1,0,1,2,77,4.6,1,1
9176,7.8,1,3,2,83,4.5,1,1
9177,8.1,1,3,2,90,4.2,1,1
9178,8.3,2,3,2,90,4.8,1,1
9179,8.4,1,2,3,90,4.7,1,1
9180,7.9,1,1,0,90,4.1,1,1
9181,7.6,0,1,0,82,3.8,0,0
9182,7.6,1,1,0,72,4.5,0,0
9183,8.2,1,2,1,83,4.7,1,1
9184,8.2,0,1,0,73,4.1,0,0
9185,7.4,1,1,1,86,4.2,1,0
9186,6.7,0,1,0,75,4.6,1,0
9187,7.8,2,2,3,70,4.6,1,0
9188,8.2,2,3,2,86,4.4,1,1
9189,8.2,2,3,2,90,4.6,1,1
9190,8.5,2,3,2,84,4.5,1,1
9191,8.4,2,2,2,81,4.2,1,1
9192,7.7,1,1,1,73,4.2,1,0
9193,7.8,2,3,2,87,4.5,0,1
9194,8.6,2,3,2,81,4.8,1,1
9195,8.5,2,1,1,70,4.3,1,1
9196,8.4,1,3,2,90,4.8,1,0
9197,7.7,2,2,0,90,4.7,1,1
9198,8.1,1,2,2,85,4.4,1,0
9199,8.4,1,3,2,90,4.8,1,1
9200,7.8,1,3,2,75,4.3,1,0
9201,7.7,2,3,0,90,4.6,1,0
9202,6.5,0,3,0,85,4.3,0,0
9203,7.6,1,2,0,69,4.2,1,0
9204,7.7,1,3,2,85,4.8,0,0
9205,8,2,2,2,87,4.8,1,1
9206,7.6,1,1,1,73,4.5,0,0
9207,7.5,1,1,0,60,4.2,1,1
9208,7,1,2,0,72,4.6,1,1
9209,6.5,1,2,0,81,3.3,0,0
9210,7.5,1,2,0,78,4,1,0
9211,6.7,1,1,0,81,4.5,1,0
9212,8.4,0,3,2,90,4.8,1,1
9213,8.4,2,3,2,90,4.8,1,1
9214,7.7,1,2,0,83,4.6,1,0
9215,8.1,1,3,2,90,4.7,1,0
9216,7.6,0,1,0,78,4.3,1,1
9217,8,0,3,1,90,4.1,1,1
9218,8.7,0,2,2,89,4.6,1,1
9219,8.4,2,1,1,77,4.4,1,0
9220,8.3,1,3,2,82,4.7,0,1
9221,7.5,0,1,1,64,4.3,1,0
9222,7.5,0,1,0,68,3.4,0,0
9223,7.6,1,1,0,78,3.6,1,0
9224,6.5,0,2,2,81,4.6,1,1
9225,7.7,2,3,1,90,4.8,1,0
9226,7.7,1,2,2,83,3.9,1,0
9227,7.8,1,1,1,84,3.9,1,0
9228,7.7,1,1,0,77,4,1,0
9229,8.5,2,3,2,90,4.8,1,1
9230,8.1,2,1,1,87,3.8,1,0
9231,6.7,0,3,2,86,4.8,1,1
9232,8,1,3,1,82,4.4,1,0
9233,7.6,0,1,0,83,3.8,1,0
9234,8.5,1,3,0,88,4.6,1,1
9235,6.5,0,2,1,60,3.1,0,0
9236,8.4,0,1,1,85,4.8,1,1
9237,6.8,0,3,2,75,4.4,1,0
9238,6.6,2,3,2,90,4.8,1,1
9239,6.5,1,2,0,69,3.7,0,0
9240,6.7,1,2,0,82,4.7,1,1
9241,8.1,2,3,0,85,4.2,1,0
9242,8.1,2,3,2,88,4.8,1,1
9243,7.5,1,2,0,73,3.5,1,0
9244,7.2,1,2,0,82,3.6,1,1
9245,7.4,0,1,2,90,4.5,1,1
9246,8,2,3,2,90,4.8,1,1
9247,6.5,0,2,2,74,4.3,1,0
9248,7.8,0,1,0,73,4.4,0,1
9249,7.7,1,2,0,69,3.5,1,0
9250,7.6,1,1,2,79,4.4,1,1
9251,8.1,1,3,2,83,4.7,1,1
9252,6.5,1,2,1,79,4.2,1,1
9253,6.5,1,2,0,69,4.7,1,0
9254,6.8,1,1,0,79,4.3,0,0
9255,8,1,3,3,87,4.6,0,1
9256,7.7,0,1,0,73,4.3,1,1
9257,8.2,2,3,2,90,4.8,1,1
9258,6.5,1,2,1,72,3.5,0,0
9259,8.1,2,1,0,87,4,1,0
9260,8.6,0,3,1,85,4.6,1,1
9261,7.6,1,2,1,82,4.3,0,0
9262,7.3,1,2,0,65,4.2,0,0
9263,7.8,1,1,0,70,4.2,1,0
9264,6.5,1,1,1,69,3.5,0,0
9265,6.9,2,3,0,78,4.2,1,1
9266,6.5,0,1,2,85,3.6,0,0
9267,8.6,2,3,3,90,4.8,1,1
9268,8.4,2,3,2,85,4.5,1,1
9269,8.2,1,1,0,73,4.5,1,0
9270,6.6,0,1,0,70,4.6,0,0
9271,7.7,1,1,1,83,4.1,0,0
9272,7.5,0,1,0,72,3.7,1,0
9273,8.3,1,3,1,88,4.8,1,1
9274,8.5,2,2,2,90,4.4,1,1
9275,8.4,1,1,1,83,4.8,0,1
9276,8.4,2,1,2,90,4.5,1,1
9277,7.7,2,3,2,75,4.4,0,1
9278,7.6,0,3,2,81,4.5,1,1
9279,7.8,1,3,2,88,4.3,1,1
9280,7.8,0,2,0,71,4.4,1,0
9281,8.2,1,1,2,75,4.3,1,1
9282,7.6,0,1,0,73,3.8,0,1
9283,8.8,0,3,0,88,4.6,1,1
9284,8.7,2,3,2,83,4.8,1,1
9285,7.5,2,1,1,75,4.8,0,0
9286,7.6,1,1,2,90,4.8,1,0
9287,6.6,1,1,1,74,4,1,1
9288,8,2,3,2,90,4.8,1,1
9289,8.7,0,3,1,90,4.6,1,1
9290,7.4,1,1,0,87,3.7,1,0
9291,8.2,0,2,0,78,4.8,1,1
9292,8.7,1,3,0,89,4.5,1,1
9293,7.6,1,1,2,90,4.4,1,0
9294,7.4,0,1,0,77,4.4,0,0
9295,7.5,2,3,2,90,4.7,1,0
9296,8.3,1,2,2,87,4.7,1,0
9297,7.7,2,2,0,82,4.3,0,0
9298,8,0,2,1,67,4.1,1,0
9299,6.7,1,1,1,71,3.8,0,0
9300,6.5,0,1,1,75,3.4,0,0
9301,7.5,1,2,0,87,3.9,0,0
9302,6.5,1,2,0,69,3.4,1,1
9303,8.2,1,3,2,90,4.8,1,1
9304,7.7,0,1,1,76,4.2,0,0
9305,6.5,1,1,1,77,4.2,1,0
9306,7.6,1,2,2,75,4.7,1,0
9307,7.8,1,3,3,77,4.5,1,1
9308,8.3,1,3,2,85,4.8,1,1
9309,6.7,1,1,0,60,4.7,1,0
9310,6.7,1,1,0,60,3.7,0,0
9311,8.3,2,3,0,72,3.6,1,0
9312,7.3,1,1,1,70,3.9,0,0
9313,8.1,1,1,2,82,4.8,0,0
9314,8.5,2,3,2,90,4.7,1,1
9315,8.5,1,3,0,86,4.8,1,1
9316,6.9,0,2,1,69,4,1,0
9317,8.4,1,3,2,90,4.8,1,1
9318,7.7,1,3,2,70,3.8,1,0
9319,6.5,0,2,1,71,3.8,1,0
9320,8.6,0,3,2,83,4.8,1,1
9321,8.2,2,3,2,88,4.5,1,1
9322,7.8,1,1,0,76,4.6,1,0
9323,7.9,2,3,2,90,4.8,1,1
9324,7.6,1,2,0,79,4.3,1,0
9325,8.4,1,1,3,90,4.5,1,1
9326,7.4,0,2,0,80,4.2,1,0
9327,8.3,1,2,3,77,4.1,1,1
9328,7.7,1,3,2,90,4.3,1,1
9329,7.5,1,2,1,68,4.8,0,0
9330,6.7,1,2,2,82,3.2,0,1
9331,8.3,2,2,0,89,4.8,1,1
9332,6.7,1,2,1,78,4.4,1,0
9333,7.6,1,3,2,71,4.2,1,0
9334,7.9,0,2,0,75,4.3,0,0
9335,8.5,2,3,0,79,4.8,1,1
9336,8.2,1,3,2,86,4.7,1,1
9337,7.9,2,3,2,90,4.8,1,1
9338,8,2,3,1,90,4.8,1,1
9339,6.9,0,1,1,60,3.6,1,0
9340,7.6,0,1,0,63,3.7,0,0
9341,8.2,1,3,0,86,4.8,1,1
9342,6.5,1,1,2,68,3.8,0,0
9343,8.2,1,3,0,80,4.5,1,1
9344,6.8,1,1,1,67,4.4,0,0
9345,6.6,1,2,0,79,3.9,1,0
9346,7.1,0,1,1,72,4.4,1,0
9347,7.7,1,3,2,74,4.5,1,0
9348,8.6,2,3,2,90,4.8,1,0
9349,8.3,2,1,2,70,4.3,0,0
9350,7.8,2,3,2,90,4.8,1,1
9351,6.6,0,1,1,66,3.7,0,0
9352,7.6,0,2,0,72,4.4,0,1
9353,8.7,0,3,2,85,4.5,0,0
9354,8.3,1,2,1,73,4.1,1,0
9355,8.8,2,2,2,90,4.7,0,1
9356,6.5,1,2,0,75,4,0,0
9357,7.5,0,2,1,64,3.7,0,0
9358,7.4,1,1,0,67,4.2,1,1
9359,8.6,1,3,2,86,4.4,1,1
9360,7.6,1,2,1,75,4.1,0,0
9361,8,2,3,0,90,4.8,1,1
9362,6.5,1,3,1,70,4.2,1,0
9363,6.6,1,1,0,70,4.6,0,0
9364,8.6,2,2,1,78,4.8,0,0
9365,6.5,1,1,0,64,3.7,0,0
9366,8.4,2,3,2,90,4.8,1,1
9367,6.5,1,2,0,78,4,1,0
9368,8.1,1,3,0,90,4.8,1,1
9369,8.2,1,2,1,70,3.9,1,0
9370,7.4,0,1,1,72,3.5,1,0
9371,7.5,1,1,1,87,4.8,1,1
9372,8.3,2,3,2,86,4.8,1,1
9373,8.2,2,1,0,87,4.8,1,1
9374,6.5,1,1,1,71,4.3,1,0
9375,8.4,2,1,1,83,3.5,1,1
9376,7.7,1,1,1,74,3.7,1,0
9377,7.6,1,1,0,72,3.8,0,0
9378,8.6,1,3,2,89,4.7,1,1
9379,7.5,1,1,1,65,3.9,1,0
9380,7.6,1,1,1,72,4.5,1,0
9381,8.2,1,3,0,90,4.7,1,1
9382,7.5,0,1,0,68,3.8,1,0
9383,8.3,2,3,0,87,4.8,1,1
9384,6.9,0,1,1,74,4.8,1,0
9385,7.6,1,1,0,72,3.9,0,0
9386,7.3,1,2,0,70,3.8,0,0
9387,8.1,2,3,2,89,4.8,1,1
9388,7.9,2,2,0,71,4.4,0,0
9389,7.2,1,1,0,65,3.7,0,0
9390,6.6,1,1,1,72,3.9,0,0
9391,8.5,1,1,2,90,4.6,1,1
9392,7.8,1,3,2,90,4,1,0
9393,6.8,0,1,1,67,3.5,0,0
9394,6.8,1,2,0,64,3.4,1,0
9395,7.7,0,2,3,74,4,1,0
9396,7.5,1,1,1,70,3.8,0,0
9397,7.6,0,2,0,76,4.1,1,1
9398,6.5,1,1,0,79,3.8,1,1
9399,8,2,3,2,90,4.8,1,1
9400,8.1,2,3,1,79,4.4,1,1
9401,7.7,1,2,0,88,4.8,1,1
9402,7.5,1,3,1,86,4.2,1,0
9403,6.8,2,3,2,86,4.5,1,0
9404,7.4,1,1,3,85,4,1,0
9405,7.5,1,2,0,71,4.7,0,0
9406,7.7,0,3,0,89,4.2,0,0
9407,7,0,1,0,85,4.4,1,0
9408,7.7,0,1,0,69,4.1,0,0
9409,8.8,0,3,0,68,4.1,1,0
9410,6.9,0,1,1,70,3.5,1,0
9411,8.8,2,3,2,90,4.8,1,1
9412,6.8,2,2,0,69,4.8,0,0
9413,8.6,2,2,0,77,3.5,1,0
9414,7.4,1,1,0,79,3.8,0,0
9415,6.8,1,1,0,67,4.7,1,1
9416,8.6,2,3,1,82,4.5,1,1
9417,8.3,2,3,2,80,4.3,1,1
9418,7.7,1,3,2,83,4,1,1
9419,6.6,1,3,1,67,3.9,1,0
9420,8.1,1,0,1,82,3.4,0,0
9421,6.6,0,1,0,69,4.5,1,0
9422,7.8,1,2,1,77,4.2,1,0
9423,7.8,1,3,0,80,3.8,1,1
9424,7.7,1,2,1,69,4.2,0,0
9425,8.2,0,3,2,80,4.4,1,1
9426,8.2,0,3,1,89,4.8,0,1
9427,7.4,1,2,1,72,4.4,1,1
9428,7.7,1,1,1,72,4,1,1
9429,8.3,1,3,2,90,4.8,1,1
9430,8.3,1,2,0,81,4.1,1,0
9431,7.2,1,1,0,60,3.2,1,0
9432,7.7,1,1,1,66,4.1,1,0
9433,8.1,2,2,0,90,4.8,1,1
9434,6.5,0,1,0,84,4.1,1,0
9435,7.4,1,1,0,65,4,0,0
9436,6.5,2,1,0,73,4,0,0
9437,8.1,2,1,2,89,4.8,1,1
9438,7.9,1,2,2,71,4.3,1,0
9439,8.5,2,1,2,86,4.4,1,1
9440,7.7,1,2,0,73,4.8,1,1
9441,7.9,2,2,0,74,4.4,1,0
9442,8.2,0,3,0,65,4.2,1,0
9443,8,2,3,2,90,4.8,1,1
9444,8.6,1,3,2,90,4.8,1,1
9445,8.5,1,2,2,85,4.8,1,1
9446,6.7,0,1,1,70,4.5,0,0
9447,8.4,2,3,1,90,4.8,1,1
9448,8.2,1,1,1,90,4.8,1,1
9449,6.5,1,1,0,80,4.4,1,0
9450,8.4,2,3,2,90,4.8,1,1
9451,8.6,2,3,2,90,4.8,1,1
9452,8.9,2,3,2,90,4.8,1,1
9453,7.4,0,1,3,66,3.3,1,0
9454,8.4,0,1,0,83,4.6,1,0
9455,8.4,2,3,2,86,4.3,1,0
9456,8.2,1,3,2,90,4.8,1,1
9457,8.1,2,3,2,90,4.8,1,1
9458,8.3,2,3,2,79,4.6,0,0
9459,7.7,0,2,0,74,4.5,1,0
9460,7.7,1,1,1,72,3.9,1,0
9461,7,0,1,0,74,4.4,0,0
9462,8.2,2,2,1,87,4.5,1,0
9463,7.3,0,1,1,70,3.5,0,0
9464,7.4,1,2,0,80,4.1,1,0
9465,8.2,1,3,0,90,4.1,1,1
9466,8.4,0,3,3,80,4.6,1,0
9467,6.8,0,1,1,75,4.3,0,0
9468,6.5,0,2,0,81,3.7,1,1
9469,8.4,2,3,2,87,4.7,1,1
9470,8.3,2,3,2,90,4.8,1,1
9471,8.1,1,3,2,90,4.8,1,1
9472,8.7,2,3,2,90,4.8,1,1
9473,7.9,1,3,0,82,4.4,1,1
9474,7.3,1,1,2,79,4.4,1,0
9475,7.9,0,1,0,60,3.1,0,0
9476,7.5,1,1,1,60,3.4,1,0
9477,6.5,0,1,0,65,3.7,0,0
9478,7.3,1,1,1,62,4,1,0
9479,7.5,1,1,0,75,3.8,1,0
9480,8.2,2,3,0,76,3.9,1,0
9481,8,1,3,1,80,4.6,0,0
9482,7.9,1,2,2,78,3.9,1,0
9483,7.6,0,1,0,71,3.5,1,0
9484,7.8,0,3,2,90,4.8,0,1
9485,6.5,0,3,0,78,4.2,1,0
9486,6.6,0,2,1,79,4.2,1,0
9487,7.5,2,1,0,84,3.8,0,1
9488,6.9,1,1,1,68,4.4,1,0
9489,7.4,1,1,1,65,3.7,0,0
9490,8.2,2,3,0,80,4.3,1,0
9491,6.5,1,1,1,60,4.2,0,0
9492,7.5,0,3,1,78,4.7,1,1
9493,7.6,1,1,0,81,3.8,1,0
9494,8.5,2,3,2,90,4.6,1,1
9495,8.5,1,3,2,90,4.8,1,1
9496,7.6,0,2,1,75,4.7,1,0
9497,7.8,1,3,2,90,4.8,0,0
9498,7.4,1,1,0,76,4.7,1,1
9499,7,1,2,0,81,4.5,1,0
9500,8.3,0,3,2,74,4.7,1,0
9501,7.6,2,3,2,82,4.8,1,1
9502,8,2,3,2,90,4.6,1,1
9503,8.1,1,3,2,90,4.7,1,1
9504,6.8,1,2,1,72,4.3,1,0
9505,7.4,1,2,1,69,3.4,1,0
9506,7.8,1,2,2,90,4.8,1,1
9507,7.7,1,2,0,74,3.9,1,0
9508,7.5,2,3,0,86,4.8,0,1
9509,6.7,1,1,0,78,4.2,1,1
9510,7.6,1,1,1,74,4.5,0,0
9511,6.6,2,1,2,62,4.3,0,0
9512,8.2,1,3,1,83,4.8,1,1
9513,8.2,1,2,1,71,4.6,1,0
9514,8.3,1,3,1,86,4.3,1,1
9515,8.2,1,1,2,74,4.5,0,1
9516,8.4,2,3,2,89,4.5,1,0
9517,8.1,2,3,1,85,4.8,1,1
9518,7.8,1,2,0,83,3.5,0,0
9519,7.1,2,2,2,83,4.8,1,1
9520,8.7,1,1,1,80,4.1,1,1
9521,8.1,1,1,0,81,4.7,1,0
9522,6.7,1,2,1,77,4.5,1,0
9523,7.7,0,1,1,68,3.3,1,0
9524,7.7,1,1,0,78,4.3,0,0
9525,7.3,1,1,1,85,4.8,1,1
9526,7.5,1,2,1,76,4.3,1,0
9527,7.6,0,1,0,80,4.2,0,0
9528,6.8,1,2,1,78,4.4,0,0
9529,8.3,0,1,0,81,4.4,0,0
9530,7.6,0,1,1,69,3.9,0,0
9531,7.7,1,1,1,84,4.4,1,0
9532,8.1,1,3,2,90,4.8,1,1
9533,6.9,1,1,1,65,3,0,0
9534,8.4,2,3,2,86,4.2,1,1
9535,8.3,1,1,1,76,4.2,1,0
9536,7.8,1,2,2,76,4.7,1,1
9537,7.5,1,2,1,78,4.8,1,0
9538,8,1,1,1,70,4,1,0
9539,7.8,1,2,1,69,4.5,0,0
9540,8.1,2,1,0,73,3.6,1,0
9541,8.3,2,3,2,89,4.8,1,1
9542,8,2,3,2,86,4.8,1,1
9543,8.4,2,3,2,90,4.8,1,1
9544,7.4,1,3,0,88,4.8,1,1
9545,8.4,2,3,1,84,4.2,1,0
9546,7.6,1,1,1,70,3.8,1,0
9547,8.3,1,3,2,90,4.8,1,1
9548,8.6,2,3,0,90,4.7,1,1
9549,7.4,1,1,0,82,3.8,1,1
9550,8.2,2,3,2,88,4.7,1,1
9551,8.1,2,1,0,85,4.1,1,1
9552,8.5,1,3,2,87,3.7,1,1
9553,6.6,1,1,0,75,4.4,0,0
9554,7.6,2,3,1,78,3.8,1,0
9555,8.2,0,2,2,88,3.3,1,1
9556,7.5,2,3,0,90,4.7,0,1
9557,8.1,1,3,2,88,4.8,1,1
9558,8.5,1,3,0,74,4.3,1,0
9559,8.3,1,3,2,87,4.6,1,1
9560,8.4,2,3,2,90,4.8,1,1
9561,8.4,2,3,2,90,4.1,1,1
9562,6.8,1,1,2,64,3.5,0,0
9563,7.8,1,1,0,66,4.6,0,0
9564,7.3,1,2,2,82,4.2,0,0
9565,8.5,1,3,2,90,4.4,1,0
9566,8,1,3,2,90,4.4,1,1
9567,7.4,2,1,1,75,4.4,1,0
9568,7.5,2,2,0,65,4.3,0,0
9569,7.6,1,1,0,81,4.2,1,0
9570,8.4,2,3,2,88,4.8,1,1
9571,6.5,1,1,1,66,3.6,0,0
9572,8,0,1,1,76,3.6,0,0
9573,7.8,0,2,0,86,4.3,1,0
9574,7.6,0,1,0,82,3.9,1,0
9575,7.7,1,2,1,84,4.5,1,1
9576,7.4,2,3,2,83,4.2,1,0
9577,7.3,1,2,0,84,3.9,1,1
9578,8.8,2,3,2,90,4.8,1,1
9579,8.6,1,3,2,88,4.8,1,1
9580,7.8,2,3,0,90,4.6,1,0
9581,8,2,3,2,86,4.8,0,0
9582,7.7,1,2,0,73,4.8,1,0
9583,8.4,1,3,2,85,4.4,1,1
9584,7.7,2,1,3,72,4.6,1,1
9585,8.7,2,3,2,79,4.4,1,1
9586,7.6,1,1,0,68,3.7,0,0
9587,6.7,0,3,0,90,4.3,1,1
9588,8.1,2,3,2,90,4.6,0,1
9589,8.2,2,3,0,83,4.5,1,1
9590,6.5,1,2,0,68,4.2,1,0
9591,8.5,1,3,0,90,4.8,1,1
9592,7.8,1,3,1,77,3.7,1,0
9593,7.5,1,3,2,88,4.5,1,1
9594,6.7,0,2,0,73,4.5,1,0
9595,8.3,1,1,1,68,4.3,1,0
9596,7,1,3,1,80,4.8,1,1
9597,8.3,2,1,2,82,4.2,1,1
9598,8.3,1,3,0,90,4.4,1,1
9599,6.5,1,1,0,82,4.4,1,0
9600,7.6,1,1,0,76,3.6,1,0
9601,8.5,2,3,2,90,4.8,1,1
9602,8.5,1,3,0,83,4.6,1,1
9603,8,2,3,2,90,4.8,1,1
9604,8.4,2,2,0,84,3.9,1,0
9605,8.4,2,3,2,85,4.1,0,1
9606,7.5,1,1,1,68,4.6,1,0
9607,7.3,0,3,1,85,4.7,0,0
9608,8.4,2,3,2,88,4.7,1,1
9609,6.5,2,2,0,83,4.1,1,0
9610,8.3,2,3,2,90,4.8,1,1
9611,8.2,2,3,2,90,4.8,1,1
9612,6.5,2,2,1,88,3.9,1,0
9613,7.6,0,1,0,78,3.2,1,0
9614,7.2,1,3,2,81,4.8,1,0
9615,8.3,1,3,0,90,4.8,1,1
9616,8.1,1,1,1,90,4.6,0,0
9617,7.4,1,2,1,83,4.1,1,0
9618,7.4,0,3,0,79,3.3,1,0
9619,8.2,2,3,2,80,4,1,1
9620,7.4,2,1,2,62,4.7,0,0
9621,8,0,3,2,90,4.8,1,1
9622,8.2,2,3,2,90,4.8,1,1
9623,7.6,1,1,1,83,4.5,1,0
9624,7.6,1,2,0,66,3.5,1,0
9625,6.7,1,1,0,85,4.4,1,0
9626,8.4,0,3,2,87,4.8,1,1
9627,7.6,2,2,2,89,4.6,1,1
9628,8.4,1,3,0,82,4.5,1,1
9629,8.4,0,3,2,90,4.8,1,1
9630,6.7,1,1,0,81,4.8,0,0
9631,6.5,1,1,0,69,4,1,0
9632,8.2,2,2,2,90,4.8,1,0
9633,8.3,2,1,1,90,4.6,1,0
9634,8.2,0,3,2,81,4.5,1,0
9635,7.6,2,3,2,79,4.7,1,1
9636,7.7,2,2,2,90,4.7,1,1
9637,6.5,1,3,0,83,4.3,1,0
9638,7.3,0,1,0,87,4.8,0,0
9639,7.9,2,3,2,83,4.5,1,1
9640,8.7,2,3,2,90,4.8,1,1
9641,7.6,0,1,1,82,4.1,0,0
9642,6.8,1,3,0,80,4.4,1,0
9643,7.5,1,1,0,63,4.1,1,0
9644,6.6,0,2,2,84,3.8,0,0
9645,7.7,1,2,0,78,3.7,1,0
9646,8.5,1,3,2,90,4.3,1,1
9647,7.6,1,1,1,67,4.4,0,0
9648,7.3,1,3,0,77,4.2,0,0
9649,8.4,2,3,0,89,4.6,1,1
9650,7.4,1,2,1,77,3.6,0,0
9651,8.4,2,3,2,80,4.7,1,1
9652,7.4,1,1,1,83,4,1,0
9653,6.7,2,1,2,85,3.5,1,0
9654,8.5,1,0,2,70,4.2,0,0
9655,7.7,2,2,2,80,4.4,1,1
9656,7.9,1,1,0,70,4.2,1,0
9657,7.6,1,1,0,61,3.7,0,0
9658,8.2,1,3,1,85,4.4,1,0
9659,7.6,2,2,2,86,4.2,1,1
9660,7.9,2,3,2,90,4.8,1,1
9661,8.3,0,1,0,82,4.1,1,1
9662,7.4,1,2,1,81,4.2,1,0
9663,7.4,0,1,0,60,3.4,0,0
9664,8.3,2,3,2,90,4.8,1,1
9665,8.4,2,3,2,90,4.8,1,1
9666,8.5,0,1,0,73,4.6,1,0
9667,7.4,2,1,0,61,3.9,0,0
9668,7.6,2,2,0,86,4.6,1,0
9669,7.7,1,1,1,78,3.2,0,0
9670,7.7,1,3,2,74,4.2,1,0
9671,7.4,0,2,0,80,4.8,1,0
9672,6.8,2,1,0,77,3.8,1,1
9673,7.5,2,2,1,71,3.8,1,0
9674,8.2,2,2,3,84,3.9,1,0
9675,8.7,1,2,1,73,4.4,1,1
9676,6.9,1,2,0,88,4.6,1,0
9677,6.5,0,2,2,78,4.2,1,0
9678,7.4,1,1,0,68,3.9,1,0
9679,7.7,1,1,0,83,4.2,0,0
9680,6.9,0,1,1,86,3.8,1,1
9681,8.1,2,3,2,86,4.8,1,1
9682,7.6,1,1,0,74,4.2,1,0
9683,7.6,1,2,1,73,3.7,1,0
9684,8.2,2,3,2,90,4.8,1,1
9685,6.5,0,1,0,80,3.6,0,0
9686,7.3,1,1,0,75,3.7,1,0
9687,8.4,2,1,0,90,4.4,1,1
9688,7.7,1,1,1,82,4,0,0
9689,7.5,1,1,1,77,3.7,1,0
9690,6.5,0,1,0,75,3.9,0,0
9691,8.1,0,1,1,71,4.4,0,0
9692,7.6,0,2,1,85,4.3,1,1
9693,8.8,2,3,2,90,4.8,1,1
9694,7.5,1,1,0,72,4.2,0,0
9695,8.1,0,3,2,90,4.8,1,1
9696,7.8,1,1,0,85,4.1,1,0
9697,7.7,1,1,0,81,3.9,0,0
9698,8,2,3,3,86,4.8,1,1
9699,6.7,1,1,1,60,4.1,1,0
9700,8.2,1,3,2,85,4.4,1,1
9701,7.9,0,2,0,69,4.1,0,0
9702,8.3,2,3,2,90,4.8,1,1
9703,7.6,1,3,0,90,4.8,1,1
9704,7.6,0,2,0,75,3.8,1,0
9705,8.1,1,3,0,81,3.8,1,1
9706,8.2,1,2,1,79,4.2,1,1
9707,7.6,1,2,1,66,4.4,1,0
9708,8.4,2,3,2,90,4.3,0,0
9709,8.3,2,3,2,85,4.8,0,0
9710,8.2,1,1,2,82,4.6,0,1
9711,7.3,1,1,0,77,4,0,0
9712,8.1,2,3,1,82,4.2,0,0
9713,7,1,1,0,68,3.9,1,0
9714,8.2,2,3,2,90,4.8,1,1
9715,7.4,1,1,0,67,3.7,1,0
9716,7.4,1,2,1,68,3.3,0,0
9717,8,0,3,1,82,4.8,1,0
9718,8.7,0,1,1,81,4.8,0,0
9719,7.6,1,1,0,79,4.2,1,0
9720,6.6,1,2,1,74,4.1,1,1
9721,7.7,2,3,2,90,4.8,1,1
9722,7,2,3,2,90,4.6,1,1
9723,8.6,0,1,0,82,4.6,0,0
9724,8.1,1,3,1,89,4.4,1,1
9725,7.7,1,1,0,72,4.1,0,0
9726,7.7,1,1,1,61,3.9,0,0
9727,8,2,3,0,85,4.8,0,0
9728,7.6,0,1,0,86,4,0,0
9729,6.5,1,1,2,81,3.8,0,0
9730,6.6,1,2,0,83,4,1,0
9731,7.5,1,2,0,84,4.5,0,0
9732,6.5,0,2,1,66,4.5,0,0
9733,8.4,1,3,1,80,4.6,1,1
9734,7,1,1,1,72,3.8,0,0
9735,7.8,1,2,0,80,4.5,1,1
9736,6.5,1,3,2,85,4.8,1,0
9737,8.2,1,1,1,74,4.6,0,0
9738,7,0,2,1,64,4.1,1,1
9739,6.6,1,1,0,76,4.8,1,0
9740,8.3,2,3,0,90,4.8,1,1
9741,6.5,1,1,1,62,3.9,0,0
9742,7.9,2,3,3,81,4.4,0,1
9743,6.5,1,1,1,67,3.6,0,0
9744,7.5,1,1,1,75,3.9,0,0
9745,8.9,2,3,1,90,4.3,1,1
9746,8.9,0,3,0,83,4.8,1,1
9747,7.3,0,1,1,72,3.6,1,0
9748,8.4,1,2,2,86,4.8,1,1
9749,7.4,1,1,0,65,3.7,0,0
9750,7.3,1,2,0,77,3.9,1,0
9751,7.5,1,1,0,69,3.9,1,0
9752,7.7,1,1,0,82,4.6,0,0
9753,7.5,1,2,2,78,4.5,1,0
9754,6.7,1,1,0,66,4.4,0,0
9755,7.6,0,1,0,70,3.5,1,0
9756,6.5,1,3,1,71,4,1,0
9757,7.6,1,1,1,73,3.9,1,0
9758,7.5,0,3,2,90,4.8,0,1
9759,8.2,1,3,0,79,4.3,0,0
9760,7.7,0,2,1,71,4.3,1,0
9761,6.6,1,1,1,64,4.4,0,0
9762,7.9,1,3,0,81,4.5,1,0
9763,7.6,1,1,1,73,4.7,0,0
9764,7.7,2,1,3,77,3.9,1,0
9765,6.7,1,2,0,78,3.7,0,0
9766,8.3,2,3,2,90,4.8,1,1
9767,7.5,1,1,2,75,4,1,0
9768,8.3,1,1,1,65,4.2,0,0
9769,8.1,1,3,2,90,4.6,1,1
9770,7.7,0,2,1,66,4.3,1,0
9771,8.1,1,3,2,90,4.6,1,0
9772,8.3,1,3,0,83,4.7,0,0
9773,8.2,1,2,1,90,4.7,1,0
9774,8.2,2,3,2,90,4.8,1,1
9775,8,1,0,2,89,4.8,1,1
9776,6.6,1,1,1,85,3.4,0,1
9777,8,1,3,0,90,4.8,0,1
9778,8.6,1,3,2,85,4.8,1,1
9779,7.9,1,3,2,90,4.8,1,1
9780,7.2,0,1,1,65,3.8,1,0
9781,6.5,0,3,1,67,4.1,1,0
9782,7.5,1,1,0,60,3.7,0,0
9783,7.5,1,1,0,81,4.7,1,1
9784,8.4,1,2,2,83,4.2,1,1
9785,8.5,2,2,2,88,4.8,1,1
9786,7.2,1,2,1,80,4.1,1,0
9787,7.4,1,1,1,65,3.6,0,0
9788,8,2,3,2,90,4.8,1,1
9789,8.5,1,3,0,81,4.8,1,1
9790,7.4,0,1,0,81,3.9,1,0
9791,8.5,2,3,2,90,4.8,1,1
9792,8.5,1,3,0,70,3.7,1,0
9793,8,1,3,2,72,4.4,1,1
9794,8.3,0,2,0,77,4.1,0,0
9795,7.8,0,2,0,82,4.3,1,0
9796,8.1,2,3,2,90,4.8,1,1
9797,6.6,1,1,1,64,4.1,0,0
9798,7.5,1,1,1,72,4.8,0,0
9799,6.6,0,3,0,85,4,0,1
9800,6.5,2,1,0,78,3.1,0,0
9801,7.5,1,2,1,72,4.8,1,0
9802,6.8,2,3,2,90,4.3,1,0
9803,7.3,1,2,0,74,3.6,1,0
9804,7.5,0,1,1,71,3.6,1,0
9805,8.7,1,3,2,89,4.6,1,1
9806,8.2,1,3,1,78,4,1,1
9807,8.1,2,3,2,77,4.8,0,0
9808,7.7,1,2,0,72,4.2,1,0
9809,7.8,1,2,0,75,4.1,0,0
9810,8,2,3,2,90,4.8,1,1
9811,7.6,1,2,1,75,4.7,1,0
9812,8.2,2,3,0,77,3.5,1,0
9813,7.5,0,1,1,64,3.3,1,0
9814,8.9,2,3,2,85,4.6,1,1
9815,7.4,0,2,1,81,4,0,0
9816,6.5,1,2,0,76,4.2,1,0
9817,6.5,0,3,2,87,4.8,0,0
9818,8.2,2,2,2,90,4.8,1,1
9819,8.1,1,3,0,88,3.8,1,0
9820,7.2,1,2,0,70,3.6,1,0
9821,8.2,1,3,2,90,4.8,1,1
9822,8.6,2,3,3,89,4.7,1,1
9823,7.5,1,1,0,75,4.3,1,0
9824,7.4,1,1,0,73,4.1,1,0
9825,6.6,1,1,1,74,3.6,0,0
9826,7.7,1,3,3,80,4.1,1,0
9827,7.5,1,1,1,64,4.6,1,0
9828,7.4,1,3,2,80,4.7,1,1
9829,7.5,0,2,0,74,4,1,0
9830,8.4,2,3,2,90,4.5,1,0
9831,6.8,1,1,1,89,4.6,1,0
9832,8,1,2,2,77,4.7,1,1
9833,8.3,2,3,2,90,3.8,0,0
9834,8.3,2,1,1,84,3.5,1,0
9835,7.6,2,3,3,82,4.5,1,1
9836,7.7,0,2,0,71,4.8,1,0
9837,8.3,1,3,2,90,4.8,1,1
9838,8.7,2,1,1,63,4,1,0
9839,7.6,0,1,1,70,4.1,1,0
9840,6.8,0,2,0,70,4.2,0,0
9841,6.5,1,1,2,85,4.6,1,1
9842,8,0,3,1,78,4.5,1,0
9843,7.7,2,3,2,87,4.8,1,0
9844,8,2,3,2,85,4.8,0,1
9845,8.3,2,3,2,90,4.7,1,1
9846,8,2,3,2,90,4.8,1,1
9847,8.3,2,2,0,74,4.8,1,1
9848,7.6,1,1,1,82,3.9,1,0
9849,7.5,1,2,0,67,4.1,0,0
9850,6.8,2,2,2,80,4.5,1,1
9851,8,1,2,1,77,4.6,1,0
9852,8.3,2,3,2,90,4.8,1,1
9853,7.3,1,1,0,75,3.2,0,0
9854,8.2,2,3,2,90,4.6,1,1
9855,6.8,1,1,1,85,4.5,1,0
9856,8.5,1,2,1,80,4,1,0
9857,7.9,0,1,0,79,4.2,0,0
9858,7.8,2,3,2,87,4.5,1,0
9859,7.5,1,3,2,90,4.8,1,0
9860,6.5,1,1,0,69,3.7,1,0
9861,8.3,2,2,1,80,4.8,1,1
9862,7.5,0,1,1,77,4.4,1,1
9863,7.8,2,3,0,86,4.8,0,1
9864,8.4,1,2,1,83,3.7,1,0
9865,8.5,0,3,2,90,4.8,1,1
9866,6.5,0,1,1,76,4.2,1,0
9867,8.4,1,1,0,72,3.5,0,0
9868,6.5,0,1,2,77,3.6,1,1
9869,7.6,1,2,0,90,4.8,1,0
9870,8.5,0,3,1,85,3.8,1,1
9871,7.5,0,2,0,62,4.3,1,0
9872,7.4,0,1,1,83,3.8,0,0
9873,7.5,1,2,1,74,3.8,1,0
9874,8.5,2,2,0,83,4.7,1,0
9875,8.2,2,3,2,90,4.6,1,1
9876,6.5,1,2,0,68,3.7,1,0
9877,7.4,2,3,0,80,4.5,1,1
9878,7.5,2,3,2,87,4.7,1,1
9879,7.6,2,3,1,79,4.8,1,1
9880,7.8,1,3,2,82,4.2,1,1
9881,7.6,1,2,0,71,4.6,1,0
9882,7.5,1,1,0,79,3.2,0,0
9883,8,1,3,2,84,4.3,1,1
9884,8.4,2,3,2,84,4.8,1,1
9885,6.7,1,1,0,76,3.8,1,0
9886,7.8,1,1,0,78,4,0,0
9887,6.8,0,2,2,80,4.5,1,0
9888,8.2,0,2,2,79,4.5,1,0
9889,7.8,1,2,0,73,3.5,1,0
9890,8.2,0,3,2,90,4.7,1,1
9891,7.4,1,2,1,75,4,1,0
9892,7.7,1,3,1,72,4.5,1,1
9893,6.5,1,2,0,77,4,1,0
9894,8.3,1,2,0,65,4.1,1,1
9895,7.8,2,3,0,88,4.5,1,1
9896,8.1,1,1,1,70,4.6,0,0
9897,8.4,2,3,1,84,4.3,1,0
9898,6.5,1,1,0,65,3.6,1,0
9899,7.5,0,1,1,73,4.6,1,0
9900,8.1,0,1,2,80,4.3,1,0
9901,7.6,1,2,2,79,4.2,1,0
9902,6.5,1,1,1,76,4,0,0
9903,8.3,2,3,2,90,4.8,1,1
9904,7.6,1,2,0,76,4,1,0
9905,8.7,2,1,2,85,4.8,1,1
9906,8.1,1,2,0,78,4.3,1,0
9907,8.1,2,3,2,90,4.7,1,1
9908,8.2,1,3,2,70,4.6,1,1
9909,8.5,1,3,2,88,4.6,1,0
9910,8.5,1,3,0,90,4.3,1,1
9911,8.4,1,3,2,82,4.6,1,1
9912,7.9,2,3,0,84,4.7,1,0
9913,8.7,2,3,2,83,4.8,1,0
9914,7.6,2,1,2,88,4.6,1,1
9915,8.3,2,2,2,90,4.6,1,0
9916,6.6,0,1,0,74,4.3,0,1
9917,8.3,2,3,3,90,4.8,1,1
9918,7.4,1,2,0,70,4.3,1,0
9919,7.6,1,2,0,77,4.2,1,0
9920,7.5,2,1,1,82,4.7,1,1
9921,7.3,1,3,2,75,4.2,1,0
9922,7.5,1,1,0,64,3.8,0,0
9923,7.9,1,1,1,79,4,1,0
9924,7.3,0,2,1,69,4.1,1,0
9925,8.3,0,1,1,80,4.3,0,0
9926,7.6,1,3,1,74,4,1,0
9927,8.2,1,3,1,69,3.8,1,0
9928,6.5,1,1,0,82,4.1,1,0
9929,8.3,2,3,2,90,4.8,1,1
9930,8.5,1,3,2,83,4.4,1,1
9931,7.4,1,1,0,78,3.9,1,0
9932,7.9,1,2,0,83,4.5,1,1
9933,8.7,0,3,0,85,4.8,1,1
9934,7.6,1,2,0,65,3.3,1,0
9935,6.6,1,2,0,71,4.4,1,0
9936,7.8,1,2,0,80,4.8,1,1
9937,8.2,1,3,2,85,4.6,1,1
9938,6.5,1,2,1,63,3,0,0
9939,7.4,1,1,2,69,4.5,1,0
9940,8.4,1,2,2,81,4.6,1,0
9941,8.6,1,1,1,78,4.3,1,0
9942,7.8,1,1,1,71,3.8,1,0
9943,8.1,2,2,2,90,4.8,1,1
9944,8.2,2,3,1,83,4.3,1,1
9945,7,1,2,1,67,3.4,1,0
9946,6.6,1,1,1,70,4.1,1,0
9947,7.5,0,1,1,68,3.6,1,0
9948,7.7,0,2,1,64,4.4,1,0
9949,7.8,1,1,1,78,3.7,1,0
9950,6.9,1,1,0,71,3.8,1,0
9951,8,1,2,2,90,4.3,1,1
9952,6.8,1,1,1,66,4.1,0,0
9953,8.1,2,3,2,90,4.8,1,1
9954,8.4,2,3,2,90,4.8,1,1
9955,6.5,0,1,0,74,4.4,1,0
9956,8.1,2,1,0,83,4.1,0,0
9957,8,1,3,1,79,3.9,1,1
9958,7.5,1,1,0,73,4.4,1,0
9959,8.2,2,3,2,90,4.4,1,1
9960,7.7,0,1,1,64,4.4,1,0
9961,8.3,1,1,0,70,4.1,1,0
9962,6.9,1,3,0,73,4.5,0,0
9963,7.3,1,1,0,60,4.5,0,0
9964,6.5,2,1,0,65,3.3,0,0
9965,7.5,1,3,1,87,4.5,1,1
9966,6.8,0,2,1,90,4.8,1,0
9967,8.3,1,3,2,90,4.8,1,1
9968,7.8,0,3,2,85,4.6,1,0
9969,8.2,1,2,2,82,4.3,1,0
9970,8.5,1,3,0,85,4.2,0,0
9971,8.2,0,3,1,90,3.8,1,0
9972,7.1,0,1,0,76,3.9,0,0
9973,8.4,2,3,2,90,4.8,1,1
9974,7.7,1,2,1,68,4.2,1,0
9975,7.6,2,1,1,65,4.4,1,0
9976,7.9,2,3,2,90,4.6,1,1
9977,8,2,3,2,88,4.8,1,1
9978,8.3,2,3,2,90,4.8,1,1
9979,7.2,1,2,2,84,4.8,1,1
9980,8.3,2,3,2,90,4.7,1,1
9981,8.6,1,2,0,87,4.3,1,0
9982,7.8,1,1,0,76,3.9,1,0
9983,7.7,0,2,2,90,4.8,1,1
9984,6.6,2,1,0,60,4.1,0,0
9985,8.5,1,3,2,90,4.8,1,1
9986,8.5,2,3,2,90,4.8,1,1
9987,7.5,0,2,1,66,3.9,1,0
9988,7.7,1,2,0,82,4.2,1,1
9989,7.3,1,2,1,81,4,1,0
9990,8.3,2,3,0,90,4.6,0,1
9991,7.4,0,3,1,90,3.8,1,0
9992,8.4,2,3,1,84,4.5,1,1
9993,8,2,1,2,78,4.4,1,1
9994,6.6,1,1,1,71,4.5,1,0
9995,7.8,2,2,2,80,4.8,1,0
9996,7.5,1,1,2,72,3.9,0,0
9997,7.4,0,1,0,90,4.8,0,1
9998,8.4,1,3,0,70,4.8,1,1
9999,8.9,0,3,2,87,4.8,1,1
10000,8.4,0,1,1,66,3.8,0,0
