StudentID,CGPA,Internships,Projects,Workshops/Certifications,AptitudeTestScore,SoftSkillsRating,PlacementTraining,PlacementStatus
1,7.5,1,1,1,65,4.4,No,NotPlaced
2,8.9,0,3,2,90,4,Yes,Placed
3,7.3,1,2,2,82,4.8,No,NotPlaced
4,7.5,1,1,2,85,4.4,Yes,Placed
5,8.3,1,2,2,86,4.5,Yes,Placed
6,7,0,2,2,71,4.2,No,NotPlaced
7,7.7,1,1,1,76,4,No,NotPlaced
8,7.7,2,1,0,85,3.5,Yes,NotPlaced
9,6.5,1,1,0,84,3.9,Yes,NotPlaced
10,7.8,1,3,2,79,4.4,Yes,Placed
11,8.3,2,3,2,90,4.8,Yes,Placed
12,7.9,1,3,2,90,4.8,Yes,Placed
13,8.3,2,3,2,90,4.5,Yes,Placed
14,7.7,1,1,1,74,4.6,Yes,NotPlaced
15,7.5,1,1,1,66,4.1,No,NotPlaced
16,7.4,0,2,1,78,4.4,No,NotPlaced
17,8.6,0,3,0,84,4.8,Yes,Placed
18,8.2,2,3,2,90,4.7,Yes,Placed
19,6.8,2,3,0,73,4.4,Yes,Placed
20,7.4,1,2,0,70,4.4,Yes,NotPlaced
21,7.6,2,1,0,84,4.4,Yes,Placed
22,7.4,1,2,1,72,3.5,Yes,Placed
23,7.7,0,1,0,77,3.4,Yes,Placed
24,7.4,1,1,0,60,3.8,No,NotPlaced
25,7.4,1,2,1,90,4.3,Yes,NotPlaced
26,6.7,1,1,1,70,4,No,NotPlaced
27,7.4,2,3,2,78,4.3,Yes,NotPlaced
28,8.3,1,1,1,81,4.5,Yes,NotPlaced
29,7.5,1,2,1,84,4.4,No,NotPlaced
30,7,0,1,1,63,3.9,Yes,NotPlaced
31,8.4,2,3,2,90,4.6,Yes,Placed
32,7.4,1,2,1,76,4.7,Yes,NotPlaced
33,8.5,1,3,0,90,4.8,Yes,Placed
34,8.6,1,2,2,75,4.3,Yes,Placed
35,6.9,0,1,0,70,3.9,Yes,Placed
36,7.8,1,1,1,67,4.3,No,NotPlaced
37,8.3,1,2,2,89,4.8,Yes,Placed
38,8.2,1,2,2,77,4.2,Yes,Placed
39,8.5,2,3,3,90,4.7,Yes,Placed
40,6.7,0,3,2,88,4.2,Yes,Placed
41,8.6,2,3,1,90,4.8,Yes,Placed
42,8.3,2,3,2,85,4.8,Yes,Placed
43,6.7,0,1,1,72,4.4,No,NotPlaced
44,8.6,2,3,2,88,4.7,Yes,Placed
45,7.4,1,3,0,86,4.8,Yes,NotPlaced
46,6.7,1,1,2,73,4.5,No,Placed
47,6.9,1,1,1,76,4.4,No,NotPlaced
48,7,1,1,0,62,4.3,Yes,NotPlaced
49,8.1,1,3,2,90,4.6,Yes,Placed
50,7.7,1,2,0,74,3.8,No,NotPlaced
51,6.5,0,2,1,77,4.8,Yes,NotPlaced
52,8.2,1,3,0,65,4.1,No,NotPlaced
53,8.1,2,3,2,90,4.7,Yes,Placed
54,6.5,1,2,1,80,4.5,Yes,NotPlaced
55,6.5,0,2,1,72,4.5,No,NotPlaced
56,8.8,2,3,2,90,4.8,Yes,Placed
57,8,1,1,0,74,4.5,Yes,NotPlaced
58,8.4,2,2,2,81,4.6,Yes,Placed
59,8,1,1,0,86,4.2,No,NotPlaced
60,6.6,0,1,0,76,3.9,Yes,Placed
61,7.7,2,2,0,86,4,Yes,NotPlaced
62,8.2,1,2,1,86,4.3,Yes,Placed
63,7.2,1,2,0,74,4.1,No,NotPlaced
64,6.6,1,2,1,72,4.1,No,NotPlaced
65,7.6,1,2,0,77,4.6,No,NotPlaced
66,8,0,3,0,68,4.2,No,Placed
67,7.8,2,3,2,87,4.8,No,NotPlaced
68,7.2,1,1,0,82,4.6,Yes,NotPlaced
69,7.7,1,1,0,74,4.1,Yes,Placed
70,8.4,1,1,2,67,3.8,Yes,NotPlaced
71,7.5,1,1,1,69,4.3,Yes,NotPlaced
72,6.7,0,2,1,79,4.1,No,NotPlaced
73,8.1,2,3,2,90,4.8,Yes,Placed
74,7.5,1,2,0,73,4.4,No,NotPlaced
75,7.4,2,1,0,75,4.2,Yes,NotPlaced
76,6.5,1,1,0,63,4.5,Yes,NotPlaced
77,8.1,1,3,1,90,4.6,Yes,Placed
78,6.9,1,1,0,83,3.5,Yes,NotPlaced
79,8.2,1,3,0,83,4.8,Yes,Placed
80,7.6,1,2,1,72,3.9,Yes,NotPlaced
81,6.6,1,1,1,69,3.6,Yes,NotPlaced
82,6.7,1,2,1,74,4.8,Yes,Placed
83,8.2,2,3,2,76,4.5,Yes,NotPlaced
84,8.3,2,3,1,90,4.2,Yes,Placed
85,7.6,0,2,0,86,4.8,Yes,Placed
86,6.7,1,3,0,87,4.6,No,NotPlaced
87,8.1,0,2,1,84,3.8,No,NotPlaced
88,8.5,1,2,2,79,3.9,Yes,Placed
89,8.8,1,3,0,76,4.7,Yes,Placed
90,7.2,1,2,0,68,4.2,Yes,NotPlaced
91,7.6,1,1,0,80,4.5,Yes,NotPlaced
92,7.1,1,1,0,70,3.3,No,NotPlaced
93,8.1,1,3,2,89,4.6,Yes,Placed
94,7.4,1,3,0,83,4.2,Yes,NotPlaced
95,7.7,2,2,2,85,4.8,Yes,NotPlaced
96,7.5,0,1,1,75,3.3,Yes,NotPlaced
97,7.5,1,1,0,64,4,No,NotPlaced
98,7.8,2,2,2,90,4.8,No,Placed
99,7.7,1,3,1,89,4.6,Yes,Placed
100,7.9,0,1,2,83,4.8,No,NotPlaced
101,7.4,1,2,1,63,3.9,No,NotPlaced
102,7.3,1,1,0,80,4.7,Yes,NotPlaced
103,6.5,1,1,1,62,3.8,Yes,NotPlaced
104,7.5,2,1,1,76,4.2,Yes,NotPlaced
105,6.5,1,1,0,68,4.1,No,NotPlaced
106,8.5,2,3,2,90,4.8,Yes,Placed
107,6.7,0,1,1,74,3.9,No,NotPlaced
108,6.5,0,1,0,82,4.4,No,NotPlaced
109,8.1,1,3,2,90,4.8,Yes,Placed
110,8.7,2,3,2,90,4.8,Yes,Placed
111,8,1,1,3,84,4,Yes,NotPlaced
112,7.3,1,3,1,81,4.2,Yes,NotPlaced
113,7.4,1,1,1,81,4.1,No,NotPlaced
114,8.6,2,3,0,81,4.7,No,Placed
115,6.7,2,1,2,76,4.8,No,NotPlaced
116,7.6,1,1,1,67,3.5,No,NotPlaced
117,8.8,1,3,2,90,4.6,Yes,Placed
118,6.5,1,2,0,65,4.4,Yes,NotPlaced
119,6.5,1,2,1,78,4.2,No,NotPlaced
120,7.4,1,2,1,75,4.2,Yes,NotPlaced
121,8.7,2,3,2,81,4.7,Yes,Placed
122,8,1,1,1,68,4.2,Yes,NotPlaced
123,7.7,1,3,2,90,4.8,No,Placed
124,7.3,1,1,0,64,3.2,Yes,NotPlaced
125,8.4,2,1,2,76,4.1,No,NotPlaced
126,7.7,1,2,0,73,4,Yes,Placed
127,7.5,1,1,1,68,4.7,No,NotPlaced
128,7.4,0,1,0,79,4.3,No,NotPlaced
129,7.4,1,1,1,64,4.3,Yes,NotPlaced
130,8.5,1,2,2,90,4.8,Yes,Placed
131,8,1,3,0,80,4.4,Yes,Placed
132,6.5,1,1,1,72,3.8,No,NotPlaced
133,8.4,1,1,0,81,4.6,No,Placed
134,8.7,0,3,2,88,4.8,No,NotPlaced
135,8,0,1,0,60,4,No,NotPlaced
136,8.4,2,3,1,88,4.6,Yes,NotPlaced
137,8.2,2,3,2,90,4.4,Yes,Placed
138,8.1,2,2,2,90,4.5,Yes,Placed
139,7.9,1,3,1,75,3.7,Yes,NotPlaced
140,8.9,2,3,2,90,4.8,Yes,Placed
141,6.5,1,1,1,72,4.5,No,NotPlaced
142,7.6,1,1,0,73,4.3,Yes,Placed
143,8.4,1,3,2,90,4.6,Yes,Placed
144,7.8,2,3,0,77,4.8,Yes,NotPlaced
145,8.4,1,2,1,74,4.3,Yes,Placed
146,7.6,1,2,0,74,3.7,Yes,Placed
147,7.9,1,1,1,62,4.6,Yes,NotPlaced
148,7.9,1,3,1,80,4.2,Yes,Placed
149,8,2,1,2,90,4.8,Yes,NotPlaced
150,7.9,2,1,0,83,4,Yes,NotPlaced
151,8.4,2,3,2,90,4.8,Yes,Placed
152,8.6,0,3,2,90,4.8,Yes,Placed
153,7.8,0,1,0,81,3.9,Yes,Placed
154,8.1,2,3,3,90,4.8,Yes,Placed
155,7.2,1,3,1,75,4.2,Yes,NotPlaced
156,7.7,0,1,0,81,4.8,Yes,Placed
157,8.4,1,3,2,90,4.5,Yes,Placed
158,8,1,3,1,87,4.6,Yes,NotPlaced
159,7.8,0,1,1,72,4,No,NotPlaced
160,6.5,1,1,0,63,3.5,No,NotPlaced
161,6.5,0,3,0,71,3.6,Yes,NotPlaced
162,7.9,1,2,1,81,4,Yes,NotPlaced
163,6.7,1,1,0,75,4.2,No,NotPlaced
164,6.9,0,1,0,73,4.1,Yes,Placed
165,6.5,1,1,2,85,4.3,No,Placed
166,6.5,0,1,1,79,3.9,No,NotPlaced
167,7.3,1,1,1,71,3.6,No,NotPlaced
168,8.3,2,3,0,71,4.6,Yes,Placed
169,7.5,1,1,1,74,3.9,No,NotPlaced
170,8,2,3,3,76,4.1,Yes,NotPlaced
171,8.3,1,2,1,69,3.8,Yes,NotPlaced
172,6.6,0,3,0,87,4.5,No,NotPlaced
173,7.4,0,3,0,90,4.6,No,NotPlaced
174,8,1,1,1,78,4.4,No,NotPlaced
175,8,2,3,2,90,4.8,Yes,Placed
176,6.7,1,2,0,73,4.5,Yes,NotPlaced
177,8.3,1,2,3,78,3.8,No,NotPlaced
178,8.5,1,3,2,90,4.8,Yes,Placed
179,7.5,2,1,2,90,4.8,No,NotPlaced
180,7.4,1,1,0,60,3.4,No,NotPlaced
181,8.4,0,1,2,88,4.8,Yes,Placed
182,8.2,1,3,0,82,4.8,Yes,Placed
183,6.5,1,1,0,74,4.2,Yes,NotPlaced
184,7.7,1,1,0,71,4.7,Yes,NotPlaced
185,7.3,1,2,2,67,4.5,No,NotPlaced
186,6.5,0,1,0,78,3.7,Yes,NotPlaced
187,6.5,1,1,1,68,4.1,No,NotPlaced
188,7.5,1,1,0,76,4.3,Yes,NotPlaced
189,7.8,1,1,1,65,3.9,No,NotPlaced
190,6.8,1,1,0,78,4.3,No,NotPlaced
191,8.4,2,3,2,90,4.1,Yes,Placed
192,7.8,2,2,2,80,4.6,Yes,Placed
193,7.5,1,2,0,77,4.2,Yes,NotPlaced
194,8.9,0,1,2,80,4.8,Yes,Placed
195,6.5,0,1,0,75,3.7,No,NotPlaced
196,8.4,1,1,2,87,4.1,No,NotPlaced
197,8.1,0,1,0,71,3.6,No,NotPlaced
198,8.5,2,3,0,86,4.2,Yes,Placed
199,7.6,1,1,1,82,4.8,Yes,Placed
200,7.8,2,3,0,79,4.3,No,NotPlaced
201,8.6,1,3,2,90,4.7,Yes,Placed
202,7.9,2,3,2,76,4.6,Yes,Placed
203,6.5,0,2,2,75,4.5,No,NotPlaced
204,8.2,0,2,1,82,4.5,Yes,Placed
205,8.2,1,1,0,81,4.3,Yes,Placed
206,7.6,1,1,0,64,4.1,No,NotPlaced
207,7.3,1,2,1,84,4.6,Yes,NotPlaced
208,8.4,2,3,2,90,4.5,Yes,Placed
209,8.3,2,3,3,90,4.5,Yes,Placed
210,7.8,1,3,0,88,4.8,Yes,Placed
211,8.3,1,2,1,82,4.7,Yes,NotPlaced
212,7.5,1,1,1,69,4.1,No,NotPlaced
213,8.6,2,3,2,78,4.8,Yes,NotPlaced
214,7.8,2,2,2,77,4.2,No,NotPlaced
215,6.6,1,1,1,71,4.3,No,NotPlaced
216,7.4,0,1,1,70,4.2,No,NotPlaced
217,6.9,1,2,1,74,4.1,No,NotPlaced
218,6.6,1,1,0,77,4.5,No,NotPlaced
219,8.3,1,2,2,88,4.1,Yes,Placed
220,7.9,2,2,2,88,4.8,Yes,Placed
221,6.6,1,2,1,76,4.1,Yes,NotPlaced
222,8,2,3,2,86,4.8,Yes,Placed
223,7.5,1,2,0,86,3.8,No,NotPlaced
224,7.9,2,3,2,90,4.8,No,NotPlaced
225,8.3,1,3,2,78,3.9,Yes,Placed
226,7.4,1,1,0,74,3.5,Yes,NotPlaced
227,8,2,2,2,87,3.8,Yes,Placed
228,8.7,2,3,2,87,4.7,Yes,Placed
229,7.4,1,2,0,77,4.5,Yes,NotPlaced
230,7.9,2,3,2,90,4.8,Yes,Placed
231,7.5,1,1,1,70,4.6,No,NotPlaced
232,7.4,2,1,1,87,4.5,Yes,NotPlaced
233,7.7,0,1,1,69,4.8,Yes,NotPlaced
234,7.8,0,1,1,70,3.8,Yes,NotPlaced
235,7.5,2,3,0,88,4.6,Yes,NotPlaced
236,8.2,2,3,1,69,4,Yes,NotPlaced
237,7.8,1,3,2,75,4.3,Yes,NotPlaced
238,7.6,1,1,0,72,4.6,Yes,NotPlaced
239,8.5,2,3,2,90,4.8,Yes,Placed
240,6.7,0,1,1,71,4.7,Yes,NotPlaced
241,7.6,1,3,0,82,4.5,Yes,NotPlaced
242,7.6,0,2,0,80,3.7,No,NotPlaced
243,7.3,1,2,0,71,4.4,Yes,NotPlaced
244,8.1,1,2,1,78,3.5,Yes,NotPlaced
245,7.6,2,3,0,88,4.4,Yes,Placed
246,7.4,1,2,0,77,3.8,Yes,NotPlaced
247,8.4,0,2,1,85,4.3,Yes,Placed
248,6.7,1,2,1,73,4.3,Yes,NotPlaced
249,6.5,1,1,0,70,4.7,Yes,NotPlaced
250,7.4,1,2,1,68,3.4,Yes,NotPlaced
251,8.4,2,3,1,76,4.1,Yes,NotPlaced
252,6.5,1,1,0,68,4.3,Yes,NotPlaced
253,6.6,1,2,1,82,4.4,Yes,NotPlaced
254,8.1,0,2,2,80,4.4,No,Placed
255,6.5,1,1,0,74,4.2,No,NotPlaced
256,8.5,1,3,2,75,4.5,Yes,NotPlaced
257,8.7,2,3,2,90,4.8,Yes,Placed
258,7.5,1,2,3,86,4.8,Yes,NotPlaced
259,8.1,2,3,2,90,4.8,Yes,Placed
260,8.2,1,3,1,83,4.1,Yes,NotPlaced
261,8.7,2,1,0,66,4.8,No,NotPlaced
262,6.6,0,1,2,72,4.2,Yes,Placed
263,8.1,0,2,3,78,4.1,Yes,Placed
264,6.5,1,3,0,80,3.7,No,NotPlaced
265,7.4,1,1,0,88,4.5,Yes,Placed
266,8.2,2,3,2,80,4.8,Yes,Placed
267,6.8,2,2,2,80,4.6,Yes,NotPlaced
268,8,1,2,1,76,4.5,Yes,NotPlaced
269,8.5,1,3,0,82,4.4,Yes,Placed
270,6.6,1,2,1,65,4.1,No,NotPlaced
271,8.4,1,2,0,79,3.8,Yes,NotPlaced
272,7.8,1,1,1,79,3.7,Yes,NotPlaced
273,7.7,1,2,0,81,3.8,Yes,NotPlaced
274,6.8,1,1,0,73,3.7,Yes,NotPlaced
275,7.3,1,2,1,71,4.7,No,NotPlaced
276,6.5,2,2,2,79,4.5,Yes,Placed
277,8.3,2,1,1,83,4.5,Yes,NotPlaced
278,7.3,1,2,1,79,3.8,Yes,NotPlaced
279,6.8,1,2,1,65,3.9,Yes,Placed
280,8.7,1,3,2,90,4.8,Yes,Placed
281,8.3,2,3,1,90,4.8,No,Placed
282,8.2,1,2,1,79,3.8,Yes,NotPlaced
283,8.2,1,1,2,86,4.4,No,NotPlaced
284,8.5,0,2,0,81,3.2,Yes,NotPlaced
285,8,0,1,1,87,3.8,Yes,NotPlaced
286,7.9,1,1,0,77,4.7,Yes,NotPlaced
287,7.7,1,1,2,82,4.4,No,NotPlaced
288,7.6,0,3,3,75,4.3,Yes,Placed
289,6.7,1,3,0,77,4.1,Yes,NotPlaced
290,8.5,0,2,2,75,4.5,No,Placed
291,8.8,1,2,2,90,4.8,No,Placed
292,6.5,2,3,1,82,4.6,No,NotPlaced
293,7.5,0,1,1,80,4.2,No,NotPlaced
294,7.7,2,3,2,78,4.6,Yes,NotPlaced
295,7.7,0,1,0,79,4.8,Yes,NotPlaced
296,8.6,1,1,2,84,4.3,Yes,Placed
297,7.5,0,2,0,69,3.6,No,NotPlaced
298,6.8,1,1,0,68,4.3,Yes,NotPlaced
299,8.1,0,3,2,90,4.8,Yes,NotPlaced
300,8.4,2,3,3,82,4.5,No,Placed
301,7.5,1,1,0,67,3.4,No,NotPlaced
302,8.1,1,3,0,70,4.8,No,NotPlaced
303,7.4,1,1,1,64,4,No,NotPlaced
304,8.4,2,3,2,80,4.6,Yes,Placed
305,8.2,0,3,2,90,4.8,Yes,Placed
306,8,1,2,1,80,4.3,Yes,NotPlaced
307,7.9,0,3,2,90,4.8,Yes,Placed
308,6.8,0,1,0,77,3.3,No,NotPlaced
309,8.3,2,3,2,82,4.6,Yes,Placed
310,7.4,1,2,1,75,4.3,Yes,NotPlaced
311,7.6,1,1,0,66,4.1,Yes,NotPlaced
312,8.5,2,3,1,90,4.8,Yes,NotPlaced
313,8.2,2,3,2,90,4.6,Yes,Placed
314,8.2,1,3,2,90,4.3,Yes,Placed
315,6.5,1,1,0,79,3.6,Yes,NotPlaced
316,7.5,1,1,2,82,4.5,Yes,Placed
317,7.5,1,2,1,85,4.1,Yes,NotPlaced
318,6.6,0,1,1,67,4.3,Yes,NotPlaced
319,7.6,1,1,1,88,4.5,Yes,Placed
320,7.5,1,1,1,81,4.5,Yes,NotPlaced
321,7.5,0,2,1,66,4.5,Yes,Placed
322,8.5,2,3,1,85,4.3,Yes,Placed
323,7.9,2,1,0,71,4.8,Yes,NotPlaced
324,8.2,0,2,0,85,4.1,No,NotPlaced
325,7.2,1,2,0,69,4,Yes,NotPlaced
326,8.6,2,3,2,90,4.8,Yes,Placed
327,6.5,1,1,1,78,3.9,Yes,Placed
328,8.7,1,3,0,86,4.5,Yes,Placed
329,7.8,1,2,0,78,4.8,Yes,Placed
330,7.7,1,1,0,80,4,Yes,NotPlaced
331,6.5,0,2,0,80,4.6,Yes,Placed
332,8.5,1,2,1,71,3.8,Yes,NotPlaced
333,7.4,2,3,0,86,4.6,Yes,Placed
334,8.6,1,3,2,81,4.8,Yes,Placed
335,8,1,2,1,88,3.6,Yes,NotPlaced
336,7.8,1,3,1,89,4.6,Yes,Placed
337,8.1,1,3,2,90,4.7,No,Placed
338,7.2,1,2,0,83,4.5,Yes,NotPlaced
339,8.4,2,3,2,87,4.8,Yes,Placed
340,8.4,0,3,2,85,4.6,Yes,NotPlaced
341,8.3,0,3,1,88,4.7,Yes,NotPlaced
342,7.2,0,2,1,66,3.9,No,NotPlaced
343,8.6,2,3,2,90,4.8,Yes,Placed
344,7.9,2,1,0,73,4.2,No,NotPlaced
345,6.6,1,1,2,81,4.8,No,NotPlaced
346,7.1,1,1,1,63,3.6,Yes,NotPlaced
347,7.8,0,3,0,90,4.7,Yes,Placed
348,6.6,1,1,1,81,4,No,NotPlaced
349,6.5,2,3,0,79,3.7,Yes,NotPlaced
350,7.5,2,1,0,83,4.6,No,NotPlaced
351,7.5,1,2,0,70,3.7,Yes,NotPlaced
352,7.8,0,2,2,74,4.6,Yes,NotPlaced
353,6.6,1,2,0,71,4,No,Placed
354,7.4,1,2,0,72,4.3,Yes,NotPlaced
355,7.8,1,3,2,77,4.2,No,NotPlaced
356,8.2,2,3,2,90,4.8,Yes,Placed
357,8.9,2,3,2,89,4.6,Yes,Placed
358,8.2,1,2,1,90,4.8,Yes,Placed
359,7.5,1,3,0,70,4.2,Yes,NotPlaced
360,7.7,1,2,0,68,3.9,Yes,NotPlaced
361,8.7,1,3,2,90,4.7,Yes,Placed
362,7.5,1,1,1,65,4.4,Yes,NotPlaced
363,6.6,1,1,1,82,3.7,Yes,Placed
364,7.4,2,3,1,84,4.8,Yes,Placed
365,7.5,0,3,2,90,4.8,Yes,Placed
366,8.2,1,1,1,79,4.6,Yes,NotPlaced
367,8.7,1,2,0,84,4.4,Yes,Placed
368,8,2,3,1,87,4.2,Yes,Placed
369,8.4,2,2,0,76,4.4,Yes,Placed
370,8,2,2,2,81,4.5,No,NotPlaced
371,7.5,1,2,2,70,4.7,Yes,NotPlaced
372,6.5,1,3,2,90,4,No,Placed
373,7.8,0,3,2,73,4.6,No,NotPlaced
374,7.6,1,2,0,64,4.5,Yes,NotPlaced
375,8.7,0,3,0,75,3.7,Yes,NotPlaced
376,7.2,1,1,0,85,3.5,Yes,NotPlaced
377,8.1,1,3,2,90,4.7,Yes,Placed
378,7.4,1,2,0,77,4.1,Yes,NotPlaced
379,8.2,2,2,2,81,4.8,Yes,Placed
380,8.2,2,1,2,90,4.8,Yes,Placed
381,6.5,1,2,1,65,4,Yes,NotPlaced
382,7.4,0,2,1,73,3.8,No,NotPlaced
383,7.3,0,1,1,80,3.6,Yes,NotPlaced
384,8.7,0,1,1,87,4.1,No,NotPlaced
385,8.5,2,1,3,82,3.6,Yes,NotPlaced
386,8.5,1,3,2,74,4.1,Yes,Placed
387,7.9,1,2,1,76,4.1,Yes,NotPlaced
388,7.4,2,3,0,71,4.8,Yes,NotPlaced
389,6.7,1,2,0,86,4.4,No,Placed
390,8.3,2,3,2,82,4.8,Yes,Placed
391,7.6,1,1,0,76,4.3,Yes,NotPlaced
392,7.5,1,2,0,90,4.2,Yes,Placed
393,8.9,0,3,0,89,4.8,No,Placed
394,7.3,1,1,0,79,4.1,No,NotPlaced
395,8.6,1,2,0,86,4.8,Yes,Placed
396,8.2,2,3,2,90,4.8,Yes,Placed
397,7.7,1,1,1,73,4.6,No,NotPlaced
398,7.9,1,3,0,88,4.7,Yes,Placed
399,7.4,1,1,1,87,4.6,Yes,NotPlaced
400,6.9,0,1,0,90,4.5,Yes,Placed
401,8,1,3,2,90,4.8,Yes,Placed
402,7.1,1,3,0,81,4.4,Yes,NotPlaced
403,6.9,0,1,1,76,3.8,No,NotPlaced
404,8.5,2,3,2,90,4.8,Yes,Placed
405,6.9,0,1,2,76,4.8,No,Placed
406,7.3,1,1,1,77,4.7,Yes,NotPlaced
407,7.8,2,3,0,89,4.6,Yes,NotPlaced
408,8.3,2,1,0,81,4.1,Yes,NotPlaced
409,8.6,1,3,2,83,4.4,Yes,Placed
410,8.6,2,3,0,87,4.8,No,NotPlaced
411,8.7,2,1,0,90,4.7,Yes,Placed
412,7.5,1,3,2,90,4.2,Yes,Placed
413,7.8,0,1,1,63,4.5,No,NotPlaced
414,6.5,0,1,0,71,3.4,Yes,NotPlaced
415,7.6,1,3,1,73,4.4,Yes,NotPlaced
416,6.5,1,1,1,80,3.8,Yes,NotPlaced
417,8,1,3,0,75,4.3,No,NotPlaced
418,8,2,3,0,86,4.8,Yes,Placed
419,7.5,1,1,0,67,4.2,Yes,Placed
420,7.8,1,3,0,78,4.4,Yes,Placed
421,7.3,1,1,1,75,3.6,Yes,NotPlaced
422,7.8,1,2,0,82,4.7,Yes,NotPlaced
423,6.5,1,1,1,82,3.4,No,NotPlaced
424,8.1,1,3,3,90,4.8,Yes,Placed
425,7.9,0,1,0,85,4.5,No,NotPlaced
426,8.7,1,3,0,74,4.6,Yes,Placed
427,7.1,2,2,0,76,4,Yes,Placed
428,8.9,1,3,2,81,4.8,No,Placed
429,8.3,0,3,0,75,4.2,No,NotPlaced
430,8.3,1,2,0,90,4.5,Yes,Placed
431,7.9,2,3,2,86,4.7,Yes,Placed
432,8.1,2,3,2,90,4.5,Yes,Placed
433,7.7,2,1,1,64,3.7,Yes,NotPlaced
434,8.1,2,3,2,85,4.5,Yes,Placed
435,7.8,1,3,0,81,4.3,No,NotPlaced
436,7.2,1,1,1,67,3.8,No,NotPlaced
437,8.4,1,1,2,84,4.8,Yes,Placed
438,8.4,2,3,2,90,4.8,Yes,Placed
439,8.2,1,1,0,76,4.2,Yes,NotPlaced
440,6.5,0,1,0,67,4.3,No,Placed
441,6.5,1,1,0,73,4.1,Yes,NotPlaced
442,8.3,2,3,2,90,4.8,Yes,Placed
443,8.2,0,3,2,78,4.5,Yes,Placed
444,8.1,1,2,2,76,4.5,Yes,Placed
445,6.5,1,1,1,60,3.8,No,NotPlaced
446,8.2,0,3,1,83,4.7,No,NotPlaced
447,7.7,1,3,1,75,4.6,Yes,NotPlaced
448,7.7,0,3,2,89,4.4,Yes,Placed
449,6.5,1,1,0,80,4.3,Yes,NotPlaced
450,8.3,2,3,2,87,4.8,Yes,NotPlaced
451,8,1,3,0,77,4.1,No,Placed
452,8.6,0,2,1,90,4.6,Yes,Placed
453,7.6,0,2,0,83,4.2,Yes,NotPlaced
454,7,1,1,1,71,4.3,Yes,NotPlaced
455,7.9,2,3,2,90,4.8,Yes,Placed
456,7.7,1,3,2,84,4.6,Yes,Placed
457,7.4,1,3,0,76,4.4,Yes,NotPlaced
458,6.5,1,1,1,78,4.1,Yes,NotPlaced
459,7.4,1,2,0,73,4.3,Yes,NotPlaced
460,7.8,2,3,2,84,4.1,Yes,Placed
461,7.7,1,1,0,80,4.8,Yes,NotPlaced
462,7.9,0,1,0,60,3.4,No,NotPlaced
463,7.4,1,1,0,79,4.8,Yes,NotPlaced
464,8.2,2,2,1,76,4.6,Yes,NotPlaced
465,7.4,0,1,0,78,4.6,No,NotPlaced
466,6.7,1,1,1,66,3.6,No,NotPlaced
467,6.5,1,2,0,84,4.2,No,NotPlaced
468,7.8,0,1,1,73,4.8,Yes,Placed
469,7.2,1,2,1,68,4.4,No,NotPlaced
470,8.1,0,2,0,88,4,Yes,Placed
471,8.2,1,2,0,83,4.6,Yes,Placed
472,8.2,0,3,3,90,4.7,Yes,Placed
473,8.4,2,1,2,81,4.7,Yes,NotPlaced
474,7.8,0,3,2,77,4.2,Yes,NotPlaced
475,7.3,1,2,1,75,4.6,Yes,NotPlaced
476,7.5,1,1,0,67,4.6,No,NotPlaced
477,8,2,1,0,74,4.1,Yes,Placed
478,7.5,2,3,2,90,4.7,Yes,Placed
479,8.4,2,3,1,85,4.7,Yes,Placed
480,6.6,1,1,0,73,3.4,No,NotPlaced
481,7.6,1,1,0,66,3.7,Yes,NotPlaced
482,7.1,1,2,0,80,4.3,Yes,NotPlaced
483,7.6,1,2,2,69,3.3,Yes,NotPlaced
484,7.5,1,1,2,75,3.5,Yes,NotPlaced
485,6.5,1,1,0,74,3.9,No,NotPlaced
486,6.7,1,1,1,73,4,Yes,NotPlaced
487,8.3,1,3,1,86,4.8,Yes,NotPlaced
488,8.6,2,1,2,73,4.6,No,NotPlaced
489,6.6,1,3,0,70,4.1,No,Placed
490,8.3,1,3,0,82,4.8,Yes,NotPlaced
491,7.6,1,2,1,76,3.9,No,NotPlaced
492,8.3,2,3,2,79,4.4,Yes,Placed
493,8.5,1,2,1,70,4.5,Yes,Placed
494,7.7,1,2,0,82,4.3,Yes,NotPlaced
495,7.4,1,1,0,89,4.4,Yes,NotPlaced
496,8.8,1,3,2,88,4.8,Yes,Placed
497,7,1,2,0,75,4.6,Yes,NotPlaced
498,7.7,0,3,2,86,4.7,Yes,NotPlaced
499,7.5,0,2,0,71,3.4,No,NotPlaced
500,7.5,1,1,1,79,3.6,Yes,NotPlaced
501,7.8,1,1,0,82,4.2,Yes,NotPlaced
502,6.8,1,1,2,74,4.2,No,NotPlaced
503,7.3,0,1,0,80,3.5,Yes,NotPlaced
504,7.2,0,2,1,60,3.6,No,NotPlaced
505,6.7,2,0,0,69,3.9,Yes,NotPlaced
506,7.3,0,3,2,77,4.6,Yes,Placed
507,6.6,2,3,1,72,4.6,No,NotPlaced
508,6.9,2,1,0,67,4,No,NotPlaced
509,8.2,1,1,0,79,4.2,No,NotPlaced
510,6.7,1,2,1,80,4.1,No,NotPlaced
511,7.9,1,2,1,63,4.2,Yes,NotPlaced
512,8.3,2,3,2,89,4.7,Yes,Placed
513,6.8,0,2,0,88,4.5,Yes,NotPlaced
514,7.6,1,2,0,88,4.8,Yes,NotPlaced
515,7.9,2,3,2,90,4.8,Yes,NotPlaced
516,6.5,0,3,0,81,4.8,Yes,NotPlaced
517,7.3,1,1,1,69,4.2,No,NotPlaced
518,7.7,2,3,0,78,4.1,Yes,NotPlaced
519,7.9,1,2,2,75,4.6,Yes,NotPlaced
520,7.9,2,3,1,82,4.2,Yes,NotPlaced
521,7.5,1,1,0,71,3.7,Yes,NotPlaced
522,7.5,1,3,0,86,4.2,Yes,NotPlaced
523,8.2,1,1,2,83,4.4,Yes,Placed
524,8,0,3,3,90,4.3,Yes,Placed
525,7.5,1,3,1,89,4.2,Yes,NotPlaced
526,7.8,1,1,0,69,4.7,No,NotPlaced
527,8.1,0,2,0,80,4.5,Yes,NotPlaced
528,8.2,1,1,0,70,4.2,No,NotPlaced
529,8.1,1,3,0,88,4.3,No,NotPlaced
530,8.1,1,3,2,90,4.5,Yes,Placed
531,6.7,1,2,1,68,4.6,Yes,NotPlaced
532,7.7,2,1,0,75,4.4,No,NotPlaced
533,7.6,0,1,1,73,4.4,Yes,NotPlaced
534,8.6,2,3,2,87,4.8,Yes,Placed
535,7.5,1,2,0,77,4.3,No,NotPlaced
536,8.4,2,2,2,73,4.8,No,Placed
537,8.1,2,3,2,84,4.6,Yes,Placed
538,6.5,1,2,0,78,4.6,Yes,NotPlaced
539,8.9,2,3,2,90,4.8,Yes,Placed
540,7.5,2,2,0,73,4.4,Yes,Placed
541,8.7,2,3,2,90,4.8,Yes,Placed
542,7.4,2,3,2,84,4.8,Yes,NotPlaced
543,7.8,1,1,1,66,3.4,No,Placed
544,8.3,1,3,1,84,4.6,Yes,NotPlaced
545,8.3,1,2,2,85,4.6,Yes,Placed
546,7.6,2,3,2,90,4.5,Yes,Placed
547,6.5,1,1,1,74,4,No,NotPlaced
548,7.4,1,3,1,75,4.5,Yes,Placed
549,7.9,1,3,0,90,4.6,Yes,Placed
550,8.4,1,1,0,73,4.2,Yes,NotPlaced
551,7.7,2,2,1,74,4.1,Yes,NotPlaced
552,8.2,1,3,1,88,4.8,Yes,NotPlaced
553,7.6,0,2,0,81,4,No,NotPlaced
554,6.8,1,1,0,67,4.1,No,NotPlaced
555,8.2,0,3,0,76,4.7,Yes,NotPlaced
556,8.3,2,3,2,88,4.7,Yes,Placed
557,7.1,0,2,0,67,3.2,No,NotPlaced
558,6.5,1,2,1,60,3.5,No,NotPlaced
559,8.6,1,3,2,90,4.8,Yes,Placed
560,7.6,2,2,0,72,4.3,Yes,Placed
561,7.9,2,1,1,78,4.1,Yes,NotPlaced
562,7.7,1,3,0,82,4.2,Yes,Placed
563,7.4,1,3,2,88,4.8,Yes,Placed
564,6.5,1,3,1,68,4,Yes,NotPlaced
565,8.2,1,2,1,90,4.7,Yes,Placed
566,7.6,1,2,2,70,4.8,Yes,Placed
567,7.3,0,2,1,78,4.8,Yes,NotPlaced
568,8.1,2,3,2,90,4.4,Yes,NotPlaced
569,7.5,1,1,1,71,4.3,No,NotPlaced
570,7.4,1,3,0,81,4.7,Yes,Placed
571,7.8,0,3,2,90,4.7,Yes,Placed
572,8.2,2,3,2,90,4.8,Yes,Placed
573,8.4,0,3,2,79,4.5,Yes,NotPlaced
574,8.2,2,3,2,90,4.7,Yes,Placed
575,7.6,2,1,2,87,4.8,No,NotPlaced
576,8.6,1,1,1,88,4,Yes,Placed
577,6.5,2,3,1,84,4.7,Yes,Placed
578,6.7,0,3,2,90,4.8,No,NotPlaced
579,7.5,1,1,0,70,4.5,No,NotPlaced
580,7.5,1,2,0,60,4,Yes,NotPlaced
581,7.5,1,1,1,60,4.1,No,NotPlaced
582,8.7,2,3,2,90,4.8,Yes,Placed
583,7.4,1,2,1,71,4.8,Yes,NotPlaced
584,7.8,0,1,1,77,4.1,Yes,NotPlaced
585,8.1,2,3,2,90,4.4,Yes,Placed
586,7.3,1,1,0,81,4.4,No,NotPlaced
587,7.8,2,3,0,90,4.8,Yes,Placed
588,8,0,0,2,76,4.8,No,Placed
589,7.5,1,3,1,90,4.8,Yes,Placed
590,7.8,1,2,0,81,3.9,No,NotPlaced
591,6.5,0,3,0,68,4.2,No,Placed
592,7.9,0,1,0,66,4.1,No,NotPlaced
593,7.7,0,3,1,80,4.3,No,NotPlaced
594,8,1,3,0,87,4.3,Yes,NotPlaced
595,7.8,1,1,0,85,4.5,Yes,NotPlaced
596,8.5,2,3,2,90,4.8,Yes,Placed
597,8.4,1,3,2,90,4.6,Yes,Placed
598,7.4,2,1,1,81,4,No,Placed
599,7,1,3,0,82,4.6,Yes,NotPlaced
600,7.6,1,2,1,85,4.6,No,NotPlaced
601,6.8,1,1,1,75,3.8,Yes,NotPlaced
602,7.5,0,2,1,63,3.5,Yes,NotPlaced
603,8.5,2,3,0,89,4.8,Yes,Placed
604,6.9,1,2,1,70,4.4,Yes,NotPlaced
605,8.2,0,1,0,73,4.8,Yes,Placed
606,6.5,0,3,2,85,4.7,No,Placed
607,7.7,1,2,2,76,4.1,Yes,NotPlaced
608,7.7,1,1,1,78,4.2,Yes,NotPlaced
609,6.8,1,1,0,74,3.8,Yes,NotPlaced
610,8.3,1,3,0,78,4.7,Yes,NotPlaced
611,7.6,2,1,1,89,3.9,Yes,NotPlaced
612,7.4,0,3,0,78,4.4,Yes,Placed
613,8.1,2,3,2,90,4.8,Yes,Placed
614,7.7,0,1,1,67,4.2,No,NotPlaced
615,6.5,2,3,2,84,4,No,NotPlaced
616,8,2,3,2,90,4.8,Yes,Placed
617,6.9,1,1,1,74,4.3,Yes,NotPlaced
618,8.5,2,2,0,79,4.8,No,NotPlaced
619,6.5,1,1,0,84,4.5,Yes,NotPlaced
620,7.7,1,1,0,73,3.9,Yes,Placed
621,7.4,1,2,1,90,4.8,Yes,Placed
622,6.7,1,1,1,68,4.3,No,NotPlaced
623,8.3,1,2,2,88,4.4,Yes,Placed
624,7.6,0,1,1,70,4,No,NotPlaced
625,8.4,1,1,0,72,3.9,No,NotPlaced
626,7.1,1,2,1,73,4.3,Yes,NotPlaced
627,7.4,1,1,2,80,4.3,Yes,NotPlaced
628,7.5,1,2,1,90,4.3,Yes,Placed
629,8.3,2,3,0,90,4.8,Yes,Placed
630,8.3,2,3,2,85,4.7,Yes,Placed
631,7.6,1,2,1,74,4.6,Yes,Placed
632,7.5,1,2,0,80,3.6,No,NotPlaced
633,8.6,2,2,2,88,4.8,No,Placed
634,6.6,1,2,1,81,3.4,Yes,Placed
635,8.6,2,3,2,87,4.4,Yes,Placed
636,7.4,1,1,1,69,3.8,Yes,Placed
637,7.7,1,2,0,81,4.4,Yes,Placed
638,7.5,1,1,0,79,4.5,No,NotPlaced
639,7.4,1,2,0,68,4.3,Yes,NotPlaced
640,8.5,1,1,2,83,4.3,Yes,Placed
641,6.5,1,1,1,81,4.6,No,NotPlaced
642,7.9,1,1,1,66,4.5,No,NotPlaced
643,6.6,0,1,1,72,3.4,No,NotPlaced
644,8.3,2,3,2,90,4.8,No,Placed
645,8.5,2,3,2,88,4.6,Yes,Placed
646,7.4,1,2,1,79,4.7,Yes,NotPlaced
647,7.9,2,3,2,90,4.6,Yes,Placed
648,8.3,1,3,0,84,4.6,Yes,NotPlaced
649,7.6,1,2,0,79,4.3,Yes,Placed
650,7.6,0,1,2,74,4.6,Yes,Placed
651,8.1,1,3,0,90,4.8,Yes,NotPlaced
652,6.5,1,1,1,71,4.2,No,NotPlaced
653,6.8,0,3,2,89,4.8,Yes,Placed
654,7.3,1,1,0,84,4.3,No,NotPlaced
655,8.2,2,3,1,90,4.8,Yes,Placed
656,7.6,0,3,2,85,3.8,No,NotPlaced
657,7.4,1,3,0,88,4.2,Yes,NotPlaced
658,6.5,0,1,0,77,4.1,No,NotPlaced
659,8.2,1,2,3,85,4.5,Yes,NotPlaced
660,8.4,0,3,2,87,4,No,Placed
661,7.4,1,1,1,73,3.7,No,NotPlaced
662,7.3,1,1,0,90,4.6,No,NotPlaced
663,8.4,1,2,1,85,4.8,Yes,Placed
664,7.8,0,3,2,90,4.8,Yes,NotPlaced
665,8.5,0,3,1,83,4,Yes,NotPlaced
666,8.1,2,3,2,90,4.8,Yes,Placed
667,8.7,2,3,2,87,4.8,Yes,Placed
668,6.9,0,1,0,79,3.6,No,NotPlaced
669,8.3,2,3,2,90,4.8,Yes,Placed
670,7.6,1,1,0,76,4,Yes,Placed
671,7.3,1,1,1,88,4.1,No,NotPlaced
672,7.3,1,1,0,71,4.6,Yes,NotPlaced
673,8.8,1,3,2,83,4.8,Yes,Placed
674,6.7,1,1,0,82,3.9,Yes,Placed
675,8.3,2,3,2,90,4.6,Yes,Placed
676,8.2,1,3,2,85,4.8,Yes,NotPlaced
677,7.6,1,3,1,68,4.6,Yes,Placed
678,7.3,1,1,0,72,3.9,No,NotPlaced
679,8,2,3,2,83,4.8,Yes,Placed
680,7.6,1,3,0,69,4.3,Yes,Placed
681,8.2,2,1,2,71,4.2,Yes,NotPlaced
682,8.1,2,2,0,71,4.4,Yes,Placed
683,7.1,0,2,2,76,4.2,No,NotPlaced
684,8.6,1,2,0,82,3.7,Yes,Placed
685,7,1,2,0,67,4.3,Yes,NotPlaced
686,8.7,0,1,2,82,4.5,Yes,Placed
687,8.1,1,2,1,84,4.3,Yes,NotPlaced
688,7.5,1,2,0,87,4.6,Yes,Placed
689,8.3,1,2,1,73,3.9,Yes,NotPlaced
690,6.5,2,3,2,74,4.2,No,NotPlaced
691,8.5,2,2,2,84,4.5,Yes,Placed
692,7.5,0,2,1,62,4.5,No,NotPlaced
693,8.2,1,3,2,83,4.7,Yes,Placed
694,8.3,1,3,0,90,4.7,Yes,Placed
695,7.2,1,2,0,81,4.3,Yes,NotPlaced
696,7.1,2,3,2,90,4.4,Yes,Placed
697,7.6,1,2,0,70,3.4,Yes,NotPlaced
698,7.7,1,2,1,74,4.1,Yes,NotPlaced
699,8.7,2,3,3,81,4.2,Yes,Placed
700,6.7,0,1,1,69,4.4,No,NotPlaced
701,7.9,1,3,0,79,3.7,Yes,NotPlaced
702,8.4,2,1,1,87,4.8,Yes,NotPlaced
703,6.9,0,1,0,67,3.9,No,NotPlaced
704,7.7,1,2,0,78,3.6,Yes,NotPlaced
705,8.4,2,3,2,90,4.7,Yes,Placed
706,7.8,0,1,0,78,4,No,NotPlaced
707,8.1,2,3,0,81,4.8,Yes,NotPlaced
708,8.5,1,1,2,82,3.4,No,NotPlaced
709,7.7,2,3,2,78,4.8,No,NotPlaced
710,8.4,1,3,1,79,4.1,Yes,Placed
711,8.4,2,3,2,84,4.5,Yes,Placed
712,6.5,1,2,1,70,3.8,No,NotPlaced
713,7.5,1,1,0,81,4.6,Yes,NotPlaced
714,7.4,1,1,1,75,4.2,Yes,NotPlaced
715,8.7,1,3,2,90,4.8,Yes,Placed
716,6.7,1,1,1,66,3.4,Yes,NotPlaced
717,8.5,2,3,2,88,4.3,Yes,NotPlaced
718,6.9,1,1,1,74,4.4,No,NotPlaced
719,8.1,2,3,2,87,4.4,Yes,Placed
720,8.3,2,2,0,90,4.6,Yes,Placed
721,8.1,1,3,2,90,4.6,Yes,Placed
722,7.6,1,2,0,86,4,Yes,NotPlaced
723,7.9,1,2,2,90,4.3,Yes,Placed
724,6.5,1,3,2,75,4.7,No,NotPlaced
725,7.8,0,3,0,76,3.7,Yes,Placed
726,6.8,1,2,0,67,4.8,No,NotPlaced
727,8.3,0,1,2,84,4.7,Yes,Placed
728,8.7,1,3,2,90,4.7,Yes,Placed
729,7.4,0,2,0,71,4,Yes,Placed
730,7.9,0,2,0,69,4.2,No,NotPlaced
731,8.1,2,3,2,90,4.8,Yes,Placed
732,7.9,2,3,2,90,4.8,Yes,Placed
733,6.5,1,1,1,82,3.4,No,NotPlaced
734,6.7,1,1,1,65,4,Yes,NotPlaced
735,8.2,0,1,0,71,4.8,No,NotPlaced
736,8.1,2,3,2,87,4.6,Yes,Placed
737,7,1,1,1,70,4.8,No,NotPlaced
738,7,1,1,1,65,3,No,NotPlaced
739,7.7,1,2,0,78,3.6,Yes,Placed
740,6.5,2,1,0,79,3.6,No,NotPlaced
741,8,1,2,0,81,4.2,Yes,NotPlaced
742,7.9,2,3,2,80,4.3,Yes,Placed
743,8.3,1,3,2,86,4.8,Yes,Placed
744,6.7,1,1,0,78,3.1,Yes,NotPlaced
745,8.4,1,1,2,81,3.9,Yes,Placed
746,8.2,2,2,1,74,4.5,Yes,NotPlaced
747,7.9,1,1,1,65,4.3,No,NotPlaced
748,8.3,1,1,2,81,4.6,No,NotPlaced
749,8.6,2,2,2,84,4,Yes,NotPlaced
750,7.5,1,1,0,72,4.1,Yes,NotPlaced
751,8.1,1,2,3,86,4.5,Yes,Placed
752,8.2,2,3,1,79,4.8,Yes,Placed
753,8.4,2,1,2,77,4.5,Yes,NotPlaced
754,6.9,1,2,1,73,4.5,No,NotPlaced
755,6.8,1,1,0,67,4.3,No,NotPlaced
756,7.8,1,2,3,87,4.4,Yes,NotPlaced
757,8.1,1,3,1,89,4.7,Yes,Placed
758,7.7,0,1,1,76,3.9,No,NotPlaced
759,7.6,0,1,0,66,3.5,No,NotPlaced
760,8.6,1,2,0,74,4.4,No,Placed
761,7.5,1,1,0,79,3.7,No,NotPlaced
762,8.3,0,1,1,72,3.5,No,NotPlaced
763,7.7,1,1,0,70,3.9,Yes,NotPlaced
764,7.6,1,1,0,70,3.5,No,NotPlaced
765,7.5,1,3,0,80,4,Yes,NotPlaced
766,8.1,2,3,2,90,4.8,Yes,Placed
767,7.8,1,3,2,81,4.2,Yes,Placed
768,8.4,1,3,1,79,4.4,Yes,Placed
769,8,2,3,2,90,4.8,Yes,Placed
770,8.1,2,3,2,90,4.8,Yes,Placed
771,7.6,2,3,2,84,4.6,Yes,Placed
772,6.8,0,3,1,82,4.2,Yes,NotPlaced
773,7.3,1,2,2,73,4.7,Yes,NotPlaced
774,6.6,0,1,1,63,3.8,No,NotPlaced
775,6.6,1,1,0,72,3.9,Yes,NotPlaced
776,8.4,1,2,0,71,4.5,Yes,Placed
777,8.1,0,3,2,90,4.2,Yes,Placed
778,8.1,2,3,2,90,4.8,Yes,Placed
779,7.5,2,2,0,79,4.5,Yes,Placed
780,7.7,1,3,0,79,4.8,Yes,NotPlaced
781,8.4,0,1,0,90,4.6,Yes,Placed
782,7.5,0,2,0,82,4.8,Yes,Placed
783,7.8,0,1,1,69,4.2,No,NotPlaced
784,8.4,2,3,1,89,4.6,Yes,NotPlaced
785,6.6,1,1,1,69,4.6,No,NotPlaced
786,8.3,2,3,1,86,4.7,No,NotPlaced
787,7.4,1,1,1,67,4.5,No,NotPlaced
788,8.2,1,3,2,87,4.7,Yes,Placed
789,6.5,1,1,1,78,4,No,NotPlaced
790,7.6,1,2,1,82,4.7,Yes,NotPlaced
791,8.3,1,3,3,86,4.8,Yes,Placed
792,6.5,0,1,0,72,3.6,No,NotPlaced
793,6.5,1,1,0,76,3.9,Yes,NotPlaced
794,6.5,1,2,0,77,4.6,Yes,NotPlaced
795,8.4,1,3,2,68,3.6,Yes,Placed
796,8.6,1,3,0,81,4.8,Yes,Placed
797,8.3,1,3,2,82,4.6,No,NotPlaced
798,8.4,1,2,2,75,4.1,Yes,NotPlaced
799,7.6,0,1,0,65,4.1,No,NotPlaced
800,8.3,2,3,2,90,4.8,Yes,Placed
801,7.7,0,1,2,76,4.6,Yes,NotPlaced
802,6.5,0,1,1,71,4.4,Yes,NotPlaced
803,7.6,1,1,0,70,4,Yes,NotPlaced
804,7.7,1,1,0,79,3.9,Yes,NotPlaced
805,8.2,1,3,2,71,4.8,Yes,NotPlaced
806,7.6,1,2,1,89,4.5,No,NotPlaced
807,7.3,1,3,2,83,4.7,Yes,Placed
808,8.3,2,2,1,81,4.3,Yes,NotPlaced
809,8.4,1,3,2,90,4.7,Yes,Placed
810,7.5,1,1,1,80,3.8,No,NotPlaced
811,7.7,1,2,0,78,4.4,Yes,NotPlaced
812,7.6,1,1,0,79,3.9,No,NotPlaced
813,7.1,1,2,0,70,4,No,NotPlaced
814,7.9,1,1,1,86,4.3,Yes,NotPlaced
815,6.6,0,1,1,72,4.1,Yes,NotPlaced
816,8.2,2,2,1,90,4.8,Yes,Placed
817,7.4,1,2,2,85,3.5,Yes,Placed
818,8.4,1,3,2,78,4.8,No,NotPlaced
819,6.8,0,3,2,76,3.9,Yes,NotPlaced
820,7.7,1,2,2,90,4.8,No,NotPlaced
821,7.9,1,2,1,82,4.5,Yes,NotPlaced
822,8.1,1,3,1,88,4.4,Yes,Placed
823,8.4,2,3,2,90,4.5,Yes,Placed
824,7.3,0,2,1,74,3.7,No,NotPlaced
825,8.2,2,3,2,87,4.8,Yes,Placed
826,7.6,1,1,1,68,4.2,No,NotPlaced
827,6.7,1,3,1,88,4.3,No,NotPlaced
828,7.1,0,2,0,80,3.8,Yes,NotPlaced
829,8.3,1,3,3,90,4.8,Yes,Placed
830,7.4,0,1,1,69,3.5,No,NotPlaced
831,8.6,0,3,2,88,4.8,Yes,Placed
832,6.7,1,2,1,60,4.1,No,NotPlaced
833,8,1,2,0,87,4.4,Yes,Placed
834,6.5,1,1,1,67,4.3,No,NotPlaced
835,7.1,0,1,1,71,4,Yes,NotPlaced
836,6.7,0,1,0,83,4.4,No,NotPlaced
837,6.5,0,1,1,63,3.7,No,NotPlaced
838,7.7,1,1,2,85,4.7,Yes,NotPlaced
839,6.5,1,2,0,69,3.4,No,NotPlaced
840,6.5,1,2,0,67,4.4,No,NotPlaced
841,7.7,0,1,1,65,4,No,NotPlaced
842,8,2,3,2,90,4.7,Yes,Placed
843,6.5,1,1,0,70,4.8,Yes,Placed
844,7.1,1,1,1,72,4.3,Yes,NotPlaced
845,7.4,0,2,0,88,3.6,No,NotPlaced
846,8,1,1,2,85,4.5,Yes,Placed
847,6.5,1,1,1,75,3.9,No,NotPlaced
848,7.5,2,1,2,79,3.9,Yes,NotPlaced
849,8.9,1,2,0,77,4.5,Yes,NotPlaced
850,8.3,2,1,0,86,4.8,No,NotPlaced
851,8.4,1,3,2,90,4.8,Yes,NotPlaced
852,6.6,0,2,1,70,3.2,Yes,NotPlaced
853,6.6,1,1,1,75,3.6,No,Placed
854,8.1,2,3,1,75,3.7,Yes,Placed
855,6.5,2,3,2,81,3.5,No,Placed
856,7.6,0,1,1,85,4.1,Yes,Placed
857,6.5,1,2,0,79,4.6,No,Placed
858,6.5,0,3,2,90,4.8,Yes,Placed
859,8.6,2,3,2,90,4.8,Yes,Placed
860,6.5,1,2,0,84,4.3,Yes,NotPlaced
861,8,1,1,0,84,3.9,No,NotPlaced
862,7.6,0,1,1,84,4.3,No,NotPlaced
863,7.4,0,1,1,65,4.7,No,NotPlaced
864,8.4,2,3,0,75,4.8,No,Placed
865,8.4,1,3,0,77,4.7,Yes,Placed
866,7.5,1,2,1,69,3.8,Yes,NotPlaced
867,6.5,1,1,0,75,4.7,Yes,Placed
868,8.2,2,3,1,70,3.8,No,NotPlaced
869,7.4,1,2,1,67,4.2,Yes,NotPlaced
870,8.4,1,3,2,88,4.8,Yes,Placed
871,7.2,1,1,1,69,4.3,No,NotPlaced
872,7.5,1,1,0,74,4.2,No,NotPlaced
873,6.5,1,2,0,71,4.3,Yes,NotPlaced
874,8.6,2,3,2,90,4.8,Yes,Placed
875,6.5,1,1,2,71,4.1,Yes,NotPlaced
876,7.7,1,1,1,71,4.3,No,NotPlaced
877,8.7,1,3,2,90,4.8,Yes,Placed
878,6.5,0,1,0,65,3.5,Yes,NotPlaced
879,8.1,1,3,1,90,4.8,Yes,Placed
880,7.6,1,2,1,68,4.5,Yes,NotPlaced
881,8.7,2,3,1,77,4.3,Yes,NotPlaced
882,7.7,0,1,1,71,4,No,NotPlaced
883,8.7,1,3,2,88,4.8,Yes,Placed
884,7.1,1,2,0,77,3.7,Yes,Placed
885,6.6,1,2,1,74,3.7,No,NotPlaced
886,6.5,0,2,0,78,4.5,Yes,Placed
887,7.6,1,2,0,60,3.9,No,NotPlaced
888,7.4,1,1,1,81,3.8,Yes,NotPlaced
889,8,1,1,0,83,4.7,Yes,Placed
890,7.6,1,3,1,83,4.8,No,Placed
891,8.3,2,3,2,90,4.7,Yes,Placed
892,7,0,1,0,82,4.4,No,NotPlaced
893,7.9,1,1,2,74,4.8,No,NotPlaced
894,6.5,0,3,1,67,3.5,Yes,Placed
895,7.6,1,1,0,74,4,Yes,NotPlaced
896,7.4,1,1,1,68,4.7,Yes,NotPlaced
897,7.1,1,2,0,84,4.6,Yes,Placed
898,6.5,1,1,0,68,4.1,Yes,NotPlaced
899,8.5,1,3,1,77,4.7,Yes,NotPlaced
900,8.4,0,3,2,89,4.1,Yes,Placed
901,8.6,2,3,3,87,4.7,Yes,Placed
902,8,1,2,1,81,4.4,Yes,Placed
903,8,1,1,1,77,3.7,Yes,NotPlaced
904,8.5,2,2,0,86,4.3,Yes,Placed
905,8.2,0,3,0,71,4.7,Yes,Placed
906,7.6,0,1,1,81,4.3,No,NotPlaced
907,8.3,2,3,0,79,4.5,No,NotPlaced
908,6.8,1,2,2,82,3.9,Yes,Placed
909,7.8,2,3,1,86,4.4,Yes,NotPlaced
910,8.6,1,3,1,87,4.6,Yes,Placed
911,7.8,2,3,0,82,4.3,Yes,Placed
912,8.2,1,3,2,75,4.5,Yes,NotPlaced
913,8.3,0,3,2,84,4.3,No,NotPlaced
914,7.6,1,3,0,80,4.3,Yes,NotPlaced
915,7.6,1,1,0,81,4.5,No,NotPlaced
916,6.5,1,1,0,78,3.5,Yes,NotPlaced
917,6.5,1,1,1,64,4,Yes,NotPlaced
918,7.5,2,2,0,89,4.8,Yes,Placed
919,7.4,2,1,0,77,4.3,No,Placed
920,7.8,0,3,0,69,4.2,Yes,Placed
921,7.7,1,2,1,66,3.4,Yes,NotPlaced
922,7.7,2,1,1,90,4.5,Yes,Placed
923,8.2,1,1,0,76,4.7,Yes,NotPlaced
924,7.2,1,1,0,78,4.2,No,NotPlaced
925,7.5,0,1,2,89,4,Yes,NotPlaced
926,7.5,0,1,0,66,3.5,No,NotPlaced
927,7.3,0,1,1,74,4.1,No,NotPlaced
928,7.1,1,2,0,85,4.2,Yes,Placed
929,8,2,3,3,80,4.8,Yes,NotPlaced
930,7.7,0,1,0,69,3.9,Yes,NotPlaced
931,7.5,2,3,1,86,4.4,Yes,Placed
932,7.7,0,1,0,76,3.4,No,NotPlaced
933,7.5,1,1,0,70,4.3,Yes,NotPlaced
934,7.9,1,3,2,81,4.8,Yes,Placed
935,6.6,1,1,1,70,4.6,Yes,Placed
936,6.5,0,1,0,75,4.1,Yes,NotPlaced
937,8.4,2,3,3,87,4.8,Yes,Placed
938,8.4,2,3,2,90,4.8,Yes,NotPlaced
939,7.3,1,1,0,65,4,Yes,NotPlaced
940,7.6,1,2,0,66,3.8,No,NotPlaced
941,8.2,1,3,2,90,4.6,Yes,Placed
942,8.3,1,3,0,75,3.9,Yes,Placed
943,6.5,2,3,0,82,4.3,Yes,NotPlaced
944,8.3,1,2,2,71,4.5,Yes,Placed
945,7.2,0,2,2,90,4.8,Yes,Placed
946,7.7,0,1,0,67,3.5,No,NotPlaced
947,7.8,0,2,1,66,3.6,Yes,NotPlaced
948,8.4,2,3,2,90,4.8,Yes,Placed
949,8.1,1,2,0,88,4.6,Yes,Placed
950,8,0,3,0,88,4.6,Yes,Placed
951,8.3,1,1,1,64,4.1,No,NotPlaced
952,6.7,1,2,1,78,4.4,No,NotPlaced
953,6.6,1,2,0,71,3.8,Yes,NotPlaced
954,7.6,0,1,1,65,4.1,No,NotPlaced
955,7.5,1,1,0,70,3.9,No,NotPlaced
956,6.5,1,1,0,82,3.9,Yes,NotPlaced
957,8.3,1,2,2,82,4.6,Yes,Placed
958,6.5,0,2,1,69,4.7,Yes,NotPlaced
959,7.9,2,3,2,87,4.5,Yes,NotPlaced
960,6.6,1,3,0,81,4.4,Yes,NotPlaced
961,8.1,2,3,2,90,4.7,Yes,Placed
962,7.3,1,1,1,83,3.9,No,NotPlaced
963,6.6,0,1,1,67,4.5,No,NotPlaced
964,7.6,1,1,0,81,3.8,Yes,NotPlaced
965,6.5,1,1,1,62,3.4,Yes,NotPlaced
966,7.5,0,1,0,71,4.1,No,NotPlaced
967,7.4,1,1,1,63,4.2,Yes,NotPlaced
968,6.5,1,2,0,66,4,No,NotPlaced
969,7.6,1,2,0,73,4,Yes,NotPlaced
970,6.8,1,1,1,78,4.1,No,NotPlaced
971,8.8,2,3,2,90,4.8,Yes,Placed
972,6.7,1,2,0,77,4.4,Yes,NotPlaced
973,7.3,1,1,2,66,4.6,Yes,Placed
974,7.6,1,2,1,81,4,Yes,NotPlaced
975,7.7,1,2,1,69,4.1,Yes,NotPlaced
976,8,2,2,2,83,4.5,Yes,NotPlaced
977,7.9,0,1,2,86,4.3,Yes,Placed
978,8.4,1,3,0,73,4.6,Yes,NotPlaced
979,7.5,1,1,0,69,4.3,No,NotPlaced
980,6.6,1,2,0,88,4,No,NotPlaced
981,8.3,2,3,2,90,4.8,Yes,Placed
982,7.4,2,3,2,71,4.8,Yes,Placed
983,6.8,1,2,0,79,3.4,Yes,NotPlaced
984,8.4,1,3,2,90,4.8,Yes,Placed
985,8.3,1,1,2,88,4.1,No,Placed
986,7.9,2,1,2,89,4.8,No,NotPlaced
987,7.5,1,1,0,66,3.8,No,NotPlaced
988,8.2,2,1,1,69,4.5,No,NotPlaced
989,6.9,1,2,0,85,4.8,Yes,Placed
990,6.7,0,1,0,71,4.3,No,NotPlaced
991,7.6,0,3,2,85,3.7,Yes,NotPlaced
992,7.9,1,2,2,76,4.5,Yes,NotPlaced
993,7.8,1,1,2,82,4.3,Yes,Placed
994,8.1,2,3,2,78,4.5,Yes,Placed
995,8.6,2,3,0,89,4.8,Yes,Placed
996,7.7,1,2,1,76,4.7,Yes,NotPlaced
997,8.2,2,3,2,90,4.8,Yes,Placed
998,8,1,2,2,89,4.5,Yes,Placed
999,7.4,1,2,0,78,4.6,No,NotPlaced
1000,7.6,1,2,0,60,4.1,Yes,NotPlaced
1001,7.8,0,2,0,70,4.3,No,NotPlaced
1002,7.6,1,2,1,78,4.3,Yes,NotPlaced
1003,8.1,2,2,1,88,4.8,Yes,NotPlaced
1004,8.1,0,1,0,85,4.5,Yes,Placed
1005,8.6,1,1,2,75,4.5,Yes,NotPlaced
1006,7.8,1,2,2,76,4,Yes,NotPlaced
1007,8.3,0,3,2,75,3.8,Yes,Placed
1008,7.3,1,1,1,76,4.1,Yes,NotPlaced
1009,7.1,0,1,0,68,3.6,Yes,Placed
1010,8.2,2,3,2,90,4.6,No,NotPlaced
1011,7.5,1,1,0,81,4.5,Yes,Placed
1012,8.4,1,1,1,70,4.8,No,NotPlaced
1013,6.8,1,2,1,81,4,Yes,NotPlaced
1014,8.7,2,3,2,90,4.8,Yes,Placed
1015,8,2,2,2,83,3.3,Yes,NotPlaced
1016,8.6,1,3,1,83,4.7,Yes,Placed
1017,8.1,2,3,3,76,4.5,Yes,NotPlaced
1018,6.5,1,1,0,70,4.2,No,NotPlaced
1019,8.4,0,3,0,84,4.8,Yes,Placed
1020,8.3,0,3,2,78,4.3,No,NotPlaced
1021,7.8,2,2,2,81,4.8,Yes,Placed
1022,7.5,1,2,1,79,4.6,Yes,NotPlaced
1023,8.3,2,3,2,90,4.8,Yes,Placed
1024,7.4,1,1,0,64,4.7,Yes,NotPlaced
1025,8.1,1,1,1,72,4.6,No,NotPlaced
1026,7.9,2,3,2,85,4.7,Yes,Placed
1027,7.8,1,3,2,87,4.3,Yes,Placed
1028,7,1,1,2,81,4.8,No,NotPlaced
1029,8.3,1,1,0,80,4.4,No,NotPlaced
1030,6.9,1,1,0,70,4.6,Yes,Placed
1031,8.2,1,2,0,83,4.8,No,Placed
1032,7.9,1,1,0,81,4.6,No,Placed
1033,7.8,2,3,1,73,4.3,Yes,Placed
1034,7.7,1,2,1,85,4.6,Yes,Placed
1035,8.5,2,2,2,80,4.8,Yes,Placed
1036,7.7,1,2,0,71,4.5,Yes,NotPlaced
1037,8.3,2,3,2,87,4.8,Yes,Placed
1038,8.4,1,3,2,89,4.2,Yes,Placed
1039,7.5,1,1,1,71,4,Yes,NotPlaced
1040,7.4,1,2,3,71,4.8,Yes,NotPlaced
1041,8.2,2,1,0,74,4.5,Yes,NotPlaced
1042,7.9,1,2,2,88,4.8,Yes,Placed
1043,8.3,2,3,2,90,4.8,Yes,NotPlaced
1044,6.5,0,1,0,75,4.5,No,NotPlaced
1045,7.6,1,2,0,76,3.8,Yes,Placed
1046,8.1,2,3,3,90,4.7,Yes,Placed
1047,7.7,2,3,0,87,4.4,Yes,NotPlaced
1048,8.3,1,1,1,71,4.8,Yes,NotPlaced
1049,7.7,1,1,1,71,4.2,Yes,NotPlaced
1050,8.5,1,3,2,88,4.2,Yes,Placed
1051,8,2,3,2,90,4.8,Yes,Placed
1052,7.5,1,1,1,64,3.3,No,NotPlaced
1053,8.7,0,1,2,90,4.5,Yes,Placed
1054,8.3,1,2,1,71,3.9,No,NotPlaced
1055,8,2,3,2,90,4.3,Yes,Placed
1056,7.7,0,2,0,73,4.2,Yes,Placed
1057,7.8,1,1,1,72,4.3,Yes,NotPlaced
1058,8.5,2,3,2,89,4.8,Yes,Placed
1059,7.5,1,1,0,77,3.9,Yes,NotPlaced
1060,8.2,1,2,3,82,4.6,Yes,NotPlaced
1061,8.7,2,3,2,90,4.8,Yes,Placed
1062,7.5,1,1,2,75,3.5,Yes,NotPlaced
1063,7.6,0,2,2,67,4,Yes,NotPlaced
1064,6.5,1,1,0,80,3.8,No,Placed
1065,7.7,1,1,1,77,4.1,Yes,NotPlaced
1066,8.6,0,3,2,73,4.2,No,Placed
1067,6.5,0,1,1,82,4.5,No,NotPlaced
1068,7.6,2,2,2,67,4.7,No,NotPlaced
1069,7.5,2,1,2,80,4,No,NotPlaced
1070,6.5,1,1,1,70,3.8,No,NotPlaced
1071,7.6,1,2,0,82,4,No,NotPlaced
1072,7.9,0,3,1,86,4.6,No,Placed
1073,6.5,1,1,1,77,3.9,Yes,NotPlaced
1074,8.3,2,3,2,90,4.7,Yes,NotPlaced
1075,8.1,2,3,2,90,4.8,Yes,Placed
1076,7.5,1,2,2,71,4.1,Yes,Placed
1077,6.8,1,1,0,85,4.3,Yes,NotPlaced
1078,7.4,1,1,0,78,3.9,No,NotPlaced
1079,6.6,1,2,0,77,4.1,Yes,NotPlaced
1080,8.4,1,2,2,77,4.5,Yes,NotPlaced
1081,8.8,1,1,2,87,4.4,Yes,Placed
1082,7.8,0,1,0,79,4.1,Yes,Placed
1083,7.4,0,2,0,86,3.8,Yes,NotPlaced
1084,7.4,0,1,1,73,4.4,No,NotPlaced
1085,7.6,1,1,3,79,4.8,Yes,NotPlaced
1086,8.3,1,3,2,90,4.8,Yes,Placed
1087,8.4,0,3,0,75,4.6,Yes,Placed
1088,7.2,0,1,0,60,3.8,No,NotPlaced
1089,8.2,2,3,2,86,4.7,Yes,Placed
1090,8.5,2,3,2,90,4.8,Yes,Placed
1091,7.7,1,1,0,70,4.3,Yes,NotPlaced
1092,8.7,1,2,2,77,4.3,Yes,Placed
1093,8.8,1,3,2,82,4.8,Yes,NotPlaced
1094,8.7,1,2,0,78,4.4,Yes,Placed
1095,8.8,2,3,2,90,4.8,Yes,Placed
1096,8.4,1,3,3,90,4.7,Yes,Placed
1097,8.1,2,3,2,90,4.6,Yes,Placed
1098,7.6,1,2,0,81,4.5,Yes,NotPlaced
1099,7.4,1,1,0,74,3.8,Yes,NotPlaced
1100,8.1,0,3,2,90,4.7,Yes,Placed
1101,7.8,1,1,2,81,4.8,Yes,Placed
1102,7.5,0,2,0,78,4.4,Yes,NotPlaced
1103,8.1,0,2,3,71,4.2,No,NotPlaced
1104,7.4,1,1,1,80,4.5,Yes,NotPlaced
1105,7.5,0,1,1,67,3.6,No,NotPlaced
1106,7.7,1,3,2,90,4.7,Yes,Placed
1107,7.6,1,2,2,78,4.4,Yes,NotPlaced
1108,6.5,0,1,0,78,3.9,No,NotPlaced
1109,7.3,1,1,2,82,4.2,Yes,NotPlaced
1110,8.3,2,3,2,89,4.4,Yes,Placed
1111,7.5,1,1,0,72,3.4,No,NotPlaced
1112,8.7,2,1,3,73,4.6,Yes,Placed
1113,7.4,1,3,1,87,3.6,No,NotPlaced
1114,7.8,2,1,0,84,4.2,Yes,Placed
1115,8,1,3,2,89,4.8,Yes,NotPlaced
1116,7.3,1,1,1,75,3.7,Yes,NotPlaced
1117,8.3,0,1,0,79,3.5,Yes,Placed
1118,7.8,1,1,1,78,4.5,Yes,NotPlaced
1119,8.2,1,3,2,90,4.8,Yes,Placed
1120,8.4,2,2,2,87,4.7,Yes,NotPlaced
1121,8.5,1,1,0,75,4.5,Yes,NotPlaced
1122,7.4,0,2,1,83,4.5,Yes,Placed
1123,7.2,1,1,1,83,4.4,No,NotPlaced
1124,6.9,1,2,1,70,4.1,No,NotPlaced
1125,8.5,0,3,3,87,4.7,Yes,NotPlaced
1126,7.8,2,3,2,90,4.3,Yes,Placed
1127,7.5,0,3,1,84,4.2,Yes,NotPlaced
1128,6.5,1,1,0,68,4.5,No,NotPlaced
1129,6.7,0,1,0,60,3.9,Yes,NotPlaced
1130,7.3,1,2,2,79,4.6,No,Placed
1131,7.4,1,2,1,63,3.6,Yes,NotPlaced
1132,8.6,2,3,2,90,4.8,Yes,Placed
1133,6.5,1,2,0,84,4.2,No,NotPlaced
1134,7.7,1,2,0,85,4.3,Yes,NotPlaced
1135,6.7,1,1,1,67,3.7,No,NotPlaced
1136,7.4,0,1,1,68,4.1,Yes,NotPlaced
1137,7.7,1,2,0,88,4.8,Yes,Placed
1138,8.7,2,3,0,86,4.8,Yes,Placed
1139,7.8,2,3,2,90,4.7,Yes,Placed
1140,8,2,3,2,90,4.8,Yes,NotPlaced
1141,7.7,2,1,1,79,4.6,Yes,Placed
1142,8.3,1,3,2,87,4.6,Yes,NotPlaced
1143,7.5,1,3,0,86,4.4,Yes,Placed
1144,8.3,2,3,2,81,4.8,Yes,Placed
1145,8.1,1,1,1,71,4.7,Yes,NotPlaced
1146,8.5,0,3,2,90,4.8,Yes,Placed
1147,8.6,2,3,0,85,4.8,Yes,Placed
1148,7.9,1,1,2,90,4.8,Yes,NotPlaced
1149,8.1,1,2,0,85,4.3,Yes,Placed
1150,6.9,1,1,0,71,4.5,Yes,NotPlaced
1151,6.8,2,3,3,87,4,Yes,NotPlaced
1152,7.7,1,1,0,84,4.7,Yes,Placed
1153,6.7,1,3,0,86,4.1,No,NotPlaced
1154,6.5,1,2,1,76,4.5,Yes,NotPlaced
1155,8.1,2,3,2,85,4.6,Yes,Placed
1156,7.5,0,1,1,78,3.9,Yes,NotPlaced
1157,8.4,2,3,0,85,4.2,Yes,NotPlaced
1158,6.8,1,1,0,76,4.5,No,Placed
1159,7.9,1,3,1,84,3.9,Yes,NotPlaced
1160,6.5,1,1,0,71,4.1,No,NotPlaced
1161,7.8,1,3,0,88,4.8,Yes,Placed
1162,6.5,0,2,1,60,3.5,No,NotPlaced
1163,7.8,0,1,1,77,4.8,Yes,NotPlaced
1164,7.8,0,1,0,61,4,No,NotPlaced
1165,6.5,1,1,0,67,3.8,Yes,NotPlaced
1166,8.3,1,3,2,76,4.8,Yes,Placed
1167,8.3,0,3,1,71,3.4,Yes,NotPlaced
1168,7.6,1,3,1,70,4.5,Yes,NotPlaced
1169,8,1,3,2,90,4.8,Yes,NotPlaced
1170,7.5,0,1,0,74,4.1,No,NotPlaced
1171,6.5,0,1,0,73,4,Yes,NotPlaced
1172,8.5,1,3,1,83,4.7,Yes,Placed
1173,7.6,1,1,2,78,4.2,No,NotPlaced
1174,7.7,2,3,1,85,4.2,No,Placed
1175,7.5,1,1,3,68,3.6,No,NotPlaced
1176,8,2,1,0,83,4.4,Yes,Placed
1177,8.2,0,1,2,88,4.6,No,Placed
1178,7.3,1,2,1,71,4.8,Yes,NotPlaced
1179,8.8,2,1,2,85,4.8,Yes,Placed
1180,8.1,1,3,2,90,4.8,Yes,Placed
1181,8.1,2,2,2,82,4.7,Yes,NotPlaced
1182,6.5,1,1,0,81,4.3,Yes,NotPlaced
1183,7.7,1,3,2,74,4.4,Yes,NotPlaced
1184,7.9,2,3,1,90,4,Yes,Placed
1185,6.9,0,2,1,76,3.7,No,NotPlaced
1186,6.8,1,1,3,72,4.3,Yes,NotPlaced
1187,7.6,1,1,0,71,3.8,No,NotPlaced
1188,7.7,1,1,0,88,4.7,Yes,NotPlaced
1189,8.6,2,3,2,90,4.3,No,Placed
1190,8,1,3,2,86,4.6,Yes,Placed
1191,6.5,2,3,0,85,4,No,NotPlaced
1192,7.8,1,2,1,70,4.1,Yes,NotPlaced
1193,7.6,1,1,1,77,4.5,No,NotPlaced
1194,7.6,1,1,2,73,3.6,Yes,NotPlaced
1195,8.1,2,3,2,90,4.8,Yes,Placed
1196,6.9,2,1,0,78,4.8,Yes,NotPlaced
1197,6.8,1,1,0,78,3.7,Yes,Placed
1198,7.2,1,1,0,69,4,No,NotPlaced
1199,8.4,0,1,0,73,4.4,No,NotPlaced
1200,8.2,0,3,2,87,4.8,Yes,Placed
1201,6.7,1,1,2,90,4.2,No,NotPlaced
1202,6.9,1,1,2,81,4.5,Yes,Placed
1203,7.5,1,1,1,77,4.5,Yes,Placed
1204,7.7,1,2,1,75,3.8,No,NotPlaced
1205,7.4,0,2,0,78,4.4,Yes,NotPlaced
1206,7.2,1,2,1,69,3.1,Yes,NotPlaced
1207,7.5,1,1,1,66,3.7,Yes,NotPlaced
1208,8.1,1,1,2,77,4.8,Yes,Placed
1209,7.5,1,2,1,78,4.4,Yes,NotPlaced
1210,8.3,2,3,0,89,4.6,Yes,Placed
1211,7.9,1,2,0,89,4.8,Yes,NotPlaced
1212,8.1,1,2,1,72,4.2,Yes,NotPlaced
1213,8.2,1,3,2,90,4.8,Yes,Placed
1214,7.4,0,1,0,75,3.8,No,NotPlaced
1215,7.7,1,2,0,73,4.3,Yes,NotPlaced
1216,6.9,1,3,2,82,3.5,Yes,Placed
1217,7.6,2,2,0,89,3.8,No,NotPlaced
1218,7.5,1,2,0,75,3.7,Yes,NotPlaced
1219,8.7,0,1,3,72,4.8,Yes,Placed
1220,7.7,2,1,1,64,4.2,Yes,NotPlaced
1221,8.3,1,2,0,74,4.7,Yes,Placed
1222,7.5,1,1,1,76,3.9,No,NotPlaced
1223,6.9,1,3,2,86,4.4,Yes,Placed
1224,8,1,2,0,79,4.4,No,NotPlaced
1225,8.3,2,3,0,90,4.6,Yes,Placed
1226,7.6,1,1,1,70,3.6,Yes,Placed
1227,8.9,2,1,2,90,3.7,Yes,Placed
1228,7.5,1,3,0,82,4.5,Yes,Placed
1229,8.3,1,2,0,79,4.3,Yes,Placed
1230,6.7,1,2,0,71,3.8,Yes,NotPlaced
1231,6.5,1,1,0,75,4.5,No,NotPlaced
1232,7.7,0,3,2,90,4.8,Yes,Placed
1233,7,0,1,2,72,4,Yes,NotPlaced
1234,8.6,2,3,2,90,4.8,No,Placed
1235,7.6,1,2,1,82,4.7,Yes,NotPlaced
1236,8.5,1,1,1,81,4.7,Yes,Placed
1237,8.4,0,3,2,74,4.5,Yes,Placed
1238,8.8,1,3,2,74,4.3,Yes,Placed
1239,8.4,1,3,2,87,4.8,Yes,Placed
1240,7.4,1,1,0,78,4.5,Yes,Placed
1241,8.2,1,3,2,90,4.4,Yes,Placed
1242,7.1,1,1,0,76,3.9,No,NotPlaced
1243,8.3,0,1,2,90,4.8,Yes,Placed
1244,8.4,0,2,1,82,4.7,Yes,NotPlaced
1245,6.5,0,2,0,78,4.3,Yes,NotPlaced
1246,7.2,1,1,1,90,4.5,Yes,NotPlaced
1247,8.4,2,2,2,79,4.7,Yes,Placed
1248,7.7,1,3,2,90,4.8,Yes,Placed
1249,7.3,0,2,0,69,3.8,Yes,NotPlaced
1250,6.5,1,1,1,62,4.1,Yes,NotPlaced
1251,8.3,1,1,0,75,4,No,NotPlaced
1252,7.2,0,1,0,79,3.8,Yes,NotPlaced
1253,8.2,2,3,2,90,4.8,Yes,Placed
1254,7.4,1,1,1,80,4.3,No,NotPlaced
1255,8.4,1,3,2,90,4.8,Yes,Placed
1256,7.6,1,3,0,83,4.3,Yes,Placed
1257,7.6,1,1,1,77,4.1,Yes,NotPlaced
1258,7.5,2,2,3,70,4.2,Yes,Placed
1259,8.1,2,3,2,86,4.8,Yes,Placed
1260,7.6,1,2,1,76,4.3,Yes,Placed
1261,8.3,2,3,2,81,4.7,No,Placed
1262,7.7,2,3,2,90,4.8,Yes,NotPlaced
1263,7.4,1,2,2,83,4.4,Yes,Placed
1264,8.5,1,2,2,78,4.8,Yes,NotPlaced
1265,8.4,1,1,1,69,4.1,Yes,NotPlaced
1266,8.6,1,3,1,90,4.8,Yes,NotPlaced
1267,7.9,0,2,2,85,4,Yes,Placed
1268,7.6,1,1,1,84,4.5,Yes,NotPlaced
1269,7.5,1,2,0,80,4,Yes,NotPlaced
1270,8,2,3,1,85,4.8,Yes,NotPlaced
1271,8.2,0,1,2,86,4.4,No,Placed
1272,7.5,1,1,0,68,4.1,Yes,NotPlaced
1273,8.6,0,3,2,85,4.6,Yes,Placed
1274,8.1,1,1,2,72,4.1,No,NotPlaced
1275,8.1,2,3,2,90,4.8,Yes,Placed
1276,8.5,2,3,0,90,4.8,Yes,Placed
1277,8.6,2,2,2,90,4.8,Yes,Placed
1278,6.5,1,3,2,89,4.6,Yes,NotPlaced
1279,6.5,0,1,0,61,3.7,No,NotPlaced
1280,7.7,0,1,0,63,4,No,Placed
1281,8.2,1,1,1,80,4.3,No,NotPlaced
1282,7.7,1,3,0,81,4.1,Yes,Placed
1283,8.2,0,1,1,80,4.8,Yes,Placed
1284,8.5,2,3,2,90,4.1,Yes,Placed
1285,8.6,0,3,2,89,4.3,Yes,Placed
1286,7.4,1,2,1,70,3.8,Yes,NotPlaced
1287,8.5,2,3,0,90,4.7,Yes,Placed
1288,8.2,1,2,0,82,3.9,Yes,NotPlaced
1289,7.8,2,3,0,83,4.6,Yes,Placed
1290,7,0,2,1,67,3.8,No,NotPlaced
1291,7.4,1,2,2,80,4.2,Yes,Placed
1292,7.5,1,3,0,77,4.5,No,NotPlaced
1293,8,0,3,2,90,4.8,Yes,Placed
1294,8.2,0,3,2,82,4.7,Yes,Placed
1295,7.6,1,1,1,66,4.5,Yes,NotPlaced
1296,6.5,2,1,0,67,3.7,No,NotPlaced
1297,6.8,2,2,2,78,4.3,Yes,Placed
1298,7.6,0,2,0,80,4,Yes,NotPlaced
1299,7.5,1,1,0,78,4,No,NotPlaced
1300,7.3,1,2,0,79,4.6,Yes,NotPlaced
1301,8.3,2,3,2,80,4.2,Yes,Placed
1302,7.3,1,2,1,61,4.5,Yes,NotPlaced
1303,8.5,1,3,2,88,4.8,Yes,Placed
1304,8.6,1,3,2,90,4.6,Yes,Placed
1305,8.6,1,3,2,79,4.5,Yes,Placed
1306,8.2,1,3,2,90,4.8,Yes,NotPlaced
1307,8.1,1,2,2,86,4.4,Yes,Placed
1308,7,1,1,2,70,4.8,Yes,NotPlaced
1309,8.2,2,2,0,85,4.1,Yes,Placed
1310,6.6,0,1,2,72,4.1,Yes,NotPlaced
1311,6.6,1,1,0,73,3.9,No,NotPlaced
1312,8.6,2,3,2,89,4.8,Yes,Placed
1313,7.7,1,2,1,67,3.8,Yes,NotPlaced
1314,7.6,0,3,1,90,4.6,Yes,Placed
1315,7.4,1,2,0,90,4.7,Yes,Placed
1316,7.3,0,1,0,78,4.2,Yes,NotPlaced
1317,6.5,1,2,0,76,4.4,No,NotPlaced
1318,7.2,0,2,0,77,4.6,No,NotPlaced
1319,7.5,0,1,0,72,4.3,Yes,NotPlaced
1320,7.9,1,3,0,89,4.5,Yes,Placed
1321,8.7,1,3,2,90,4.8,Yes,NotPlaced
1322,7.9,2,3,2,80,4.6,No,NotPlaced
1323,6.8,0,1,1,61,3.5,Yes,NotPlaced
1324,8.2,0,3,3,90,4.6,Yes,Placed
1325,8.5,1,1,2,85,4.7,Yes,Placed
1326,6.6,1,1,1,76,4.5,No,Placed
1327,6.6,1,1,0,70,3.3,Yes,NotPlaced
1328,6.5,1,1,1,67,3.6,No,NotPlaced
1329,7.6,1,2,1,86,4.8,Yes,NotPlaced
1330,7.6,2,2,2,74,3.8,Yes,NotPlaced
1331,7.5,0,1,0,60,3.7,No,NotPlaced
1332,8,1,3,2,90,4.8,Yes,Placed
1333,8.8,2,3,2,90,4.8,Yes,Placed
1334,7.5,0,1,0,80,4.5,No,NotPlaced
1335,7.3,2,1,1,80,4.6,Yes,NotPlaced
1336,8,2,3,1,90,4.3,Yes,Placed
1337,7.6,1,1,0,74,4.6,Yes,NotPlaced
1338,7.5,2,3,1,90,4.4,Yes,NotPlaced
1339,6.5,1,1,0,67,4.6,Yes,NotPlaced
1340,7.6,0,1,0,78,4.3,Yes,NotPlaced
1341,8.2,0,1,0,90,4.7,Yes,NotPlaced
1342,7.4,0,3,2,80,4.4,Yes,NotPlaced
1343,8.4,1,3,2,90,4.1,Yes,Placed
1344,8.7,2,2,2,90,4.8,Yes,Placed
1345,8.2,2,3,2,90,4.8,Yes,Placed
1346,8.3,1,3,0,90,4.1,Yes,Placed
1347,7.8,1,2,1,78,4.4,Yes,NotPlaced
1348,8.1,0,2,0,73,4.5,Yes,NotPlaced
1349,6.6,2,2,0,85,3.7,Yes,Placed
1350,7.6,2,2,0,86,4,Yes,Placed
1351,8.6,0,3,2,90,4.8,Yes,Placed
1352,8.4,2,3,2,85,4.5,Yes,Placed
1353,8.1,2,3,2,89,4.6,No,Placed
1354,8.1,1,3,1,82,4.8,Yes,Placed
1355,7.7,0,1,0,78,4.3,No,NotPlaced
1356,6.9,1,1,0,68,4.7,Yes,NotPlaced
1357,7.8,1,1,2,79,4.7,No,NotPlaced
1358,7.6,1,1,1,75,3.9,Yes,NotPlaced
1359,8.4,1,3,2,90,4.8,Yes,Placed
1360,6.7,1,1,1,69,3.5,No,NotPlaced
1361,7.3,1,2,0,76,4.5,Yes,NotPlaced
1362,8.8,0,2,1,73,4.8,No,NotPlaced
1363,7.6,1,2,0,78,4.4,No,NotPlaced
1364,8.3,2,3,2,85,4.7,Yes,NotPlaced
1365,8.4,1,1,2,82,4.8,Yes,Placed
1366,6.7,2,0,0,75,4,Yes,Placed
1367,7.6,1,2,0,79,4.1,Yes,NotPlaced
1368,7.5,1,2,2,77,4.1,Yes,Placed
1369,7.9,2,3,2,75,3.9,Yes,Placed
1370,7.9,2,3,2,85,4.4,Yes,Placed
1371,8.1,2,3,2,83,4.4,Yes,Placed
1372,8.1,0,3,0,90,4.7,No,Placed
1373,7.5,2,1,1,60,3.2,Yes,NotPlaced
1374,8.2,0,1,1,79,4.3,Yes,NotPlaced
1375,7.5,1,2,2,86,3.6,No,Placed
1376,6.7,1,2,3,69,4.6,No,NotPlaced
1377,6.8,1,2,0,75,4.3,Yes,NotPlaced
1378,7.8,0,2,0,74,4.7,Yes,Placed
1379,8.5,1,1,2,85,4.8,Yes,Placed
1380,7.5,1,1,1,84,4.3,Yes,NotPlaced
1381,8.3,2,3,2,90,4.8,Yes,Placed
1382,8.7,1,2,2,90,4.8,Yes,Placed
1383,8.4,1,1,0,80,3.7,Yes,NotPlaced
1384,8.4,2,3,0,74,3.6,Yes,NotPlaced
1385,8.3,1,2,0,73,3.6,Yes,NotPlaced
1386,7.5,0,1,1,83,3.9,No,NotPlaced
1387,7.9,1,1,0,61,4.4,Yes,NotPlaced
1388,8,2,2,2,90,4.8,Yes,Placed
1389,7.8,1,3,2,89,4.6,Yes,Placed
1390,6.5,0,1,1,68,4.1,Yes,NotPlaced
1391,7.9,0,3,0,75,3.6,Yes,Placed
1392,7.7,0,1,0,71,4.2,No,NotPlaced
1393,7.9,1,3,0,81,4.8,Yes,Placed
1394,7.6,1,2,0,75,4.8,No,NotPlaced
1395,6.7,1,1,0,73,3.8,Yes,NotPlaced
1396,8,1,3,1,89,4.5,Yes,Placed
1397,8.3,0,3,2,89,4.5,Yes,Placed
1398,7.6,1,1,2,67,4,Yes,NotPlaced
1399,6.5,1,2,1,81,3.9,Yes,NotPlaced
1400,8.2,1,1,3,77,3.6,Yes,Placed
1401,8.4,2,3,2,90,4.8,Yes,Placed
1402,8.4,1,2,2,86,4.5,Yes,Placed
1403,7.6,1,2,0,83,4.6,No,NotPlaced
1404,7.4,1,2,1,74,3.7,Yes,NotPlaced
1405,7.6,1,1,0,84,4.1,No,NotPlaced
1406,7.5,0,1,0,64,4.3,No,NotPlaced
1407,7.4,1,1,0,66,4.1,No,NotPlaced
1408,6.5,2,1,1,64,3.8,No,NotPlaced
1409,7.8,1,3,1,87,4.5,Yes,Placed
1410,8,1,3,1,75,4.5,Yes,Placed
1411,7.9,1,3,0,82,4.6,Yes,Placed
1412,7,1,1,1,70,4,Yes,NotPlaced
1413,7.4,1,1,3,61,4,No,NotPlaced
1414,7.7,1,1,0,80,4.3,Yes,Placed
1415,8.4,2,3,2,90,4.7,Yes,Placed
1416,8.2,1,2,0,73,4.5,Yes,NotPlaced
1417,7.5,1,1,3,77,4.1,Yes,NotPlaced
1418,7.6,0,1,0,71,3.9,No,NotPlaced
1419,8.8,2,3,0,86,4.5,Yes,NotPlaced
1420,6.9,0,1,0,69,3.4,No,NotPlaced
1421,7.7,1,1,0,67,4,No,NotPlaced
1422,8.1,2,2,3,76,4.1,Yes,NotPlaced
1423,6.5,0,1,0,66,3.4,No,NotPlaced
1424,8.3,0,3,1,84,4.8,Yes,Placed
1425,8,1,3,2,90,4.8,Yes,Placed
1426,7.5,1,2,1,83,4.6,Yes,NotPlaced
1427,7,1,2,1,77,4.3,Yes,Placed
1428,8.2,1,3,2,90,4.5,Yes,Placed
1429,7.4,1,2,1,72,4.4,Yes,NotPlaced
1430,7.5,1,3,0,82,4.7,Yes,NotPlaced
1431,7.8,1,1,1,83,3.7,No,NotPlaced
1432,6.9,1,3,1,72,4.7,Yes,Placed
1433,8.6,1,3,0,88,4.8,Yes,NotPlaced
1434,7.8,1,1,1,83,4.8,Yes,Placed
1435,8.5,1,3,0,74,4,Yes,NotPlaced
1436,7.1,1,2,0,71,4.8,No,NotPlaced
1437,7,1,1,0,69,3.7,No,NotPlaced
1438,8.8,2,3,2,90,4.8,Yes,Placed
1439,7.6,0,2,0,79,4.3,No,Placed
1440,7.5,0,2,2,78,4,Yes,NotPlaced
1441,8,2,3,2,90,4.8,Yes,Placed
1442,6.6,1,2,0,81,4.8,Yes,NotPlaced
1443,7.3,2,3,2,90,4.6,Yes,Placed
1444,6.6,1,1,1,68,4,No,NotPlaced
1445,8.1,1,3,2,90,4.8,Yes,Placed
1446,8.1,2,3,1,67,4.4,Yes,NotPlaced
1447,7.7,1,1,0,74,4.3,Yes,NotPlaced
1448,7.6,1,1,0,68,4.3,Yes,NotPlaced
1449,8.2,0,3,1,78,4.2,No,NotPlaced
1450,7.3,1,2,3,90,4.4,Yes,Placed
1451,6.9,0,3,0,81,4.2,Yes,Placed
1452,7.5,1,2,0,80,4.1,Yes,Placed
1453,8.2,2,3,1,90,4.8,Yes,Placed
1454,7,1,2,1,75,4.7,Yes,NotPlaced
1455,8.3,1,3,1,86,4.3,Yes,Placed
1456,7.4,2,1,0,79,4.8,Yes,NotPlaced
1457,8.3,1,1,1,70,4.8,Yes,NotPlaced
1458,8.2,2,3,2,90,4.5,Yes,Placed
1459,7.5,1,1,0,65,3.5,Yes,NotPlaced
1460,8.7,2,3,2,90,4.8,Yes,Placed
1461,7.1,2,2,0,81,4.4,Yes,Placed
1462,6.5,1,1,1,83,4.1,Yes,Placed
1463,8.2,2,3,2,90,4.8,Yes,NotPlaced
1464,7.5,1,2,1,71,4.3,Yes,NotPlaced
1465,7.6,1,1,0,75,3.9,Yes,NotPlaced
1466,8.4,1,3,0,84,4.4,Yes,Placed
1467,7.2,0,2,1,77,4.6,Yes,NotPlaced
1468,6.6,1,1,1,71,4.2,Yes,NotPlaced
1469,8.5,0,3,2,84,4.1,Yes,NotPlaced
1470,6.8,1,2,1,76,3.8,Yes,NotPlaced
1471,8.4,0,1,0,80,4.5,No,Placed
1472,8.2,1,2,1,83,4.7,Yes,Placed
1473,8.5,2,2,0,88,4.8,No,NotPlaced
1474,8.4,2,3,2,90,4.8,Yes,NotPlaced
1475,7.8,2,3,2,90,4.8,Yes,Placed
1476,7.6,1,3,0,82,4.3,Yes,NotPlaced
1477,8.2,1,3,2,90,4.5,Yes,Placed
1478,7.4,1,2,0,76,4.2,Yes,NotPlaced
1479,6.5,1,2,0,70,3.8,Yes,NotPlaced
1480,7.6,0,1,0,65,3.4,No,NotPlaced
1481,7.5,0,2,0,78,3.5,Yes,NotPlaced
1482,8,2,3,2,90,4.8,Yes,Placed
1483,8.2,0,1,1,73,4.5,No,Placed
1484,8.3,1,3,2,90,4.8,Yes,Placed
1485,7,0,3,0,80,3.9,Yes,Placed
1486,7.9,0,2,0,83,4,Yes,NotPlaced
1487,8.5,1,3,2,90,4.8,Yes,Placed
1488,7.9,2,1,1,81,4.8,No,Placed
1489,8.3,0,3,0,76,3.9,No,NotPlaced
1490,7.6,1,2,0,74,4.2,Yes,NotPlaced
1491,7.1,1,2,1,80,4.7,Yes,Placed
1492,7.8,1,2,0,76,4.4,Yes,NotPlaced
1493,7.5,1,3,1,72,4.5,Yes,Placed
1494,7.6,2,3,3,72,4,No,NotPlaced
1495,6.5,1,1,1,70,3.9,No,NotPlaced
1496,8,2,1,2,88,4,Yes,NotPlaced
1497,6.5,0,2,0,71,4.1,Yes,NotPlaced
1498,6.7,1,1,1,65,3.8,No,NotPlaced
1499,9,1,3,2,90,4.8,No,NotPlaced
1500,7.6,0,3,0,77,4.8,Yes,Placed
1501,7.4,2,2,2,90,4.1,No,Placed
1502,7.9,0,1,0,70,3.7,Yes,NotPlaced
1503,8.3,1,3,2,86,4.8,Yes,NotPlaced
1504,7.3,0,1,1,80,4.1,No,NotPlaced
1505,7.9,1,3,2,85,4.6,Yes,Placed
1506,6.9,0,3,0,76,3.8,Yes,NotPlaced
1507,6.5,0,1,0,75,3.7,Yes,NotPlaced
1508,7.7,2,1,0,78,4.3,Yes,NotPlaced
1509,7.6,2,1,1,66,3.4,No,NotPlaced
1510,8.2,1,3,1,80,4,Yes,NotPlaced
1511,7.8,1,1,0,74,4.5,No,Placed
1512,7.5,1,2,1,77,4.4,Yes,Placed
1513,8.6,0,3,1,77,4.8,Yes,NotPlaced
1514,8.3,2,3,2,90,4.8,Yes,Placed
1515,7.5,1,1,0,65,3.8,Yes,NotPlaced
1516,7.6,1,1,1,72,4.2,Yes,NotPlaced
1517,8.9,1,1,0,70,4.7,Yes,NotPlaced
1518,7.8,1,3,0,82,3.7,No,NotPlaced
1519,8,2,3,2,90,4.8,Yes,Placed
1520,7.8,1,1,0,74,4.1,No,NotPlaced
1521,7.9,1,1,0,82,3.7,No,NotPlaced
1522,7.4,1,1,1,71,4.1,Yes,NotPlaced
1523,7.7,1,2,1,78,4.6,Yes,NotPlaced
1524,7.4,1,1,0,75,4.3,No,NotPlaced
1525,8.2,0,1,2,90,4.7,Yes,Placed
1526,8.7,1,1,2,81,4.1,Yes,NotPlaced
1527,7.8,2,3,2,90,4.8,Yes,Placed
1528,7.5,1,2,0,73,4.7,Yes,Placed
1529,8.3,1,3,2,80,4.1,Yes,Placed
1530,8.3,1,3,0,82,4.7,Yes,NotPlaced
1531,7.5,1,1,1,74,4,No,NotPlaced
1532,7.6,1,2,2,81,3.8,No,Placed
1533,8,2,3,2,90,4.1,No,NotPlaced
1534,7.2,2,1,0,77,4.4,Yes,Placed
1535,8.1,1,1,0,69,3.8,No,NotPlaced
1536,8.2,2,3,1,78,4.4,Yes,NotPlaced
1537,7.7,2,3,2,82,4.8,Yes,Placed
1538,7.8,2,2,0,69,3.7,No,NotPlaced
1539,6.7,0,1,0,66,3.7,Yes,Placed
1540,7.5,1,2,1,78,4.8,Yes,NotPlaced
1541,6.5,0,1,0,78,3.5,Yes,NotPlaced
1542,7.6,1,1,2,81,4.2,Yes,NotPlaced
1543,6.7,1,1,0,74,4.1,Yes,NotPlaced
1544,8.1,2,3,0,84,4.8,Yes,Placed
1545,8.1,1,3,1,74,4.6,No,NotPlaced
1546,7.8,2,3,2,90,4.8,No,Placed
1547,7.3,1,1,1,84,3.9,No,NotPlaced
1548,8.1,2,3,1,90,4.5,Yes,Placed
1549,8.3,1,1,1,90,4.8,Yes,Placed
1550,8.6,1,3,2,86,4.5,Yes,Placed
1551,7.5,2,3,2,88,4.8,Yes,NotPlaced
1552,7.7,1,2,2,81,4,Yes,Placed
1553,6.5,1,1,1,67,3.7,Yes,NotPlaced
1554,8.2,2,3,2,81,4.8,No,Placed
1555,7.6,2,2,1,77,4.1,No,NotPlaced
1556,7.8,2,3,1,79,4.6,No,NotPlaced
1557,7.4,0,2,1,76,4.1,No,NotPlaced
1558,6.7,1,1,1,60,4.3,No,NotPlaced
1559,8.3,1,3,2,88,4.4,Yes,Placed
1560,8.3,2,3,0,90,4.7,Yes,Placed
1561,7.5,1,1,1,77,3.9,Yes,NotPlaced
1562,7.6,1,2,1,87,3.8,Yes,NotPlaced
1563,7.5,1,1,1,87,4.2,Yes,NotPlaced
1564,7.5,1,1,1,60,3.5,Yes,NotPlaced
1565,7.4,1,2,0,82,4.6,Yes,NotPlaced
1566,7.6,1,1,0,74,4.6,Yes,NotPlaced
1567,7.7,1,1,1,72,4.4,No,NotPlaced
1568,8.1,1,1,0,80,4.5,No,NotPlaced
1569,7.7,1,3,0,85,4.8,Yes,Placed
1570,8.4,2,3,2,90,4.8,Yes,Placed
1571,7.4,1,1,0,81,4,Yes,NotPlaced
1572,8.9,2,3,2,90,4.8,Yes,Placed
1573,8.5,1,2,1,73,4.2,Yes,NotPlaced
1574,8.2,2,3,2,90,4.8,No,Placed
1575,7.5,2,3,2,79,4.1,Yes,Placed
1576,7.6,1,3,2,84,4.4,Yes,Placed
1577,7.6,1,1,1,62,4.2,No,NotPlaced
1578,8.1,0,3,0,90,4.8,Yes,Placed
1579,8.8,0,3,0,90,4.1,Yes,Placed
1580,6.6,1,3,1,75,3.9,Yes,NotPlaced
1581,7.5,1,1,1,78,4.2,Yes,NotPlaced
1582,8.4,1,1,2,81,4.8,No,Placed
1583,7.5,2,3,0,69,3.9,Yes,NotPlaced
1584,8.5,1,3,2,90,4.7,Yes,Placed
1585,7.5,0,3,0,83,3.9,Yes,NotPlaced
1586,8.2,1,2,0,81,4,Yes,NotPlaced
1587,7.7,1,1,0,74,4,Yes,Placed
1588,6.6,1,1,0,63,3.3,No,NotPlaced
1589,7.7,1,1,1,69,4.2,No,NotPlaced
1590,7.6,1,3,0,83,4.1,Yes,NotPlaced
1591,8.2,1,3,0,84,4.6,Yes,Placed
1592,7.7,1,2,0,73,4.8,Yes,NotPlaced
1593,9,1,3,2,78,4.8,Yes,Placed
1594,7.5,0,3,0,78,4.2,Yes,Placed
1595,7.9,1,3,2,84,4.8,No,Placed
1596,7.4,2,3,3,86,4.2,Yes,NotPlaced
1597,7.3,1,2,1,69,4.3,No,NotPlaced
1598,7,1,1,0,60,3.3,Yes,NotPlaced
1599,8.4,2,3,2,90,4.5,Yes,Placed
1600,6.8,1,1,1,60,4.4,Yes,NotPlaced
1601,8.2,1,3,0,88,4.8,Yes,Placed
1602,6.6,0,2,0,73,4.2,Yes,NotPlaced
1603,7.5,1,3,0,80,4.5,No,NotPlaced
1604,6.5,2,1,1,72,3.7,No,NotPlaced
1605,7.9,2,3,2,90,4.8,Yes,Placed
1606,8.2,0,2,0,89,4.1,Yes,NotPlaced
1607,7.4,1,2,0,67,3.3,No,NotPlaced
1608,8.1,1,3,1,71,4.1,Yes,NotPlaced
1609,6.5,1,1,1,78,4,No,NotPlaced
1610,7.6,1,1,1,68,4.1,No,NotPlaced
1611,7,1,2,0,78,4.7,Yes,NotPlaced
1612,8.3,2,2,2,68,4.8,Yes,Placed
1613,7.7,2,3,2,86,4.4,Yes,Placed
1614,7.5,1,1,0,70,3.5,Yes,NotPlaced
1615,7.5,1,1,0,78,4.1,No,NotPlaced
1616,8.6,2,3,3,87,4.8,Yes,Placed
1617,6.6,1,2,0,61,3.9,No,NotPlaced
1618,8.1,2,1,3,86,4.7,No,Placed
1619,8.9,0,3,2,85,4.6,Yes,NotPlaced
1620,7.7,1,1,0,80,4.5,No,NotPlaced
1621,6.5,0,1,1,70,3.6,No,NotPlaced
1622,8.3,2,3,2,79,4.7,Yes,Placed
1623,7.8,1,2,1,77,4.5,Yes,Placed
1624,7.4,1,3,3,84,4.6,Yes,Placed
1625,7.8,1,2,1,83,3.5,Yes,NotPlaced
1626,6.6,1,1,1,69,4.3,No,NotPlaced
1627,7.5,1,2,1,79,4.7,Yes,NotPlaced
1628,7.6,0,1,1,61,4.3,No,NotPlaced
1629,8,1,1,0,75,4.3,Yes,Placed
1630,6.8,0,2,1,72,4.4,No,NotPlaced
1631,7.7,1,2,0,82,4.4,Yes,Placed
1632,6.5,0,1,0,69,4,No,NotPlaced
1633,6.5,1,2,0,82,4.1,Yes,NotPlaced
1634,6.5,1,2,0,78,4.3,No,NotPlaced
1635,8.1,2,3,2,90,4.7,Yes,Placed
1636,7.7,1,2,0,76,4.6,Yes,NotPlaced
1637,8.2,1,3,1,82,4.8,Yes,NotPlaced
1638,6.5,1,2,0,79,4.5,No,NotPlaced
1639,7.6,1,2,1,69,3.9,No,NotPlaced
1640,9,0,2,2,86,4.5,Yes,Placed
1641,7.5,1,1,0,81,3.8,Yes,NotPlaced
1642,7.5,1,2,0,76,4.5,Yes,Placed
1643,6.7,1,1,1,81,4.5,Yes,NotPlaced
1644,8.4,2,3,0,84,4.8,Yes,NotPlaced
1645,6.8,0,3,0,83,4.3,Yes,Placed
1646,8.2,2,3,2,90,4.6,Yes,Placed
1647,8.5,0,3,2,90,4.3,Yes,Placed
1648,7.3,1,1,1,72,4.1,Yes,NotPlaced
1649,8.5,2,3,2,90,4.5,Yes,Placed
1650,8,0,3,2,85,4.7,Yes,Placed
1651,8.2,2,3,2,90,4.1,Yes,Placed
1652,7.4,0,3,0,83,3.5,Yes,Placed
1653,7.6,2,3,2,90,4.8,No,Placed
1654,8.2,1,2,1,81,4.3,Yes,Placed
1655,8.1,1,3,2,81,4.8,Yes,NotPlaced
1656,6.5,1,1,1,73,3.9,No,NotPlaced
1657,8.2,1,2,2,79,4.8,Yes,Placed
1658,8.1,2,3,1,75,4.8,Yes,NotPlaced
1659,8.5,0,1,0,82,4.5,Yes,NotPlaced
1660,7.8,1,2,0,73,4.1,Yes,NotPlaced
1661,8,1,2,0,78,3.8,No,NotPlaced
1662,8.6,1,3,2,90,4.5,Yes,NotPlaced
1663,8,1,3,2,90,4.5,Yes,Placed
1664,6.5,1,1,1,78,3.5,Yes,NotPlaced
1665,8.5,0,2,2,85,4.2,Yes,Placed
1666,8.6,1,2,0,87,4.8,Yes,Placed
1667,7.3,1,1,2,75,3.5,Yes,NotPlaced
1668,8,0,3,0,89,4.4,No,Placed
1669,8.3,1,3,0,86,4.4,Yes,Placed
1670,6.7,1,1,1,75,4.3,Yes,NotPlaced
1671,8.2,1,3,2,86,4.4,Yes,Placed
1672,8.4,1,2,0,80,3.3,No,NotPlaced
1673,6.6,0,1,1,71,3.5,No,NotPlaced
1674,6.5,0,1,0,83,4.1,Yes,NotPlaced
1675,6.6,1,2,1,70,4.6,Yes,NotPlaced
1676,7.5,1,2,1,74,4.7,Yes,Placed
1677,6.6,1,3,0,86,4.4,No,NotPlaced
1678,7,1,1,0,82,4.6,No,NotPlaced
1679,8.4,0,2,0,86,4.6,Yes,NotPlaced
1680,7.6,0,2,1,72,4.5,No,NotPlaced
1681,7.5,1,3,1,73,4.6,Yes,Placed
1682,8.3,1,2,1,82,4.4,Yes,Placed
1683,7.6,1,1,0,73,3.7,Yes,NotPlaced
1684,7.7,1,1,0,71,4.2,Yes,NotPlaced
1685,6.5,0,1,0,62,3.9,No,NotPlaced
1686,8.3,1,2,1,84,4.4,Yes,NotPlaced
1687,8.1,1,1,0,80,4.6,No,NotPlaced
1688,7.4,1,2,0,81,4.8,No,NotPlaced
1689,6.7,1,1,1,71,4.5,No,NotPlaced
1690,6.5,0,1,1,89,4.2,No,Placed
1691,8.2,2,3,2,90,4.8,No,Placed
1692,7.7,1,2,0,70,3.6,Yes,NotPlaced
1693,7.8,2,3,0,90,4.7,Yes,Placed
1694,7.5,2,1,0,78,4.2,Yes,NotPlaced
1695,7.5,1,1,1,80,4.6,No,NotPlaced
1696,8.4,1,3,0,85,3.9,Yes,Placed
1697,7.6,1,2,2,79,4.3,Yes,Placed
1698,7.5,0,2,2,79,4.6,Yes,Placed
1699,6.5,0,1,0,64,4.3,Yes,NotPlaced
1700,7.4,1,2,0,79,4.7,Yes,NotPlaced
1701,7.5,1,1,2,84,4.7,Yes,NotPlaced
1702,8.4,2,3,2,81,4.3,Yes,Placed
1703,8.2,2,3,2,88,4.8,Yes,Placed
1704,7,1,1,1,61,3.5,No,NotPlaced
1705,8.7,2,3,0,80,4.1,Yes,Placed
1706,6.6,2,1,1,77,3.4,No,NotPlaced
1707,8.1,1,3,2,90,4.8,Yes,Placed
1708,8.5,0,3,2,85,4.8,Yes,Placed
1709,6.5,1,2,0,63,4.3,No,NotPlaced
1710,8.1,2,3,2,90,4.7,Yes,Placed
1711,8.3,0,3,2,89,4.4,Yes,NotPlaced
1712,7.6,1,2,1,83,4.6,Yes,NotPlaced
1713,6.9,0,1,0,73,4.2,No,NotPlaced
1714,7.5,0,2,1,76,4.2,Yes,NotPlaced
1715,8.1,2,3,2,86,4.5,No,NotPlaced
1716,7.7,2,1,0,71,4.5,Yes,NotPlaced
1717,8,0,3,2,83,4.7,Yes,Placed
1718,6.7,1,1,1,64,4.2,Yes,NotPlaced
1719,8.5,2,3,2,88,4.8,Yes,Placed
1720,7.7,1,2,0,74,4.7,Yes,Placed
1721,7.6,1,2,1,74,4.4,Yes,Placed
1722,8.2,0,1,1,79,3.9,Yes,NotPlaced
1723,8.5,2,3,2,87,4.8,Yes,Placed
1724,8.8,1,3,0,72,4.1,Yes,Placed
1725,8.2,1,3,2,82,4.5,Yes,Placed
1726,8.1,1,3,2,90,4.8,Yes,Placed
1727,8.5,2,3,2,90,4.8,Yes,Placed
1728,6.5,1,1,0,71,4.5,No,NotPlaced
1729,8.2,2,3,2,87,4.7,No,Placed
1730,7.9,2,3,2,90,4.8,Yes,Placed
1731,6.9,1,1,1,79,3.5,No,NotPlaced
1732,6.6,1,1,1,60,4,No,NotPlaced
1733,7.6,0,2,2,82,4.7,No,Placed
1734,7.6,1,3,2,90,4.4,No,Placed
1735,7.7,0,1,1,67,4.8,No,NotPlaced
1736,7.8,1,1,2,81,3.9,Yes,NotPlaced
1737,8.5,2,3,2,90,4.8,Yes,Placed
1738,8.4,0,1,0,86,4.3,Yes,Placed
1739,6.9,1,3,1,78,4.5,Yes,Placed
1740,7.8,2,3,2,73,4.6,No,NotPlaced
1741,7.5,1,2,0,81,4.4,Yes,NotPlaced
1742,8.2,0,3,0,86,4.3,No,Placed
1743,8.3,0,1,0,80,3.9,Yes,NotPlaced
1744,7.7,1,3,0,78,4.7,Yes,Placed
1745,7.5,1,1,0,78,3.8,Yes,NotPlaced
1746,8.5,0,3,0,88,4.8,Yes,Placed
1747,7.4,2,2,1,72,3.5,No,NotPlaced
1748,6.5,1,1,0,65,4.5,Yes,NotPlaced
1749,7.5,1,1,1,61,4.2,No,NotPlaced
1750,6.5,2,1,0,75,4.3,Yes,NotPlaced
1751,7.8,1,1,0,73,3.9,Yes,Placed
1752,7.2,0,1,1,79,4.1,Yes,Placed
1753,8.3,0,3,2,90,4.8,Yes,Placed
1754,8.1,2,3,2,90,4.6,Yes,Placed
1755,6.5,1,1,2,71,3.7,No,NotPlaced
1756,8.1,2,3,0,88,4.5,No,Placed
1757,7.8,2,3,2,90,4.8,Yes,Placed
1758,7.5,1,1,0,83,4.4,Yes,NotPlaced
1759,7.9,1,1,1,79,4.1,Yes,NotPlaced
1760,8.1,2,3,2,82,4.5,Yes,NotPlaced
1761,7.4,1,2,1,69,4.1,Yes,NotPlaced
1762,7.5,1,1,1,70,3.8,Yes,NotPlaced
1763,8.1,0,3,0,81,4.5,Yes,Placed
1764,8.5,2,3,2,90,4.8,Yes,Placed
1765,8.3,2,3,2,90,4.5,Yes,Placed
1766,7.5,1,2,0,65,4.7,Yes,NotPlaced
1767,7.6,1,2,0,77,4.3,Yes,NotPlaced
1768,8.3,2,3,2,90,4.8,Yes,Placed
1769,8.6,2,3,1,86,4.8,No,Placed
1770,7.8,0,2,0,79,4.1,Yes,NotPlaced
1771,8.4,1,2,3,75,3.8,Yes,NotPlaced
1772,8.4,0,3,2,90,4.3,Yes,Placed
1773,7.4,2,1,1,65,3.2,Yes,NotPlaced
1774,8.5,1,3,1,72,4.5,Yes,NotPlaced
1775,7.4,0,1,0,75,3.8,No,NotPlaced
1776,8.3,2,3,2,90,4.8,Yes,Placed
1777,8.3,0,2,0,79,4.3,No,Placed
1778,8.2,1,3,0,77,3.4,Yes,NotPlaced
1779,7.6,0,1,0,75,4,No,NotPlaced
1780,8.1,1,1,1,71,4.2,No,NotPlaced
1781,7.7,1,2,2,88,4.6,Yes,Placed
1782,8.4,2,3,2,80,4.5,Yes,Placed
1783,6.5,1,1,1,76,3.8,No,NotPlaced
1784,8.6,2,3,2,90,4.6,Yes,NotPlaced
1785,7.4,1,1,0,77,4.3,Yes,NotPlaced
1786,8.3,1,1,0,89,3.9,Yes,Placed
1787,7.5,1,3,0,88,4.8,No,Placed
1788,8.2,1,3,2,85,4.6,Yes,Placed
1789,6.7,2,1,2,72,4.5,Yes,NotPlaced
1790,7.7,2,1,0,80,3.8,Yes,Placed
1791,8.2,1,2,0,74,4.8,No,Placed
1792,7.5,1,1,1,76,4.5,No,NotPlaced
1793,7.6,1,1,0,60,4.2,No,NotPlaced
1794,8.5,2,3,2,90,4.8,Yes,Placed
1795,7.4,1,2,1,76,4.3,Yes,NotPlaced
1796,8.3,0,2,2,82,4.4,Yes,NotPlaced
1797,7.2,1,1,1,68,4,No,NotPlaced
1798,8.3,2,3,2,84,4.6,Yes,NotPlaced
1799,7.5,1,2,1,67,4.7,No,NotPlaced
1800,6.7,0,2,0,66,3.9,No,NotPlaced
1801,8.3,1,2,0,72,4.2,Yes,NotPlaced
1802,7.4,0,2,0,76,3.8,Yes,NotPlaced
1803,8.7,2,3,2,88,4.8,Yes,NotPlaced
1804,6.5,1,2,0,84,4.7,Yes,NotPlaced
1805,7.6,1,1,2,69,4,Yes,NotPlaced
1806,8.1,1,2,0,72,4.5,Yes,Placed
1807,8.2,0,3,2,90,4.8,Yes,Placed
1808,8.4,1,3,2,90,4.8,Yes,Placed
1809,7.7,0,1,2,78,4.6,Yes,Placed
1810,7.7,1,1,1,64,3.7,Yes,NotPlaced
1811,8.4,1,3,2,87,4.8,Yes,Placed
1812,8.3,1,1,2,78,4.5,Yes,Placed
1813,8.6,1,2,1,77,3.9,Yes,NotPlaced
1814,8,2,1,1,85,4.5,No,Placed
1815,8.6,2,3,0,81,4.7,Yes,Placed
1816,7.4,1,2,1,71,4,Yes,Placed
1817,8.4,2,3,2,90,4.8,Yes,Placed
1818,7.9,1,3,0,82,4.6,Yes,NotPlaced
1819,8.2,2,2,0,89,4.6,Yes,NotPlaced
1820,7.8,2,1,1,75,3.8,No,NotPlaced
1821,8.5,2,3,2,90,4.5,Yes,Placed
1822,8.4,2,3,2,89,4.4,Yes,Placed
1823,8.1,1,3,2,79,4.6,Yes,Placed
1824,7.8,0,1,0,73,4,No,NotPlaced
1825,7.8,0,3,1,88,4.6,Yes,Placed
1826,6.5,0,1,0,89,4.6,No,NotPlaced
1827,6.7,1,1,0,73,4.5,Yes,Placed
1828,7.5,1,1,1,69,4,Yes,NotPlaced
1829,8.1,2,3,2,74,4.2,Yes,Placed
1830,6.5,1,2,1,85,4,Yes,Placed
1831,8.2,2,3,2,90,4.8,Yes,Placed
1832,7.6,1,1,1,75,3.7,No,NotPlaced
1833,8.5,2,3,2,90,4.8,Yes,Placed
1834,7.6,0,2,0,77,3.7,Yes,Placed
1835,7.9,1,2,0,73,4.3,Yes,NotPlaced
1836,7.2,1,1,0,76,3.5,Yes,NotPlaced
1837,7.9,1,1,0,76,4.2,Yes,NotPlaced
1838,7.5,1,2,1,72,4.3,Yes,NotPlaced
1839,7.6,1,2,0,65,4.8,Yes,Placed
1840,6.9,1,2,0,73,4.2,No,NotPlaced
1841,7.7,1,1,0,69,3.8,No,NotPlaced
1842,7.3,0,1,1,74,3.8,Yes,NotPlaced
1843,7.9,1,2,0,84,4.1,Yes,Placed
1844,8.8,2,3,3,90,4.8,Yes,Placed
1845,6.7,1,1,2,78,4.3,No,NotPlaced
1846,8.4,2,3,0,79,4.6,No,NotPlaced
1847,8.2,2,3,0,90,4.8,Yes,Placed
1848,7.8,2,3,1,90,4.6,No,Placed
1849,6.5,1,1,0,60,3.6,No,NotPlaced
1850,7.6,1,1,0,76,4.6,No,NotPlaced
1851,7.8,1,1,0,86,4,Yes,Placed
1852,7.4,1,3,2,70,4.7,Yes,NotPlaced
1853,7.6,1,2,0,69,4.4,Yes,NotPlaced
1854,6.7,1,2,1,74,4.1,Yes,Placed
1855,7.3,1,2,2,84,4.4,Yes,Placed
1856,7.4,1,2,0,70,4.5,Yes,Placed
1857,6.5,1,1,0,70,4.7,Yes,Placed
1858,6.5,2,3,0,90,4.6,Yes,Placed
1859,7.7,1,1,1,73,4.3,No,NotPlaced
1860,6.6,1,2,0,78,4.4,No,NotPlaced
1861,8.1,1,3,0,90,4.6,Yes,Placed
1862,7.4,1,1,1,69,4.2,Yes,NotPlaced
1863,7.9,0,1,1,74,4.4,No,NotPlaced
1864,6.6,1,1,0,68,4.6,No,NotPlaced
1865,8.4,2,3,2,90,4.8,No,Placed
1866,6.7,0,2,0,83,4,Yes,NotPlaced
1867,7.7,1,1,0,65,3,No,NotPlaced
1868,6.7,1,1,0,80,3.5,No,NotPlaced
1869,7.4,1,1,1,75,3.7,No,NotPlaced
1870,8.7,2,3,2,90,4.6,Yes,Placed
1871,8,2,3,0,77,4.8,Yes,NotPlaced
1872,7.6,1,2,1,67,4.1,No,NotPlaced
1873,6.9,1,3,1,78,4.4,Yes,NotPlaced
1874,8.2,2,3,2,90,4.8,Yes,Placed
1875,6.5,0,3,2,86,4.6,Yes,NotPlaced
1876,7.7,2,1,1,80,4.7,Yes,Placed
1877,7.8,1,2,0,70,3.8,Yes,NotPlaced
1878,7.4,0,1,1,81,3.5,Yes,NotPlaced
1879,6.8,2,1,2,83,4.7,No,NotPlaced
1880,8.3,2,1,2,72,4,Yes,NotPlaced
1881,7.2,0,1,0,73,3.7,No,NotPlaced
1882,7.9,0,2,0,87,4.4,Yes,Placed
1883,7.7,1,1,1,78,3.3,No,NotPlaced
1884,7.4,1,1,0,69,4.4,No,NotPlaced
1885,8.2,2,3,2,90,4.8,No,Placed
1886,7.7,1,2,0,85,3.7,Yes,NotPlaced
1887,7.4,1,2,0,80,4.2,Yes,Placed
1888,8.1,2,3,2,90,4.8,Yes,Placed
1889,7.3,0,2,0,81,4.2,Yes,NotPlaced
1890,6.5,1,1,0,74,4,Yes,NotPlaced
1891,8.3,0,1,3,77,4,Yes,NotPlaced
1892,7.7,1,2,2,75,4.7,Yes,NotPlaced
1893,8.1,0,1,0,83,4.2,Yes,NotPlaced
1894,8.2,1,1,1,71,3.5,No,NotPlaced
1895,7.5,0,1,0,66,4.3,No,NotPlaced
1896,8.6,2,1,0,87,4.4,Yes,Placed
1897,7.5,1,3,2,75,4.5,Yes,Placed
1898,8.2,1,1,0,71,3.8,No,NotPlaced
1899,6.9,1,3,1,84,4.4,Yes,Placed
1900,6.5,0,1,0,76,4.3,No,NotPlaced
1901,8.4,1,1,0,87,4.8,Yes,NotPlaced
1902,8.2,1,3,1,72,3.9,Yes,NotPlaced
1903,7.7,0,1,1,78,4.1,No,NotPlaced
1904,8.4,2,3,2,90,4.8,Yes,Placed
1905,8.4,1,3,2,90,4.6,Yes,Placed
1906,7.7,2,3,2,89,4.8,Yes,Placed
1907,7.7,1,3,1,84,4.7,No,NotPlaced
1908,7.6,1,1,1,72,3.3,Yes,NotPlaced
1909,6.7,1,2,0,75,4.8,Yes,Placed
1910,6.5,1,2,1,76,4.4,Yes,Placed
1911,7.5,1,1,0,64,3.4,No,NotPlaced
1912,7.1,1,3,0,81,4.2,Yes,Placed
1913,7.8,0,3,0,84,3.8,Yes,NotPlaced
1914,6.5,1,1,3,87,4.2,Yes,Placed
1915,7.5,0,3,1,76,4.4,Yes,Placed
1916,8.3,2,3,2,87,4.6,Yes,Placed
1917,8.1,1,1,2,90,4.8,Yes,Placed
1918,7.5,2,3,2,79,4.4,Yes,Placed
1919,7.4,2,1,3,66,3.9,No,NotPlaced
1920,8.2,0,3,2,90,4.8,Yes,Placed
1921,8.1,0,3,0,69,4.1,No,NotPlaced
1922,8.6,1,3,0,82,4.8,Yes,NotPlaced
1923,6.5,1,2,1,78,4.4,Yes,NotPlaced
1924,6.5,1,2,0,70,3.7,Yes,NotPlaced
1925,7.4,1,1,1,78,4.3,Yes,NotPlaced
1926,6.9,1,2,1,78,4.5,Yes,Placed
1927,7.7,2,2,2,84,3.9,Yes,Placed
1928,8.1,2,3,2,90,4.8,Yes,Placed
1929,7.9,2,1,2,88,3.6,No,NotPlaced
1930,8.3,2,3,2,90,4.8,Yes,Placed
1931,8.4,2,3,2,90,4.8,Yes,Placed
1932,6.9,1,3,2,90,4.8,Yes,Placed
1933,8.2,0,1,0,76,4.4,Yes,NotPlaced
1934,8.5,1,3,0,84,4.7,Yes,Placed
1935,8.4,2,3,2,90,4.8,Yes,Placed
1936,7.2,2,2,2,79,4.4,Yes,Placed
1937,8.6,2,3,2,89,4.8,No,Placed
1938,7.6,2,2,1,90,4.7,Yes,NotPlaced
1939,7.6,0,1,0,67,4.3,Yes,NotPlaced
1940,7.5,0,2,0,69,3.7,No,NotPlaced
1941,7.6,1,1,0,66,4.1,Yes,NotPlaced
1942,6.6,1,3,2,90,4.8,Yes,NotPlaced
1943,7.6,0,1,0,81,3.9,Yes,Placed
1944,8.3,1,3,2,85,4.1,Yes,Placed
1945,6.5,0,1,1,81,4,Yes,NotPlaced
1946,8.4,2,3,2,89,4.8,Yes,NotPlaced
1947,6.5,1,1,1,60,4,No,NotPlaced
1948,8.1,2,3,0,90,4.8,Yes,Placed
1949,7.3,0,1,0,85,4.4,No,NotPlaced
1950,7.7,1,1,1,79,4.3,No,NotPlaced
1951,7.5,1,1,0,77,4.2,Yes,NotPlaced
1952,8,1,1,2,80,4.7,Yes,NotPlaced
1953,7.8,0,2,0,86,4.1,Yes,NotPlaced
1954,8.5,2,3,2,90,4.8,Yes,Placed
1955,6.5,0,2,1,77,4.1,No,NotPlaced
1956,7.8,1,1,1,87,4.2,Yes,Placed
1957,7.7,1,1,0,79,4.3,Yes,Placed
1958,7.7,0,1,0,73,3.6,No,NotPlaced
1959,7.5,1,1,0,78,3.3,No,NotPlaced
1960,6.5,2,1,2,86,4.7,No,Placed
1961,8.3,2,3,0,77,4.1,Yes,NotPlaced
1962,7.8,1,2,0,90,4,Yes,NotPlaced
1963,8.4,2,3,2,90,4.8,Yes,Placed
1964,7.6,1,2,0,70,3.9,Yes,NotPlaced
1965,6.8,0,2,0,73,4.3,Yes,Placed
1966,6.8,0,1,0,70,3.3,No,NotPlaced
1967,6.6,1,1,1,72,4,No,NotPlaced
1968,6.5,0,1,0,86,3.9,No,NotPlaced
1969,6.5,0,1,0,79,4.2,Yes,Placed
1970,7.8,1,1,0,66,4.6,No,NotPlaced
1971,7.6,0,1,2,83,4.8,Yes,Placed
1972,7.7,1,2,2,75,4.6,No,Placed
1973,8.2,1,1,0,75,4.1,No,NotPlaced
1974,6.5,1,1,0,85,3.7,No,NotPlaced
1975,6.5,1,1,1,64,4,No,NotPlaced
1976,8.2,2,3,2,90,4.8,Yes,Placed
1977,8.1,0,3,2,83,4.6,No,Placed
1978,7.9,1,2,0,90,4.8,Yes,Placed
1979,7.3,1,1,1,70,3.8,No,NotPlaced
1980,8.3,2,3,0,88,4.8,Yes,NotPlaced
1981,8.4,1,3,2,88,4.5,Yes,Placed
1982,7.3,1,3,0,89,3.8,No,NotPlaced
1983,7.7,1,2,1,69,4.1,No,NotPlaced
1984,8.3,1,1,0,81,4.7,No,NotPlaced
1985,7.6,2,1,1,76,3.5,Yes,NotPlaced
1986,8,1,1,2,75,3.6,Yes,NotPlaced
1987,7.7,2,2,1,71,4.4,Yes,NotPlaced
1988,7.5,0,2,1,67,4.4,Yes,NotPlaced
1989,8.4,2,3,1,85,4.4,Yes,Placed
1990,6.6,0,2,1,78,4.5,No,NotPlaced
1991,6.6,1,1,1,85,4,Yes,Placed
1992,6.5,1,1,1,66,3.7,Yes,NotPlaced
1993,7,0,2,0,66,4.3,Yes,Placed
1994,7.6,2,1,0,77,4.2,Yes,Placed
1995,7.7,0,1,0,65,4.3,Yes,NotPlaced
1996,6.5,0,3,0,73,4.6,Yes,Placed
1997,7.7,1,2,0,79,4.1,Yes,NotPlaced
1998,8.1,2,3,0,87,4.4,Yes,Placed
1999,7.5,1,1,1,73,4.7,No,NotPlaced
2000,8,2,3,2,90,4.7,Yes,Placed
2001,7.7,2,1,0,65,3.8,No,NotPlaced
2002,8.1,1,2,0,83,4.6,Yes,NotPlaced
2003,8.2,1,2,2,74,4.4,Yes,Placed
2004,7.3,1,2,2,75,4.6,Yes,Placed
2005,6.7,1,2,0,76,4.8,Yes,Placed
2006,8,1,3,3,90,4.6,Yes,Placed
2007,7.3,1,1,0,69,3.9,Yes,NotPlaced
2008,8.2,1,3,2,79,4,Yes,NotPlaced
2009,8.5,2,3,0,76,4.8,Yes,Placed
2010,8.1,2,3,2,90,3.7,Yes,Placed
2011,7.2,0,1,1,73,3.4,Yes,NotPlaced
2012,8.1,1,3,2,90,4.8,Yes,Placed
2013,6.9,0,2,1,82,4.2,Yes,Placed
2014,7.9,1,2,0,75,3.8,No,NotPlaced
2015,6.5,1,2,1,62,4.4,Yes,NotPlaced
2016,7.7,0,3,2,84,4.8,Yes,Placed
2017,7.6,1,2,0,68,4.3,Yes,NotPlaced
2018,8.9,2,3,2,90,4.8,Yes,Placed
2019,8,0,3,2,90,4.7,Yes,Placed
2020,7.4,1,3,2,90,4.8,Yes,Placed
2021,7.4,1,1,1,70,3.2,Yes,NotPlaced
2022,6.9,1,1,2,78,4.6,Yes,NotPlaced
2023,8.1,2,1,0,82,4.4,No,NotPlaced
2024,8.3,2,3,0,90,4.8,Yes,Placed
2025,6.5,1,2,0,85,3.4,Yes,NotPlaced
2026,7.7,2,3,1,88,4.3,Yes,NotPlaced
2027,7.3,1,1,0,70,3.7,Yes,NotPlaced
2028,7.4,0,3,2,75,4.3,Yes,Placed
2029,8.2,2,3,2,89,4.8,Yes,Placed
2030,7.6,1,1,0,74,4.1,Yes,NotPlaced
2031,6.8,1,1,0,64,4.2,Yes,NotPlaced
2032,8.4,1,3,0,87,4.1,No,NotPlaced
2033,8.3,2,3,2,89,4.6,Yes,Placed
2034,6.9,1,1,1,67,4.5,Yes,NotPlaced
2035,8.2,1,2,2,86,4.2,Yes,NotPlaced
2036,6.5,0,1,1,73,3.5,No,NotPlaced
2037,7.7,1,1,1,82,4.6,Yes,NotPlaced
2038,7.8,0,3,1,76,3.8,Yes,NotPlaced
2039,8.3,1,3,1,90,4.8,Yes,Placed
2040,7.5,1,3,1,79,3.8,Yes,Placed
2041,7.9,1,2,0,68,3.7,No,NotPlaced
2042,7.8,1,1,1,69,4.1,No,NotPlaced
2043,7.6,0,1,0,63,4.4,Yes,Placed
2044,7.4,1,3,1,61,4.8,No,NotPlaced
2045,7.8,0,2,0,89,3.9,Yes,NotPlaced
2046,7.5,0,1,1,70,4.3,No,NotPlaced
2047,6.6,1,1,0,70,4.1,No,NotPlaced
2048,7.6,0,1,0,61,3.8,Yes,NotPlaced
2049,8.6,2,3,1,90,4.8,Yes,Placed
2050,7.5,0,2,1,78,3.8,Yes,NotPlaced
2051,8.1,0,3,0,84,3.3,No,NotPlaced
2052,7.6,0,1,1,75,4.2,Yes,NotPlaced
2053,7.7,1,1,1,60,3.6,No,NotPlaced
2054,8,2,3,2,83,4.6,Yes,Placed
2055,8.3,2,3,2,90,4.8,Yes,Placed
2056,7.8,0,1,0,64,3.9,No,NotPlaced
2057,8,1,3,0,74,3.8,Yes,NotPlaced
2058,8.4,2,3,2,90,4.8,Yes,Placed
2059,8.7,2,3,2,90,4.8,Yes,Placed
2060,8.4,0,3,2,87,4.8,No,Placed
2061,7.1,1,1,0,79,3.8,No,NotPlaced
2062,8.1,1,2,0,78,4.2,Yes,Placed
2063,8.4,1,3,2,90,4.7,Yes,Placed
2064,8.8,0,3,2,89,4.5,Yes,Placed
2065,7.5,2,2,1,75,4.2,Yes,NotPlaced
2066,7.7,1,2,1,69,4.5,Yes,NotPlaced
2067,7.5,0,2,1,81,4.1,No,NotPlaced
2068,7.9,0,3,1,77,4.7,No,NotPlaced
2069,7.5,1,3,0,83,4.8,Yes,Placed
2070,8.6,1,3,0,87,4.7,Yes,Placed
2071,8.3,0,3,2,90,4.7,Yes,Placed
2072,7.6,0,2,1,69,4.8,No,NotPlaced
2073,6.7,1,1,0,81,4.6,Yes,Placed
2074,7.6,0,1,0,73,4.7,No,NotPlaced
2075,6.5,0,1,0,81,4.1,Yes,NotPlaced
2076,7.9,2,3,2,90,4.5,No,Placed
2077,8.4,0,3,2,90,4.7,Yes,Placed
2078,6.9,1,1,0,76,4.5,No,Placed
2079,7.8,2,3,2,82,4.6,No,NotPlaced
2080,7.3,1,1,0,74,4.5,No,NotPlaced
2081,6.8,0,2,1,76,4,Yes,NotPlaced
2082,7.6,0,2,0,84,4.5,Yes,Placed
2083,7.4,1,1,1,82,4.3,Yes,NotPlaced
2084,8.7,1,2,2,84,4.3,No,NotPlaced
2085,8,2,1,0,74,4.6,Yes,Placed
2086,7.9,0,3,2,89,4.5,No,Placed
2087,7.8,2,3,2,90,4.8,Yes,Placed
2088,7.8,1,2,0,77,4.2,Yes,Placed
2089,6.8,1,1,1,78,4,No,NotPlaced
2090,8.7,1,1,2,80,3.8,Yes,NotPlaced
2091,7.7,1,2,2,86,4.8,Yes,Placed
2092,7.6,1,1,1,77,4,Yes,Placed
2093,7.7,1,2,0,88,4.5,Yes,NotPlaced
2094,6.7,2,3,2,83,4,No,Placed
2095,7.7,1,1,0,82,4.3,Yes,NotPlaced
2096,8.2,0,2,2,83,4.8,Yes,Placed
2097,8.2,2,2,2,82,4.7,No,Placed
2098,6.9,2,3,0,80,4.4,Yes,NotPlaced
2099,8.1,1,3,2,90,4.3,Yes,NotPlaced
2100,8.1,1,3,3,89,4.8,Yes,Placed
2101,6.7,1,2,0,74,4,Yes,NotPlaced
2102,8.4,1,2,2,77,4.1,No,NotPlaced
2103,7.9,0,2,2,85,4.2,No,NotPlaced
2104,6.5,1,2,0,77,3.5,Yes,Placed
2105,7.5,0,1,1,79,4.4,Yes,NotPlaced
2106,8.1,2,3,2,85,4.8,Yes,Placed
2107,7.3,0,1,1,66,4.7,No,NotPlaced
2108,8.7,2,3,2,90,4.8,Yes,Placed
2109,7.5,1,1,0,70,4.4,Yes,NotPlaced
2110,8.1,1,1,0,60,3.7,No,NotPlaced
2111,8.7,2,3,2,90,4.8,Yes,Placed
2112,7.5,1,3,0,84,4.1,Yes,NotPlaced
2113,8.7,0,3,1,88,4.8,No,Placed
2114,8,2,3,2,90,4.5,Yes,Placed
2115,8.3,0,1,1,77,3.8,Yes,NotPlaced
2116,6.6,0,1,1,71,4.4,Yes,NotPlaced
2117,8.3,1,3,2,90,4.8,Yes,Placed
2118,7.8,0,1,0,81,4.2,No,NotPlaced
2119,8,1,1,2,84,4.6,No,Placed
2120,6.5,0,2,1,75,3.9,Yes,NotPlaced
2121,7.5,1,2,0,67,4.4,No,NotPlaced
2122,7.7,2,3,1,67,4.2,Yes,NotPlaced
2123,8.1,2,2,0,90,4.8,Yes,NotPlaced
2124,6.5,1,1,0,67,3.8,No,NotPlaced
2125,7.1,1,1,0,70,4.1,Yes,NotPlaced
2126,7.7,1,3,0,86,4.8,Yes,Placed
2127,8.7,2,3,2,90,4.8,Yes,Placed
2128,7.6,1,2,1,83,3.9,Yes,Placed
2129,8.6,1,2,0,77,4.7,Yes,Placed
2130,7.9,0,3,2,90,4.4,Yes,Placed
2131,8.1,0,2,0,70,4.8,Yes,Placed
2132,8.1,1,2,1,69,4,Yes,Placed
2133,8.1,1,1,0,62,3,No,NotPlaced
2134,8.2,2,3,2,90,4.8,No,Placed
2135,8.1,2,2,2,79,4.6,Yes,NotPlaced
2136,7.7,0,2,2,83,4.5,Yes,Placed
2137,6.5,1,2,1,72,4.6,Yes,NotPlaced
2138,8,2,2,2,90,4.8,Yes,Placed
2139,8.4,1,3,0,83,4.8,Yes,Placed
2140,6.5,1,0,0,88,4.7,Yes,Placed
2141,7.3,1,1,1,60,4.1,No,NotPlaced
2142,7.7,1,2,0,78,3.8,Yes,NotPlaced
2143,8.5,1,3,2,88,4.8,Yes,Placed
2144,6.6,1,2,2,73,3.3,Yes,Placed
2145,8.5,0,3,2,87,4.7,Yes,Placed
2146,6.5,1,1,0,76,3.8,No,NotPlaced
2147,8.5,2,3,1,90,4.7,Yes,Placed
2148,7,1,3,1,88,4.8,Yes,Placed
2149,8.2,1,3,0,77,4.5,Yes,Placed
2150,6.5,1,1,0,77,4.3,No,NotPlaced
2151,7.5,1,1,1,88,4.8,Yes,Placed
2152,7.6,1,2,2,87,4.8,Yes,NotPlaced
2153,6.5,1,1,1,60,4,No,NotPlaced
2154,6.6,1,2,1,69,3.6,Yes,NotPlaced
2155,7.8,1,2,0,82,4,Yes,NotPlaced
2156,8.4,2,3,2,90,4.8,No,Placed
2157,7.4,1,2,2,74,4.4,Yes,NotPlaced
2158,7.8,2,2,1,65,4.8,Yes,Placed
2159,7.9,0,2,1,79,4.8,Yes,NotPlaced
2160,7.4,1,1,1,68,4.5,No,NotPlaced
2161,8.4,0,3,2,90,4.8,Yes,Placed
2162,7.4,1,2,0,66,4.7,Yes,NotPlaced
2163,7.8,0,1,0,61,3.8,No,NotPlaced
2164,6.5,1,1,0,68,3.8,No,NotPlaced
2165,7.6,1,2,0,72,4.1,Yes,NotPlaced
2166,6.8,2,3,3,90,4.8,Yes,Placed
2167,8,1,2,2,80,4.7,No,NotPlaced
2168,7.9,0,1,2,87,4.7,Yes,NotPlaced
2169,8.7,0,3,2,90,4.8,Yes,Placed
2170,8.2,1,0,0,84,4.8,Yes,Placed
2171,8.5,1,3,2,83,4.8,Yes,Placed
2172,7.1,2,1,0,72,4.3,Yes,NotPlaced
2173,7.8,1,2,0,71,3.7,Yes,Placed
2174,8.3,0,2,2,84,4.8,Yes,Placed
2175,7.6,2,1,1,82,3.9,No,NotPlaced
2176,6.5,1,1,0,77,3.7,Yes,NotPlaced
2177,7.8,1,2,2,68,4.4,No,NotPlaced
2178,8.3,2,3,2,90,4.8,Yes,Placed
2179,8.4,2,3,2,90,4.8,Yes,Placed
2180,6.5,1,1,1,61,3.1,No,NotPlaced
2181,7.5,1,2,0,87,4.5,No,NotPlaced
2182,8.3,2,3,2,90,4.7,No,Placed
2183,7.7,2,3,2,90,4.7,Yes,Placed
2184,7.2,1,1,1,77,4.7,Yes,Placed
2185,8,1,3,1,83,4.7,Yes,NotPlaced
2186,6.9,1,1,0,76,4.3,Yes,NotPlaced
2187,7.8,2,1,1,74,3.6,Yes,NotPlaced
2188,8.6,1,2,2,85,3.7,Yes,NotPlaced
2189,7.9,1,3,0,78,4.6,Yes,Placed
2190,8.3,0,2,0,70,4.1,Yes,NotPlaced
2191,7.8,1,2,1,78,4.8,Yes,NotPlaced
2192,7.6,2,3,2,81,4,Yes,Placed
2193,7.3,0,1,0,67,3.6,No,NotPlaced
2194,7.8,1,1,0,79,4,Yes,NotPlaced
2195,7.4,1,1,0,74,4.4,Yes,Placed
2196,8.3,1,3,2,79,4.4,Yes,Placed
2197,8,1,2,2,74,4.1,Yes,Placed
2198,7.6,0,2,2,78,4.4,Yes,NotPlaced
2199,8.3,0,3,0,82,4.5,Yes,Placed
2200,8.5,2,3,0,90,4.8,No,Placed
2201,8.1,1,1,0,90,4.7,Yes,NotPlaced
2202,8.5,1,3,0,79,4.5,Yes,NotPlaced
2203,6.8,0,1,1,79,4.2,Yes,NotPlaced
2204,6.5,0,2,1,60,3.1,No,NotPlaced
2205,8.3,0,3,1,76,4.5,No,NotPlaced
2206,6.5,0,1,0,62,4,Yes,NotPlaced
2207,8,2,3,3,90,4.6,Yes,Placed
2208,7.8,1,1,0,89,4.7,Yes,NotPlaced
2209,8.9,2,3,2,86,4.7,Yes,Placed
2210,8.3,1,3,2,85,4.8,Yes,Placed
2211,8.5,2,3,2,90,4.7,Yes,Placed
2212,8.5,0,1,1,90,4.8,No,NotPlaced
2213,6.5,1,1,1,62,4.1,Yes,NotPlaced
2214,8.1,0,1,2,81,4.1,Yes,Placed
2215,6.5,0,1,1,65,4.2,Yes,NotPlaced
2216,7.7,2,3,2,89,4.8,Yes,Placed
2217,8.2,1,2,0,68,4.2,No,NotPlaced
2218,6.7,1,1,1,70,4.5,Yes,NotPlaced
2219,7.5,0,1,1,71,3.4,No,NotPlaced
2220,8.3,2,3,2,82,4.8,Yes,Placed
2221,6.5,1,2,3,77,4.4,No,NotPlaced
2222,6.5,0,2,0,71,3.4,Yes,NotPlaced
2223,7.4,1,2,0,65,3.9,No,NotPlaced
2224,6.5,1,2,1,76,4.3,No,Placed
2225,7.4,0,3,2,90,4.7,Yes,Placed
2226,7.7,0,1,1,66,3.4,No,NotPlaced
2227,8.4,1,3,2,81,4.3,Yes,Placed
2228,7.8,1,3,0,81,4.5,Yes,Placed
2229,8,1,3,2,90,4.7,Yes,NotPlaced
2230,8.3,2,3,2,90,4.8,Yes,Placed
2231,8,1,3,0,83,4.8,Yes,NotPlaced
2232,8.4,1,3,1,78,4.4,No,NotPlaced
2233,8.3,2,3,2,90,4.8,Yes,Placed
2234,8.4,2,3,2,84,4.8,Yes,Placed
2235,8.5,1,3,2,86,4.6,Yes,Placed
2236,8.3,1,2,2,90,4.8,Yes,Placed
2237,8.5,1,2,3,90,4.8,Yes,NotPlaced
2238,6.8,0,2,1,89,3.9,Yes,Placed
2239,7.5,1,2,0,82,4.4,Yes,Placed
2240,7.4,1,2,1,64,3.5,No,NotPlaced
2241,7.8,1,1,0,73,3.2,Yes,NotPlaced
2242,7.5,1,1,0,68,4.1,Yes,NotPlaced
2243,6.5,2,3,0,89,4.4,Yes,Placed
2244,7.5,1,2,0,79,3.8,No,NotPlaced
2245,7.4,0,1,1,69,4,Yes,NotPlaced
2246,8,1,2,1,83,4,Yes,Placed
2247,8.5,2,2,2,69,4.4,Yes,NotPlaced
2248,7.8,1,3,0,87,4.1,Yes,NotPlaced
2249,6.6,0,2,0,64,4.2,No,NotPlaced
2250,8.5,1,2,1,76,3.8,Yes,NotPlaced
2251,6.5,1,2,1,66,4.2,No,NotPlaced
2252,7.6,1,3,3,78,4.7,No,Placed
2253,7.7,1,1,1,75,4.6,Yes,NotPlaced
2254,8,2,3,0,90,4.4,Yes,Placed
2255,8,1,3,2,86,4.8,No,Placed
2256,6.8,1,2,0,75,4.5,Yes,NotPlaced
2257,8.2,1,3,2,79,4.1,Yes,Placed
2258,8.1,2,3,2,86,4.5,Yes,Placed
2259,8.3,1,2,0,82,4.6,Yes,Placed
2260,8.2,2,3,2,90,4.8,Yes,Placed
2261,7.6,1,2,0,85,4.6,Yes,NotPlaced
2262,6.5,1,2,0,76,4.2,Yes,NotPlaced
2263,8.3,1,2,1,84,4.7,Yes,NotPlaced
2264,7.4,0,1,0,85,3.9,Yes,NotPlaced
2265,7.6,1,2,0,77,4.1,Yes,Placed
2266,8.4,2,3,1,83,4.6,Yes,Placed
2267,7.4,1,1,0,74,4.1,Yes,NotPlaced
2268,8,1,1,0,77,3.9,Yes,Placed
2269,8.2,0,3,2,80,4.8,Yes,Placed
2270,8.2,1,2,2,89,4.3,Yes,Placed
2271,8,0,2,2,83,4.6,Yes,NotPlaced
2272,7.8,2,3,0,75,4.5,Yes,Placed
2273,8,1,2,1,80,3.4,Yes,NotPlaced
2274,6.5,2,2,2,79,4.4,No,Placed
2275,6.5,1,1,0,62,4,No,NotPlaced
2276,7.9,1,1,1,78,4.2,No,NotPlaced
2277,6.5,0,1,0,73,3.7,No,NotPlaced
2278,7.8,1,3,2,90,4.8,Yes,Placed
2279,7.8,1,2,0,72,4.5,Yes,NotPlaced
2280,8,2,3,2,87,4.5,Yes,Placed
2281,8.3,0,3,2,74,4.1,Yes,NotPlaced
2282,6.6,1,1,0,68,3.9,Yes,Placed
2283,7.5,1,3,1,78,4,No,NotPlaced
2284,7.6,1,1,1,70,4.5,No,NotPlaced
2285,7.7,0,1,0,65,3.9,No,NotPlaced
2286,7.4,1,2,0,80,4.3,Yes,NotPlaced
2287,8.5,1,1,0,75,4.2,Yes,NotPlaced
2288,7.5,1,2,1,67,3.3,Yes,NotPlaced
2289,7.6,1,3,0,82,4.8,Yes,Placed
2290,8,1,2,1,80,4.2,No,NotPlaced
2291,8.7,1,3,2,80,4.7,Yes,Placed
2292,6.5,0,2,0,76,3.6,Yes,NotPlaced
2293,8.2,1,3,2,76,4.4,Yes,NotPlaced
2294,6.5,1,1,0,80,4.4,Yes,NotPlaced
2295,8.4,2,3,2,90,4.5,No,Placed
2296,7.9,2,1,2,81,4.8,No,Placed
2297,7.6,1,2,0,71,4.1,No,NotPlaced
2298,7.5,1,1,1,73,4.2,Yes,NotPlaced
2299,7.5,1,1,1,62,4.3,No,NotPlaced
2300,8.4,0,1,1,67,4.1,No,Placed
2301,8.8,0,3,0,82,4.8,Yes,Placed
2302,8,1,3,3,90,4.8,Yes,Placed
2303,8.6,2,3,2,90,4.5,Yes,Placed
2304,8.4,2,3,2,90,4.8,Yes,NotPlaced
2305,8.2,1,3,2,90,3.6,Yes,Placed
2306,7.3,1,1,1,64,4.1,No,NotPlaced
2307,6.5,1,2,2,75,4.1,Yes,Placed
2308,7.4,1,1,1,63,3.6,No,NotPlaced
2309,8,2,1,0,77,4.5,Yes,NotPlaced
2310,7.9,1,2,0,80,4.5,Yes,NotPlaced
2311,8.3,0,3,0,88,4.7,Yes,NotPlaced
2312,7,1,3,1,90,4.7,Yes,NotPlaced
2313,6.5,1,2,0,80,4.4,Yes,NotPlaced
2314,8.2,1,3,0,77,4.3,No,NotPlaced
2315,8.7,1,2,1,90,4.6,No,NotPlaced
2316,7.5,1,1,0,76,4.5,Yes,Placed
2317,7.6,1,1,0,60,4,No,NotPlaced
2318,7.6,1,3,0,84,4.1,No,NotPlaced
2319,8.3,1,3,2,89,4.7,Yes,NotPlaced
2320,7.4,0,1,1,90,4.8,Yes,NotPlaced
2321,7.6,1,2,0,79,4.1,Yes,NotPlaced
2322,7.4,1,2,1,62,4.5,Yes,NotPlaced
2323,7.5,0,1,1,71,4.4,Yes,NotPlaced
2324,7.7,1,1,0,75,3.6,Yes,NotPlaced
2325,6.5,2,2,1,81,4.8,No,NotPlaced
2326,7.4,2,3,1,79,4.4,Yes,NotPlaced
2327,7.5,1,1,0,67,4.3,No,NotPlaced
2328,7.8,1,3,0,90,4.6,Yes,NotPlaced
2329,8.1,1,1,0,72,4,No,NotPlaced
2330,8,1,3,0,83,4.1,Yes,Placed
2331,7.4,2,2,1,78,4.3,No,NotPlaced
2332,8.6,2,3,2,86,4.1,Yes,Placed
2333,7.6,1,3,1,73,3.9,No,Placed
2334,8,0,3,2,90,4.8,Yes,Placed
2335,7.6,1,3,2,90,4.3,Yes,Placed
2336,7.3,1,1,1,73,4,Yes,NotPlaced
2337,7.5,1,2,1,90,3.4,Yes,NotPlaced
2338,8,1,3,2,84,4.7,Yes,Placed
2339,8.5,0,3,3,84,4.6,Yes,NotPlaced
2340,8.6,1,3,1,88,4.8,Yes,NotPlaced
2341,6.6,1,1,0,69,4.2,Yes,NotPlaced
2342,7.7,1,1,1,79,3.9,Yes,NotPlaced
2343,8.7,2,2,1,72,4.6,Yes,NotPlaced
2344,7.5,1,2,0,65,3.5,No,NotPlaced
2345,6.7,1,1,1,76,4.6,No,NotPlaced
2346,7.2,1,3,2,81,4.8,Yes,Placed
2347,6.9,1,1,1,76,4.8,Yes,NotPlaced
2348,8.2,2,3,2,86,4.7,Yes,Placed
2349,8.5,2,3,2,84,4.6,Yes,Placed
2350,8.2,0,3,0,90,4.3,Yes,NotPlaced
2351,7.3,1,1,1,77,4.1,No,NotPlaced
2352,7.6,1,2,1,71,4.1,Yes,NotPlaced
2353,6.5,1,3,2,85,3.7,Yes,Placed
2354,7.4,1,3,0,83,3.8,Yes,NotPlaced
2355,8,2,3,2,90,4.8,Yes,Placed
2356,8.2,2,1,2,77,4.8,Yes,NotPlaced
2357,7.5,1,1,0,66,4.1,No,NotPlaced
2358,8.1,2,2,1,90,4.7,Yes,Placed
2359,6.5,1,3,0,87,4.8,No,NotPlaced
2360,8.8,1,3,0,86,4.4,Yes,NotPlaced
2361,7.4,1,2,1,73,4.5,No,NotPlaced
2362,8.2,2,3,2,90,4.7,Yes,Placed
2363,7.7,1,2,0,74,3.8,Yes,NotPlaced
2364,8.5,2,3,2,86,4.8,Yes,Placed
2365,8.6,1,3,1,83,4.7,Yes,Placed
2366,8.6,1,2,0,86,4.1,Yes,NotPlaced
2367,7.7,1,3,2,86,4.5,Yes,NotPlaced
2368,8.2,2,3,2,90,4.2,Yes,Placed
2369,6.5,1,2,1,86,4.3,Yes,Placed
2370,9,2,3,2,88,4.8,Yes,Placed
2371,7.5,0,2,1,73,3.6,No,NotPlaced
2372,7.8,0,2,0,74,4.2,Yes,NotPlaced
2373,8.3,0,3,0,88,3.4,Yes,Placed
2374,6.5,2,1,1,77,4.2,Yes,NotPlaced
2375,6.5,0,2,3,85,4.5,Yes,Placed
2376,7.4,1,1,0,77,3.6,No,NotPlaced
2377,8.2,2,3,2,90,4.8,Yes,Placed
2378,8.5,2,3,2,90,4.8,Yes,Placed
2379,8.6,2,3,2,90,4.8,Yes,Placed
2380,8.5,1,1,2,72,4,Yes,Placed
2381,7.8,1,3,2,83,4.2,Yes,NotPlaced
2382,8.4,2,3,2,83,4.8,Yes,Placed
2383,8.5,2,1,1,73,4.5,No,NotPlaced
2384,7.7,1,1,1,70,4.3,Yes,NotPlaced
2385,7.5,1,2,0,81,4.8,Yes,NotPlaced
2386,6.5,1,3,1,90,4.5,No,NotPlaced
2387,7.8,1,2,0,83,4.8,Yes,Placed
2388,7.6,1,1,1,76,4.2,Yes,Placed
2389,7.6,1,1,1,85,4.1,Yes,NotPlaced
2390,6.5,0,1,0,90,4.5,Yes,NotPlaced
2391,8,2,2,1,82,3.9,Yes,NotPlaced
2392,7.5,2,1,1,65,4,Yes,NotPlaced
2393,7.8,1,1,0,63,4.4,Yes,NotPlaced
2394,6.9,0,3,2,82,4.8,Yes,Placed
2395,8.6,1,3,2,88,4.6,Yes,Placed
2396,7,0,3,1,67,3.6,Yes,NotPlaced
2397,8.8,2,1,2,83,4.8,Yes,Placed
2398,7.4,1,2,0,87,3.5,Yes,NotPlaced
2399,6.7,1,1,1,69,4,No,NotPlaced
2400,7.7,1,1,0,72,4.2,No,NotPlaced
2401,7.4,1,1,2,68,4.3,Yes,NotPlaced
2402,8.3,1,2,0,72,4.2,No,NotPlaced
2403,8.2,2,3,0,87,4.7,Yes,Placed
2404,8,1,3,1,77,4.5,Yes,NotPlaced
2405,7.8,1,1,0,81,4.5,Yes,NotPlaced
2406,7.6,1,1,2,77,3.9,Yes,NotPlaced
2407,7.6,0,1,0,83,3.2,No,NotPlaced
2408,7.4,1,3,2,83,4.5,No,Placed
2409,6.5,1,1,1,79,4.1,No,Placed
2410,7.9,1,1,1,76,4.4,Yes,NotPlaced
2411,8.4,0,3,0,80,4.3,Yes,NotPlaced
2412,8.7,1,2,2,74,4.1,Yes,Placed
2413,8.5,2,2,2,89,4.6,Yes,Placed
2414,8,2,3,2,90,4.8,Yes,Placed
2415,7.4,1,3,0,78,4.6,Yes,NotPlaced
2416,8.2,2,3,2,87,4.8,Yes,Placed
2417,7.3,1,2,0,69,3.7,Yes,NotPlaced
2418,7.5,0,3,0,78,4.7,No,NotPlaced
2419,7.5,1,2,0,78,3.9,Yes,NotPlaced
2420,7.6,0,2,0,68,3.9,Yes,NotPlaced
2421,7.9,2,3,3,90,4.7,No,Placed
2422,7.5,1,1,0,67,4.2,No,NotPlaced
2423,7.6,1,2,2,74,4.2,Yes,NotPlaced
2424,8,1,2,2,87,4.8,Yes,Placed
2425,7.6,1,1,1,68,4,Yes,NotPlaced
2426,8,2,3,2,89,4.1,Yes,Placed
2427,6.5,0,1,1,84,3.6,No,NotPlaced
2428,8.2,1,1,1,87,4.7,Yes,NotPlaced
2429,7.3,1,1,0,84,3.9,Yes,NotPlaced
2430,8.4,2,3,2,90,4.8,Yes,Placed
2431,7.9,2,3,2,90,4.6,Yes,Placed
2432,7.4,1,1,1,69,3.9,Yes,NotPlaced
2433,6.5,0,1,1,76,4.7,No,NotPlaced
2434,7.7,1,1,0,70,3.9,Yes,NotPlaced
2435,8.4,0,3,2,90,4.8,Yes,Placed
2436,8,1,2,0,61,3.6,No,NotPlaced
2437,7.7,0,1,1,90,4.3,Yes,Placed
2438,7.6,1,2,0,70,4.7,Yes,Placed
2439,7.4,0,2,0,76,4.5,Yes,NotPlaced
2440,6.8,1,2,0,75,4.2,Yes,NotPlaced
2441,8,0,3,2,76,4.7,Yes,Placed
2442,8.4,2,3,2,90,4.5,Yes,Placed
2443,7.4,2,2,0,69,4.1,No,NotPlaced
2444,7.8,1,3,1,75,4.4,Yes,NotPlaced
2445,6.5,1,1,2,68,3.5,No,NotPlaced
2446,8.7,0,3,2,81,4.5,Yes,Placed
2447,8.4,2,1,1,88,4.8,Yes,NotPlaced
2448,7.8,0,1,0,67,4.1,No,NotPlaced
2449,6.7,1,1,0,63,4.6,No,NotPlaced
2450,8.6,2,3,2,90,4.8,Yes,Placed
2451,8,1,3,2,82,4.8,Yes,Placed
2452,7.8,2,1,0,86,4.3,Yes,Placed
2453,7.6,0,1,1,75,3.6,Yes,NotPlaced
2454,8,1,2,3,74,4,Yes,Placed
2455,7.2,1,1,0,82,4,Yes,Placed
2456,7.9,1,3,0,83,4.8,No,NotPlaced
2457,7.8,2,3,2,90,3.9,Yes,NotPlaced
2458,8.1,0,2,3,72,3.2,Yes,Placed
2459,8.4,2,3,3,83,4.7,No,NotPlaced
2460,7.6,1,2,0,71,4.8,Yes,NotPlaced
2461,8.4,2,2,0,83,4.8,No,Placed
2462,7.6,1,1,0,70,4.1,No,NotPlaced
2463,7.9,0,1,0,64,4.1,Yes,NotPlaced
2464,7.6,1,2,1,86,4.4,Yes,NotPlaced
2465,7.5,0,2,0,90,4.8,Yes,NotPlaced
2466,7.6,1,1,1,84,4.1,No,NotPlaced
2467,7.5,1,2,0,79,4.3,Yes,NotPlaced
2468,7.9,1,1,1,89,4,Yes,NotPlaced
2469,7.9,2,3,3,78,4.5,Yes,Placed
2470,7.6,1,3,0,68,4.2,Yes,NotPlaced
2471,8.1,1,1,0,70,4.3,No,NotPlaced
2472,7.6,2,1,0,73,4.6,Yes,NotPlaced
2473,7.9,2,1,2,75,3.9,No,NotPlaced
2474,8.5,2,3,2,88,4.8,Yes,NotPlaced
2475,7.5,2,3,0,88,4.6,Yes,NotPlaced
2476,7.7,1,2,0,73,3.8,Yes,NotPlaced
2477,7.6,1,1,2,67,3.8,Yes,Placed
2478,8.3,2,3,2,85,4.5,Yes,Placed
2479,7.4,1,2,1,72,3.3,Yes,Placed
2480,8.2,1,1,1,84,3.9,Yes,Placed
2481,6.6,1,1,1,77,3,No,NotPlaced
2482,8.6,1,3,2,90,4.8,Yes,Placed
2483,7.6,1,2,2,76,4.5,Yes,NotPlaced
2484,8.6,1,3,0,83,4.8,Yes,Placed
2485,7.7,1,0,0,75,4.1,Yes,Placed
2486,8,1,2,0,72,4.8,No,NotPlaced
2487,8.1,1,3,2,85,4.7,Yes,Placed
2488,6.5,1,2,1,82,4,Yes,NotPlaced
2489,7.7,1,3,0,86,4.1,Yes,NotPlaced
2490,8.2,1,1,2,72,4.4,No,NotPlaced
2491,7.7,2,2,2,90,4.8,Yes,Placed
2492,8.6,1,2,2,90,4.6,Yes,Placed
2493,8,0,1,0,70,3.6,No,NotPlaced
2494,7.5,1,2,0,71,4,No,NotPlaced
2495,7.9,1,3,2,90,4.6,Yes,Placed
2496,7.4,1,1,1,66,4,Yes,NotPlaced
2497,8,0,3,1,80,4.6,Yes,Placed
2498,8.4,1,2,0,82,4.4,Yes,NotPlaced
2499,7.6,1,1,0,83,4.3,Yes,NotPlaced
2500,8.5,0,1,0,81,4.2,Yes,Placed
2501,8,1,2,0,90,4.3,Yes,NotPlaced
2502,7.8,0,2,0,80,4.1,Yes,Placed
2503,7.7,1,1,0,67,4,No,NotPlaced
2504,7.8,2,3,2,84,4.7,Yes,Placed
2505,7.5,1,2,2,72,3.9,Yes,NotPlaced
2506,8.3,1,3,2,90,4.8,Yes,Placed
2507,8.3,1,0,0,73,4.6,Yes,Placed
2508,6.9,0,2,0,79,4.1,Yes,NotPlaced
2509,6.8,1,1,1,72,4.3,Yes,Placed
2510,7.3,1,1,1,66,3.6,Yes,NotPlaced
2511,8.2,2,3,2,87,4.8,Yes,Placed
2512,8.1,0,2,0,81,4.8,Yes,NotPlaced
2513,6.8,1,1,1,78,4.1,No,NotPlaced
2514,7.7,1,2,0,68,3.7,Yes,NotPlaced
2515,7.4,2,1,0,74,4.5,Yes,NotPlaced
2516,8.2,2,3,2,90,4.5,Yes,Placed
2517,8,1,3,0,89,4.5,Yes,Placed
2518,6.7,2,3,2,85,4.2,Yes,NotPlaced
2519,6.8,0,1,1,62,3.5,No,NotPlaced
2520,7.7,0,2,0,81,4.2,Yes,NotPlaced
2521,7.6,1,1,0,69,3.9,No,NotPlaced
2522,8.1,1,1,2,76,4,Yes,NotPlaced
2523,7.5,1,2,0,75,3.9,No,NotPlaced
2524,8.4,1,3,2,85,4.8,Yes,Placed
2525,7.8,0,2,1,74,4.5,Yes,Placed
2526,6.9,0,1,1,73,3.5,Yes,NotPlaced
2527,8.2,0,2,1,68,4.3,Yes,Placed
2528,7,0,1,1,75,4,Yes,NotPlaced
2529,6.8,1,2,2,76,3.7,Yes,NotPlaced
2530,8.3,0,3,0,90,4.8,Yes,Placed
2531,8.5,2,3,2,87,4.4,Yes,Placed
2532,7.3,1,1,2,76,4.3,No,Placed
2533,7.5,1,3,0,83,4.7,Yes,Placed
2534,6.5,1,2,1,78,4.5,No,NotPlaced
2535,7.2,1,1,1,73,3.6,No,Placed
2536,8.1,1,3,2,90,4.8,Yes,Placed
2537,7.4,1,1,0,90,4.4,Yes,NotPlaced
2538,7.4,0,2,2,78,3.8,Yes,NotPlaced
2539,8.4,2,3,2,90,4.8,Yes,Placed
2540,7.5,1,3,1,84,4.8,Yes,Placed
2541,6.8,0,2,2,84,4.5,No,NotPlaced
2542,8.4,1,2,2,72,4.6,Yes,NotPlaced
2543,8.4,1,3,2,90,4.8,Yes,Placed
2544,7.6,1,2,0,90,4.8,Yes,Placed
2545,8.2,0,1,1,85,4.7,No,NotPlaced
2546,8.3,1,3,1,72,4.3,Yes,NotPlaced
2547,6.9,1,2,1,60,4.8,Yes,NotPlaced
2548,8.7,1,3,0,87,4.8,Yes,NotPlaced
2549,7.5,1,1,1,72,4.4,Yes,NotPlaced
2550,7.6,1,2,0,86,4.2,Yes,NotPlaced
2551,7.6,2,3,0,78,3.7,Yes,Placed
2552,8.5,2,1,1,80,3.6,No,NotPlaced
2553,6.9,2,3,3,80,4.8,No,Placed
2554,8,1,3,2,90,4.8,Yes,Placed
2555,8.2,2,3,2,90,4.1,Yes,Placed
2556,8.2,1,3,2,89,4.5,Yes,Placed
2557,8.4,1,2,2,86,4.8,Yes,Placed
2558,8.2,1,3,2,90,4.8,Yes,Placed
2559,7.5,0,1,0,77,4.3,Yes,NotPlaced
2560,8.4,1,3,2,90,4.8,Yes,Placed
2561,8.3,2,3,2,90,4.8,Yes,Placed
2562,8.4,0,2,2,86,4.7,Yes,NotPlaced
2563,7.5,1,2,0,77,4.8,Yes,NotPlaced
2564,7.6,1,1,2,73,4.2,No,NotPlaced
2565,7.6,2,2,2,79,4.8,Yes,Placed
2566,8.3,1,2,0,76,4.4,Yes,Placed
2567,7.5,1,1,0,68,4.8,Yes,NotPlaced
2568,7.4,1,1,0,66,3.8,Yes,NotPlaced
2569,8.3,0,1,1,69,4.1,Yes,NotPlaced
2570,8.4,1,3,2,90,4.7,Yes,Placed
2571,7.1,1,1,0,74,4.7,No,NotPlaced
2572,8.4,0,2,0,81,3.8,Yes,Placed
2573,8.1,0,3,2,87,4.8,No,Placed
2574,7.4,1,1,3,74,4.1,Yes,NotPlaced
2575,7.8,1,1,2,62,3.9,No,NotPlaced
2576,8.2,2,3,0,81,4.7,No,NotPlaced
2577,7.4,1,3,2,87,4.4,Yes,NotPlaced
2578,6.6,1,1,1,83,3.9,No,NotPlaced
2579,6.7,0,2,0,82,4.3,Yes,NotPlaced
2580,6.5,0,1,1,73,3.8,Yes,NotPlaced
2581,8,0,1,1,67,4.1,Yes,Placed
2582,7.9,1,3,0,78,4.2,Yes,Placed
2583,6.5,2,3,2,81,3.3,Yes,Placed
2584,8.7,2,3,2,90,4.8,Yes,Placed
2585,8.8,2,3,2,85,4.7,No,Placed
2586,6.6,1,1,0,60,4.2,Yes,NotPlaced
2587,7.4,1,2,0,73,3.3,Yes,NotPlaced
2588,8.8,1,1,0,69,4.7,Yes,NotPlaced
2589,7.3,2,2,1,85,4.8,No,NotPlaced
2590,8.5,2,3,2,90,4.7,Yes,Placed
2591,7.9,2,2,1,88,4.5,Yes,Placed
2592,6.6,1,3,2,76,4.5,Yes,Placed
2593,8.2,2,2,0,72,4.8,Yes,NotPlaced
2594,7.5,1,2,1,76,4.2,Yes,NotPlaced
2595,7.7,1,1,0,73,4,Yes,Placed
2596,8.2,2,3,2,90,4.8,Yes,Placed
2597,7.5,1,2,1,77,4.6,Yes,NotPlaced
2598,7.1,1,1,1,87,4.2,No,NotPlaced
2599,7.7,1,2,0,84,4.7,Yes,NotPlaced
2600,7.3,1,1,0,68,4.3,No,NotPlaced
2601,7.9,0,1,0,69,3.8,Yes,NotPlaced
2602,8.2,0,2,2,90,4.8,Yes,Placed
2603,6.8,1,1,0,80,4.3,Yes,Placed
2604,7.3,1,1,0,62,4.1,No,NotPlaced
2605,7.9,2,3,2,90,4.7,Yes,Placed
2606,8.4,2,3,2,90,4.8,Yes,Placed
2607,8.6,2,3,2,79,4.8,Yes,Placed
2608,8.5,1,1,0,80,4.6,No,NotPlaced
2609,7.8,2,3,0,81,4.5,Yes,NotPlaced
2610,7.3,0,3,2,90,4.1,Yes,Placed
2611,7.6,0,1,1,65,4.2,Yes,NotPlaced
2612,8.5,0,2,2,86,4.8,Yes,Placed
2613,8.5,2,3,2,90,4.8,Yes,Placed
2614,8.4,2,3,2,90,4.5,Yes,NotPlaced
2615,7.7,0,1,1,72,3.8,Yes,NotPlaced
2616,7.7,0,2,0,80,4.3,Yes,NotPlaced
2617,7.4,2,1,2,90,4.7,Yes,NotPlaced
2618,6.6,1,1,0,72,4.1,No,Placed
2619,7.4,1,0,1,67,3.6,No,NotPlaced
2620,7.9,2,1,0,77,4.3,No,NotPlaced
2621,8.6,2,3,2,84,4.5,Yes,Placed
2622,7.5,1,1,1,69,3.7,No,NotPlaced
2623,6.7,1,1,0,70,3.6,No,NotPlaced
2624,7.8,1,3,2,90,4.1,No,NotPlaced
2625,7.7,1,1,0,82,3.7,Yes,Placed
2626,7.6,1,1,0,89,4.2,Yes,NotPlaced
2627,6.6,1,1,0,87,4.8,No,NotPlaced
2628,6.7,2,1,2,77,4.1,Yes,NotPlaced
2629,7.5,1,1,1,65,3.7,Yes,NotPlaced
2630,8.4,1,3,1,80,4.4,Yes,NotPlaced
2631,7.6,1,3,0,80,4.7,No,NotPlaced
2632,7.5,1,2,0,62,3.9,No,NotPlaced
2633,8.4,2,2,0,80,4,No,NotPlaced
2634,7.5,1,1,0,80,4.7,No,Placed
2635,7.9,1,2,1,86,4.6,Yes,Placed
2636,6.5,0,1,0,76,4.6,Yes,NotPlaced
2637,8.3,1,3,2,90,4.8,Yes,Placed
2638,8.1,1,3,2,86,4.6,Yes,Placed
2639,7.6,0,1,0,69,3.4,No,NotPlaced
2640,8.4,2,3,2,90,4.8,Yes,Placed
2641,8,0,1,0,81,3.1,No,NotPlaced
2642,8.1,1,2,0,89,4.8,Yes,NotPlaced
2643,8.5,0,2,1,89,4.8,Yes,Placed
2644,8.9,2,1,2,90,4.7,Yes,Placed
2645,7.3,1,1,1,80,4.7,No,NotPlaced
2646,7,2,1,0,75,3.8,Yes,Placed
2647,6.8,1,1,1,65,4.5,Yes,NotPlaced
2648,7.4,0,1,0,72,3.6,No,NotPlaced
2649,8.5,1,3,1,89,4.6,Yes,NotPlaced
2650,7.9,2,1,3,70,4,Yes,Placed
2651,8.5,1,2,0,85,4.3,Yes,Placed
2652,7.6,0,2,2,76,4.2,Yes,NotPlaced
2653,7.8,2,3,2,90,4.6,Yes,Placed
2654,7.3,1,1,1,67,3.4,No,NotPlaced
2655,8.5,1,3,3,88,4.4,Yes,Placed
2656,8.5,2,2,2,90,4.8,Yes,Placed
2657,6.5,0,1,2,63,3.9,No,NotPlaced
2658,7.4,1,3,2,83,4.8,Yes,Placed
2659,7.6,1,2,0,75,3.9,Yes,NotPlaced
2660,7.5,1,3,2,78,4.6,Yes,Placed
2661,8.5,2,2,3,67,4.6,No,NotPlaced
2662,7.5,1,2,0,74,4.3,No,NotPlaced
2663,6.5,1,1,1,72,4.4,No,NotPlaced
2664,7.7,0,3,0,83,4.2,Yes,NotPlaced
2665,7.5,0,1,0,80,4.5,Yes,NotPlaced
2666,7.6,1,3,0,72,4,No,NotPlaced
2667,8.2,2,3,2,90,4.8,Yes,Placed
2668,6.5,0,1,1,60,3.2,No,NotPlaced
2669,6.9,0,1,0,73,3,No,NotPlaced
2670,8.6,2,3,2,90,4.8,Yes,Placed
2671,6.8,1,1,0,82,4.2,No,NotPlaced
2672,8.4,1,1,1,82,4.3,Yes,NotPlaced
2673,6.7,1,2,0,90,4.7,Yes,Placed
2674,7.5,1,1,2,78,4.4,Yes,NotPlaced
2675,8.1,1,1,1,78,4.3,Yes,NotPlaced
2676,8.3,1,3,1,81,4.3,Yes,NotPlaced
2677,6.5,0,1,0,72,4.6,No,NotPlaced
2678,7.2,1,2,3,78,4.5,Yes,NotPlaced
2679,8.5,1,3,2,84,4.6,Yes,Placed
2680,7.2,1,1,1,66,3.8,No,NotPlaced
2681,6.5,1,1,0,77,3.9,No,NotPlaced
2682,6.5,1,1,1,79,3.8,Yes,NotPlaced
2683,6.5,0,2,0,79,3.6,Yes,NotPlaced
2684,6.5,1,2,0,73,3.6,Yes,NotPlaced
2685,7,1,2,0,72,4.1,Yes,NotPlaced
2686,8.4,1,3,1,83,4.2,Yes,Placed
2687,7.9,1,3,0,83,4.6,Yes,Placed
2688,8.5,2,3,1,90,4.7,Yes,Placed
2689,8.4,1,3,2,77,4.5,Yes,Placed
2690,6.5,1,2,0,84,4.7,Yes,NotPlaced
2691,6.5,1,2,1,73,4.1,Yes,NotPlaced
2692,7.6,1,2,0,80,3.7,Yes,NotPlaced
2693,8.4,1,3,2,86,4.7,Yes,Placed
2694,8.3,0,1,2,84,4.8,Yes,Placed
2695,7.6,1,2,0,73,4.4,Yes,Placed
2696,7.7,1,1,1,66,3.3,No,NotPlaced
2697,7.2,1,2,0,69,4.5,Yes,Placed
2698,8.3,2,2,2,77,4,Yes,Placed
2699,8.6,1,3,1,85,4.6,Yes,Placed
2700,8.4,2,3,2,90,4.8,Yes,Placed
2701,6.7,1,1,0,86,4.8,Yes,Placed
2702,7.3,0,1,0,81,4.2,Yes,NotPlaced
2703,8.5,2,3,2,90,4.8,Yes,Placed
2704,7.3,1,1,0,78,3.7,No,NotPlaced
2705,7.5,1,2,2,72,4.1,Yes,NotPlaced
2706,8.6,2,3,2,90,4.7,Yes,Placed
2707,8.8,1,3,3,90,4.8,Yes,NotPlaced
2708,7.5,0,2,0,80,4.4,Yes,NotPlaced
2709,8.5,2,1,2,83,4.3,Yes,NotPlaced
2710,7.9,2,3,2,90,4.8,Yes,Placed
2711,6.6,1,1,1,71,4,Yes,NotPlaced
2712,8.5,2,3,2,90,4.7,Yes,Placed
2713,6.8,1,1,0,73,4.3,No,NotPlaced
2714,8.6,1,2,2,76,4.4,No,NotPlaced
2715,6.5,1,1,1,79,4.2,Yes,Placed
2716,6.5,1,1,0,69,4.3,Yes,NotPlaced
2717,6.5,0,3,0,71,3.8,Yes,NotPlaced
2718,8.4,0,3,0,86,4.6,Yes,Placed
2719,6.5,0,1,0,68,3.6,Yes,NotPlaced
2720,8.2,0,3,2,78,4.8,No,Placed
2721,7.5,1,1,0,69,4.3,No,NotPlaced
2722,7.4,0,1,1,69,3.5,Yes,NotPlaced
2723,8.3,2,2,0,78,4.1,Yes,Placed
2724,7.7,0,3,0,87,4.7,Yes,Placed
2725,7.4,1,1,2,84,4.7,Yes,Placed
2726,8.4,1,2,0,78,4.2,Yes,NotPlaced
2727,7.6,1,3,2,84,4.2,Yes,NotPlaced
2728,7.9,0,3,1,77,4,Yes,NotPlaced
2729,7.6,1,1,0,75,3.6,Yes,NotPlaced
2730,7.6,0,2,0,79,4.6,Yes,NotPlaced
2731,6.6,1,2,1,62,3.4,Yes,NotPlaced
2732,8.1,1,3,2,89,4.8,Yes,Placed
2733,7.4,1,2,1,71,4.3,Yes,NotPlaced
2734,7.7,2,3,2,90,4.8,Yes,Placed
2735,6.5,1,1,1,72,3.3,Yes,NotPlaced
2736,8.1,2,3,2,90,4.7,Yes,Placed
2737,7.6,2,2,1,84,4.8,Yes,NotPlaced
2738,7.9,0,1,2,77,4.8,Yes,Placed
2739,8.5,1,3,2,88,4.8,Yes,NotPlaced
2740,8.1,2,3,2,82,4.7,Yes,Placed
2741,8.4,2,3,0,86,4.7,Yes,Placed
2742,8.8,2,3,2,90,4.8,Yes,Placed
2743,7.6,1,3,0,80,4.8,Yes,Placed
2744,8.3,2,3,2,90,4.8,Yes,Placed
2745,8.2,0,1,1,68,3.8,No,Placed
2746,6.5,0,1,0,72,4.1,No,NotPlaced
2747,7.7,2,3,0,71,3.8,No,NotPlaced
2748,7.9,1,2,1,70,4.3,Yes,NotPlaced
2749,8.1,2,3,2,85,4.6,Yes,Placed
2750,8.6,1,3,0,90,4.8,Yes,Placed
2751,7.7,0,2,1,72,4.4,Yes,NotPlaced
2752,8.6,0,3,2,90,4.8,Yes,Placed
2753,8.1,1,2,0,81,4.2,No,NotPlaced
2754,6.5,1,1,0,70,4.2,Yes,NotPlaced
2755,8.2,1,2,2,80,4.4,Yes,Placed
2756,8.4,2,3,2,90,4.4,Yes,Placed
2757,8.4,2,3,2,90,4.8,Yes,Placed
2758,8.6,1,3,3,78,4.7,Yes,Placed
2759,6.5,1,1,1,74,3.8,No,NotPlaced
2760,7.5,2,1,1,82,4.7,No,NotPlaced
2761,8.3,1,1,3,76,4.2,Yes,NotPlaced
2762,8,0,3,2,87,4.5,Yes,Placed
2763,7.6,2,1,0,90,4.8,Yes,NotPlaced
2764,8,0,3,1,86,4.3,Yes,Placed
2765,8.5,1,1,2,90,4.7,Yes,Placed
2766,8.4,2,1,1,79,4.3,Yes,Placed
2767,8.2,0,3,0,90,4.5,No,NotPlaced
2768,7.9,0,3,2,89,4.7,Yes,Placed
2769,6.5,0,2,2,77,4.6,Yes,NotPlaced
2770,8.1,0,1,0,68,4.2,No,NotPlaced
2771,7.3,0,1,0,64,3.7,No,NotPlaced
2772,8.5,0,1,2,83,4.2,No,Placed
2773,8.3,1,3,2,87,4.8,Yes,Placed
2774,7.7,0,3,0,83,4.5,Yes,NotPlaced
2775,9,0,3,2,86,4.8,Yes,Placed
2776,7,1,2,1,78,4,No,NotPlaced
2777,7.5,1,1,1,71,4.5,No,NotPlaced
2778,7.1,0,1,1,69,4.8,No,NotPlaced
2779,8.2,1,2,2,71,4.4,Yes,Placed
2780,8.1,2,3,2,82,4.2,Yes,NotPlaced
2781,7.3,0,1,1,84,4.7,No,NotPlaced
2782,8.4,1,3,1,79,4,Yes,NotPlaced
2783,7.5,1,2,2,89,4.8,Yes,Placed
2784,7.5,1,3,1,84,4,No,Placed
2785,7.4,1,3,0,85,4.6,No,NotPlaced
2786,6.5,1,1,1,76,4.2,Yes,NotPlaced
2787,6.8,1,3,2,83,4.7,No,NotPlaced
2788,8.6,1,3,2,87,4.1,Yes,Placed
2789,6.8,0,1,0,84,4.1,Yes,Placed
2790,7.5,1,1,1,77,3.8,Yes,NotPlaced
2791,8.4,1,3,2,85,4.2,Yes,Placed
2792,6.7,2,1,2,82,4.6,Yes,NotPlaced
2793,8.5,1,2,0,87,4.7,Yes,Placed
2794,8.2,0,3,0,86,4,Yes,Placed
2795,6.5,1,1,1,79,4.4,Yes,NotPlaced
2796,8.1,1,3,2,90,4.5,Yes,Placed
2797,7,0,1,0,69,4.5,No,NotPlaced
2798,7.5,0,1,1,72,3.5,Yes,NotPlaced
2799,7.9,1,1,0,80,3.8,No,NotPlaced
2800,6.9,0,1,0,70,4.3,No,NotPlaced
2801,8.8,1,3,2,90,4.8,Yes,Placed
2802,8.4,2,3,2,90,4.8,Yes,NotPlaced
2803,8.3,1,3,2,87,4.4,Yes,Placed
2804,6.7,1,3,1,76,4.4,Yes,Placed
2805,7.4,1,1,1,77,4.1,No,NotPlaced
2806,7.4,2,3,2,75,4.2,Yes,NotPlaced
2807,6.7,1,1,0,74,3.9,Yes,NotPlaced
2808,7.7,1,2,1,81,4.8,Yes,Placed
2809,7.5,0,1,1,67,4.4,Yes,NotPlaced
2810,6.5,1,1,0,77,3.9,Yes,NotPlaced
2811,6.5,1,2,1,89,4.6,Yes,NotPlaced
2812,8.5,1,3,1,82,4.7,Yes,Placed
2813,7.9,1,2,2,90,4.2,Yes,Placed
2814,7.2,1,1,1,67,4.3,No,NotPlaced
2815,7.4,2,2,1,74,3.8,Yes,NotPlaced
2816,8.6,1,2,0,80,4.2,No,NotPlaced
2817,8.5,0,3,2,90,4.7,Yes,Placed
2818,8.4,2,2,3,90,4.6,Yes,Placed
2819,7.5,1,1,1,79,3.2,Yes,NotPlaced
2820,7.8,1,2,0,75,4.5,Yes,Placed
2821,8.1,2,3,2,90,4.8,Yes,Placed
2822,8.6,2,3,2,79,4.8,Yes,Placed
2823,7.6,1,3,1,86,4.6,Yes,NotPlaced
2824,7.5,1,3,3,68,4.1,Yes,NotPlaced
2825,7.3,1,1,0,84,4.5,Yes,NotPlaced
2826,6.5,1,2,1,74,3.2,No,NotPlaced
2827,6.6,0,1,0,61,3.8,No,NotPlaced
2828,7.8,1,1,1,83,4,Yes,Placed
2829,7.5,1,1,1,60,3,No,NotPlaced
2830,8.4,2,2,2,77,4.8,Yes,Placed
2831,7.1,2,3,2,88,4.5,Yes,Placed
2832,8,2,3,1,73,4.4,Yes,NotPlaced
2833,7.2,1,3,2,80,4.6,No,Placed
2834,8.1,1,2,2,84,4.3,Yes,NotPlaced
2835,6.6,1,2,0,60,4.7,Yes,NotPlaced
2836,8.6,2,2,1,74,4,No,NotPlaced
2837,6.8,1,1,1,71,4.3,Yes,NotPlaced
2838,7.3,1,1,0,70,3.9,No,NotPlaced
2839,7.9,1,2,1,86,4.8,Yes,NotPlaced
2840,7.5,1,1,0,71,4,No,NotPlaced
2841,8.2,2,3,2,90,4.7,Yes,Placed
2842,6.5,1,2,1,71,4.3,Yes,NotPlaced
2843,8,1,2,0,86,4.8,Yes,NotPlaced
2844,8.1,1,3,1,68,4.7,Yes,NotPlaced
2845,8.4,2,3,2,79,4.4,No,NotPlaced
2846,6.5,1,3,0,64,4.6,No,NotPlaced
2847,8.4,1,3,0,87,4.3,Yes,NotPlaced
2848,8.4,1,3,0,81,4.8,Yes,Placed
2849,8.4,2,3,1,80,4.6,Yes,NotPlaced
2850,7.9,0,3,1,90,4.4,Yes,Placed
2851,6.8,1,2,0,67,3.2,No,NotPlaced
2852,7.3,1,3,0,90,4.7,Yes,NotPlaced
2853,7.7,1,1,0,72,4.2,No,NotPlaced
2854,7.3,1,1,0,66,3.8,No,NotPlaced
2855,8.5,2,3,0,89,4.8,Yes,Placed
2856,8.1,1,3,2,88,4.4,Yes,Placed
2857,8,2,3,2,90,4.8,Yes,Placed
2858,8.8,0,1,2,90,4.8,Yes,NotPlaced
2859,8.1,2,3,2,90,4.7,Yes,Placed
2860,7.6,2,3,0,78,4.8,Yes,Placed
2861,8.4,2,3,0,90,4.8,Yes,Placed
2862,7.9,1,3,1,75,4.6,Yes,NotPlaced
2863,8.3,2,2,2,90,4.7,No,NotPlaced
2864,8.5,2,2,2,65,4.4,Yes,NotPlaced
2865,8.4,2,3,2,90,4.8,Yes,Placed
2866,8.6,2,3,2,89,4.8,Yes,NotPlaced
2867,7.7,1,3,1,76,4,No,NotPlaced
2868,7.6,1,1,0,83,4,No,NotPlaced
2869,8.2,2,3,2,81,4.8,Yes,Placed
2870,8,2,3,0,90,4.3,Yes,Placed
2871,6.5,1,1,0,78,4.5,Yes,NotPlaced
2872,7.7,0,2,0,80,4.3,Yes,NotPlaced
2873,8.3,2,3,2,90,4.8,Yes,Placed
2874,7.3,1,2,0,81,3.7,Yes,NotPlaced
2875,6.5,0,3,0,72,4.1,Yes,NotPlaced
2876,7.5,1,2,0,79,4.7,No,NotPlaced
2877,7.8,1,2,0,78,4.8,Yes,NotPlaced
2878,7.3,1,2,0,66,4.6,Yes,NotPlaced
2879,7.6,0,1,0,88,4.3,Yes,NotPlaced
2880,8.1,1,1,1,79,3.4,Yes,NotPlaced
2881,7.9,2,3,2,90,4.8,Yes,Placed
2882,7.6,1,1,0,68,4.3,No,NotPlaced
2883,8.2,2,3,1,85,4.6,Yes,Placed
2884,7.6,2,3,0,90,4.8,No,NotPlaced
2885,8.1,2,2,0,84,4.8,Yes,Placed
2886,6.6,1,1,0,75,4.8,No,NotPlaced
2887,8.3,1,2,2,90,4.8,Yes,Placed
2888,6.5,1,2,0,68,4.4,Yes,Placed
2889,6.5,1,1,1,79,4.2,No,NotPlaced
2890,8.1,1,3,2,78,4.7,Yes,NotPlaced
2891,6.5,1,2,1,63,4,No,NotPlaced
2892,8.3,2,1,0,80,4.7,Yes,Placed
2893,7.3,0,3,2,89,4.5,Yes,Placed
2894,7.6,1,3,2,79,4.3,Yes,NotPlaced
2895,6.7,1,1,1,82,4.3,Yes,NotPlaced
2896,8.3,1,2,1,84,4.3,Yes,NotPlaced
2897,7.5,0,1,0,72,4.1,No,NotPlaced
2898,7.6,1,1,1,75,4.1,No,NotPlaced
2899,8,2,3,2,89,4.8,Yes,Placed
2900,8.6,1,1,2,87,3.9,Yes,Placed
2901,8.4,2,2,2,86,4.8,Yes,Placed
2902,6.5,1,1,0,67,3.5,No,NotPlaced
2903,8.2,1,3,3,82,4,Yes,NotPlaced
2904,7.8,1,1,1,82,3.9,Yes,NotPlaced
2905,6.7,1,1,0,76,4.2,Yes,NotPlaced
2906,6.8,0,1,1,70,3,No,NotPlaced
2907,8.3,2,3,2,90,4.8,Yes,Placed
2908,7.5,1,1,1,72,4.6,No,NotPlaced
2909,7.4,1,1,1,77,3.9,Yes,NotPlaced
2910,6.6,1,2,1,68,4.7,No,NotPlaced
2911,8.4,1,3,0,82,4.1,Yes,NotPlaced
2912,6.7,1,2,1,64,3.8,Yes,NotPlaced
2913,7.8,2,3,2,83,4.8,Yes,NotPlaced
2914,8.7,2,3,2,81,4.8,Yes,Placed
2915,6.6,1,1,0,71,4.5,No,NotPlaced
2916,8.4,2,3,2,90,4.6,Yes,Placed
2917,8.1,0,1,0,71,4,Yes,NotPlaced
2918,7.8,0,3,2,85,4.3,No,NotPlaced
2919,8.2,2,3,2,90,4.8,Yes,Placed
2920,7.6,1,3,0,82,3.8,Yes,NotPlaced
2921,7.7,1,1,1,71,4.4,Yes,NotPlaced
2922,7.6,1,2,2,65,4.8,No,NotPlaced
2923,8.4,1,3,0,82,4.8,Yes,Placed
2924,7.7,1,3,1,84,3.9,Yes,NotPlaced
2925,6.6,0,3,0,86,4.8,No,NotPlaced
2926,7.2,1,1,1,62,4,No,NotPlaced
2927,7.5,0,2,1,69,4.5,Yes,NotPlaced
2928,6.5,1,1,1,68,4.6,No,NotPlaced
2929,8.3,2,3,0,85,4.7,Yes,NotPlaced
2930,8.9,1,3,2,83,4.6,Yes,Placed
2931,7.3,1,1,1,68,3.3,Yes,NotPlaced
2932,7.8,1,1,0,77,4.1,Yes,NotPlaced
2933,7.5,1,1,0,68,3.7,No,NotPlaced
2934,8.6,1,1,3,81,4.7,Yes,Placed
2935,7.5,0,2,0,63,4.5,Yes,Placed
2936,8.6,2,3,1,90,4.8,Yes,Placed
2937,6.9,1,1,0,67,4.1,Yes,NotPlaced
2938,8.3,1,3,2,90,4.8,Yes,Placed
2939,7.9,0,1,1,73,4.1,Yes,NotPlaced
2940,8.2,1,2,2,90,4.7,Yes,NotPlaced
2941,7.9,1,1,0,72,3.6,No,NotPlaced
2942,6.5,1,2,2,70,4.1,No,NotPlaced
2943,7.7,1,1,0,67,3.6,No,NotPlaced
2944,8.1,2,1,0,86,4.3,Yes,NotPlaced
2945,8.2,2,3,2,83,3.8,Yes,NotPlaced
2946,8,1,2,0,85,4.3,Yes,NotPlaced
2947,7.9,1,3,2,88,4.5,No,Placed
2948,8.5,1,3,2,90,4.8,Yes,Placed
2949,6.7,1,1,0,71,4.3,Yes,Placed
2950,7.3,0,1,1,80,4.5,Yes,NotPlaced
2951,8.1,1,3,2,90,4.8,Yes,Placed
2952,9.1,2,1,3,84,4.8,Yes,Placed
2953,8.6,1,3,2,89,4.6,Yes,Placed
2954,6.7,2,1,1,77,4.5,Yes,NotPlaced
2955,7.9,1,2,0,66,4.5,Yes,NotPlaced
2956,8.3,1,3,2,74,4.7,Yes,NotPlaced
2957,8.6,1,3,2,82,4.8,Yes,Placed
2958,7.1,1,1,0,74,4.6,No,NotPlaced
2959,7.3,1,1,0,77,4.3,Yes,NotPlaced
2960,7.7,1,3,2,85,4.8,Yes,Placed
2961,8.5,1,3,0,74,4.3,Yes,Placed
2962,7.5,1,2,1,76,3.4,No,NotPlaced
2963,6.5,0,2,1,72,3.9,Yes,NotPlaced
2964,7,2,2,1,74,4.3,Yes,NotPlaced
2965,7.8,1,3,1,90,4.4,Yes,Placed
2966,8.4,2,3,2,89,4.6,Yes,Placed
2967,6.7,2,1,1,75,4.6,No,NotPlaced
2968,8.6,0,3,2,85,4.7,Yes,Placed
2969,8.1,1,2,2,84,4.5,Yes,Placed
2970,7.8,2,3,2,90,4.8,Yes,Placed
2971,6.5,1,1,1,83,4.7,No,NotPlaced
2972,8.6,0,3,1,81,4.6,Yes,Placed
2973,8.1,1,3,2,70,4.7,Yes,Placed
2974,8.5,2,3,2,86,4.7,No,NotPlaced
2975,6.5,0,2,1,80,3.9,No,NotPlaced
2976,8.3,1,2,1,74,4.2,Yes,NotPlaced
2977,7.6,2,3,0,90,4.8,Yes,Placed
2978,6.8,1,1,2,84,4.5,Yes,NotPlaced
2979,8.1,0,2,0,75,4.3,Yes,NotPlaced
2980,8.2,2,3,2,90,4.8,Yes,Placed
2981,7.8,2,3,3,82,4.3,Yes,NotPlaced
2982,7.7,0,1,1,77,3.3,No,NotPlaced
2983,8.7,1,2,1,90,4.6,Yes,Placed
2984,7.8,0,2,1,65,4.3,No,Placed
2985,8.3,1,2,2,83,4.2,Yes,Placed
2986,6.8,1,1,1,84,4.2,No,NotPlaced
2987,7.4,1,1,0,77,4.2,Yes,NotPlaced
2988,8.6,2,3,2,88,4.5,Yes,NotPlaced
2989,6.5,1,1,1,60,3.4,No,NotPlaced
2990,8.4,1,3,2,80,4.4,Yes,NotPlaced
2991,8.3,2,3,2,86,4.8,Yes,Placed
2992,7.6,1,2,1,75,4.3,Yes,Placed
2993,7.5,1,2,0,67,4.2,No,NotPlaced
2994,6.5,2,3,0,84,4.8,Yes,NotPlaced
2995,6.5,0,1,1,90,3.7,Yes,NotPlaced
2996,8.1,1,1,1,77,4.6,Yes,NotPlaced
2997,6.7,1,2,1,85,4.4,Yes,NotPlaced
2998,7.1,1,2,0,72,4.4,No,NotPlaced
2999,8.4,2,3,2,90,4.7,Yes,Placed
3000,7.6,0,3,0,90,4.7,Yes,NotPlaced
3001,6.5,1,1,0,79,4.4,Yes,NotPlaced
3002,8.2,1,3,2,85,4.4,Yes,Placed
3003,6.5,1,1,1,64,3.4,No,NotPlaced
3004,8.2,1,2,1,90,4.8,No,NotPlaced
3005,8.7,2,3,2,90,4.8,Yes,Placed
3006,8.3,2,3,2,89,4.1,Yes,Placed
3007,7.9,1,2,2,83,4.5,No,Placed
3008,6.7,0,2,1,79,3.3,No,NotPlaced
3009,7.6,0,1,0,69,4.7,No,NotPlaced
3010,8.2,2,3,2,90,4.8,Yes,Placed
3011,6.5,1,2,1,82,4.4,Yes,NotPlaced
3012,8.3,1,2,1,81,4,Yes,NotPlaced
3013,8.3,1,3,1,73,4.5,Yes,Placed
3014,6.5,2,3,0,88,4.5,No,NotPlaced
3015,7.6,1,2,1,73,4.3,Yes,NotPlaced
3016,6.5,1,1,1,71,4.1,No,NotPlaced
3017,6.5,1,1,0,79,4.4,Yes,NotPlaced
3018,8.1,2,2,2,90,4.6,No,NotPlaced
3019,7.6,2,2,2,81,4.3,Yes,NotPlaced
3020,8.3,2,3,2,87,4.7,Yes,Placed
3021,7.5,0,1,1,62,3.7,No,NotPlaced
3022,7.7,1,3,2,78,4.1,Yes,Placed
3023,7.7,0,2,2,72,4.8,No,NotPlaced
3024,8.8,2,3,2,90,4.8,Yes,Placed
3025,6.5,1,2,1,80,4.8,No,NotPlaced
3026,7.3,1,2,3,85,4.3,Yes,NotPlaced
3027,6.5,0,1,0,80,4.3,No,NotPlaced
3028,7.7,1,3,2,83,4.8,Yes,Placed
3029,8.7,1,3,2,72,4.8,Yes,Placed
3030,7.6,1,3,0,75,4,Yes,NotPlaced
3031,7.8,1,1,0,74,3.8,No,NotPlaced
3032,8,1,3,2,88,3.9,No,Placed
3033,7.8,1,3,1,80,4.2,Yes,NotPlaced
3034,7.4,1,1,1,79,4,No,Placed
3035,7.3,1,3,0,87,4.3,Yes,Placed
3036,8,2,3,3,84,4,Yes,NotPlaced
3037,7.3,1,1,1,66,4.4,No,NotPlaced
3038,7.4,1,2,1,66,4.3,No,NotPlaced
3039,8.3,1,2,2,87,4.3,Yes,Placed
3040,8.3,1,3,1,83,4.1,Yes,NotPlaced
3041,8.9,0,2,1,79,4.6,No,NotPlaced
3042,7.9,1,1,0,68,3.9,No,NotPlaced
3043,7.5,1,1,0,73,4,No,NotPlaced
3044,8.3,1,2,0,78,4.4,Yes,NotPlaced
3045,7.6,2,1,2,79,4.4,Yes,NotPlaced
3046,6.5,0,1,1,64,4.5,Yes,NotPlaced
3047,7.6,0,1,0,71,4,Yes,NotPlaced
3048,8.3,1,2,2,78,4.4,Yes,Placed
3049,8.4,2,3,2,90,4.8,Yes,Placed
3050,7.8,2,3,2,90,4.5,Yes,Placed
3051,8.2,1,1,1,76,3.5,Yes,Placed
3052,8.6,1,3,0,77,4,Yes,NotPlaced
3053,7.4,0,1,1,82,4.5,Yes,NotPlaced
3054,7.4,1,2,2,77,4.6,Yes,Placed
3055,8.4,2,2,2,78,4.1,Yes,Placed
3056,8.5,2,3,2,85,4.8,Yes,Placed
3057,6.5,1,1,1,76,3.9,Yes,NotPlaced
3058,8.3,2,3,2,87,4.8,Yes,Placed
3059,7.3,1,2,1,70,4,No,NotPlaced
3060,7.7,1,1,0,67,4.4,Yes,NotPlaced
3061,8.2,2,2,2,76,4.3,Yes,Placed
3062,8.1,2,3,2,89,4.8,Yes,NotPlaced
3063,6.5,1,1,0,70,4.1,Yes,NotPlaced
3064,8.8,2,3,2,90,4.6,Yes,Placed
3065,8.6,2,3,2,90,4.8,Yes,Placed
3066,6.5,1,2,1,79,3.9,Yes,NotPlaced
3067,8.1,0,1,0,70,3.6,Yes,NotPlaced
3068,6.9,1,2,1,68,3.8,Yes,NotPlaced
3069,8.7,2,3,2,89,4.5,Yes,Placed
3070,7.2,1,1,1,63,3.9,No,NotPlaced
3071,6.5,1,1,0,78,3.9,Yes,NotPlaced
3072,6.5,1,3,0,83,4.8,No,NotPlaced
3073,8.2,1,3,2,83,4.3,No,NotPlaced
3074,7.9,2,3,2,90,4.7,Yes,Placed
3075,8.7,2,3,2,86,4.8,Yes,Placed
3076,7.7,0,3,2,90,4.5,Yes,Placed
3077,8,0,2,2,75,3.8,No,NotPlaced
3078,7.7,1,1,1,90,4.1,Yes,Placed
3079,6.5,2,3,2,79,3.7,Yes,Placed
3080,6.5,1,2,0,73,4.5,Yes,NotPlaced
3081,7.9,1,3,2,82,4.4,Yes,NotPlaced
3082,8.2,1,1,0,75,4.5,No,NotPlaced
3083,8.3,1,3,2,74,4.4,Yes,Placed
3084,8.7,1,3,1,71,4.8,Yes,Placed
3085,7.7,1,1,1,68,4.2,Yes,NotPlaced
3086,8.3,2,3,2,90,4.8,Yes,Placed
3087,7.7,1,1,0,81,4.3,No,Placed
3088,6.6,0,2,2,77,4.2,Yes,NotPlaced
3089,7.7,1,1,2,69,4.7,Yes,NotPlaced
3090,7.1,1,1,1,72,3.9,No,NotPlaced
3091,6.5,1,1,0,74,3.6,Yes,NotPlaced
3092,8.1,1,2,0,90,4.6,Yes,Placed
3093,6.7,2,1,1,69,3.8,Yes,NotPlaced
3094,7.4,1,2,1,66,3.5,No,NotPlaced
3095,7.6,1,2,0,65,4.8,Yes,NotPlaced
3096,8.4,2,3,0,90,4.7,Yes,Placed
3097,7.8,1,1,0,78,4.4,No,NotPlaced
3098,8.5,1,3,2,90,4.8,Yes,Placed
3099,7.6,1,1,1,60,4.4,Yes,NotPlaced
3100,7.7,1,1,0,81,3.9,Yes,NotPlaced
3101,8.8,2,3,2,90,4.8,Yes,Placed
3102,7.7,1,1,1,82,3.8,No,NotPlaced
3103,7.6,1,1,1,81,4.5,Yes,NotPlaced
3104,7.9,2,1,1,80,4.7,Yes,Placed
3105,8.7,2,3,1,90,4.8,Yes,NotPlaced
3106,6.7,1,1,0,75,4.1,No,NotPlaced
3107,7,1,2,1,83,4.8,Yes,NotPlaced
3108,7.6,1,1,0,62,4.2,Yes,NotPlaced
3109,7,1,3,2,75,4.4,Yes,Placed
3110,7.4,1,2,1,75,4.3,Yes,NotPlaced
3111,7.1,1,1,2,71,4.2,Yes,NotPlaced
3112,8.1,2,3,0,66,4.2,No,NotPlaced
3113,7.6,1,1,1,62,3.8,Yes,NotPlaced
3114,8.3,1,3,2,89,4.8,Yes,Placed
3115,6.8,1,1,0,69,4,No,NotPlaced
3116,7.4,0,1,1,67,3.4,No,NotPlaced
3117,7.2,1,2,1,72,4.4,Yes,NotPlaced
3118,7.9,1,3,1,82,4.1,Yes,NotPlaced
3119,8.1,1,2,1,85,4.7,Yes,NotPlaced
3120,7.7,1,2,2,85,4.8,Yes,Placed
3121,7.4,1,1,0,68,3.5,No,NotPlaced
3122,6.6,0,1,2,79,4.2,No,Placed
3123,7.6,1,2,0,80,3.8,Yes,NotPlaced
3124,8,1,2,2,73,4.4,No,NotPlaced
3125,6.9,1,1,1,65,4.4,Yes,NotPlaced
3126,8.3,1,3,1,87,4.4,Yes,Placed
3127,8.6,1,3,1,85,4.8,No,NotPlaced
3128,7.4,1,1,1,70,3.7,No,NotPlaced
3129,6.9,0,2,0,63,4.3,No,NotPlaced
3130,7.3,0,1,0,75,3.9,Yes,NotPlaced
3131,8.5,1,2,2,79,4.3,Yes,Placed
3132,7.7,0,2,0,77,4.6,Yes,NotPlaced
3133,7.6,0,1,1,71,3.9,Yes,NotPlaced
3134,7.2,1,1,0,76,4,Yes,NotPlaced
3135,8.2,2,1,1,75,3.7,Yes,NotPlaced
3136,7.5,1,2,0,81,4,Yes,Placed
3137,8,2,3,2,88,4.6,Yes,Placed
3138,7.6,0,3,0,82,4.4,No,NotPlaced
3139,8.3,1,2,0,78,4.5,Yes,NotPlaced
3140,7.4,1,2,2,77,3.7,Yes,NotPlaced
3141,7.8,1,2,1,77,4.6,Yes,Placed
3142,7.5,0,1,0,66,4.2,No,NotPlaced
3143,8.7,2,3,2,90,4.8,Yes,Placed
3144,8.2,0,3,0,90,4.4,Yes,Placed
3145,7.6,1,3,0,81,4.7,Yes,Placed
3146,7.8,1,1,1,79,3.8,No,Placed
3147,8.1,1,2,2,83,4.5,Yes,NotPlaced
3148,8,1,3,2,90,4.8,Yes,NotPlaced
3149,8.3,2,2,2,76,4.6,Yes,Placed
3150,6.5,1,1,0,70,4.4,Yes,NotPlaced
3151,7.9,0,3,0,87,3.9,Yes,NotPlaced
3152,7.7,0,3,0,88,4.8,Yes,Placed
3153,8.1,2,3,2,86,4.7,Yes,Placed
3154,7.4,1,1,0,77,4.5,Yes,NotPlaced
3155,7.9,2,3,2,90,4.8,No,Placed
3156,6.6,0,1,0,73,4.3,Yes,NotPlaced
3157,6.5,0,1,0,71,3.9,Yes,NotPlaced
3158,7.4,1,3,1,71,4.4,No,NotPlaced
3159,8.1,1,2,0,77,4.8,Yes,Placed
3160,6.5,0,1,0,70,4.2,No,NotPlaced
3161,8.1,2,3,2,89,4.8,No,Placed
3162,7.3,0,3,0,83,4.3,No,NotPlaced
3163,8.1,1,1,0,68,4.4,No,Placed
3164,6.5,1,1,0,88,4,Yes,Placed
3165,6.8,0,1,0,72,4,Yes,Placed
3166,7.8,1,1,0,90,4.3,Yes,Placed
3167,8.3,1,2,0,83,4.2,No,NotPlaced
3168,7.8,0,3,0,81,4.2,Yes,NotPlaced
3169,7.7,1,2,0,82,4.1,No,NotPlaced
3170,7.9,1,1,1,67,3.3,Yes,NotPlaced
3171,6.5,0,3,2,84,4.4,Yes,Placed
3172,8.4,0,3,2,81,4.8,Yes,NotPlaced
3173,6.5,2,1,1,76,4.8,No,NotPlaced
3174,8.1,2,3,3,85,4.8,No,NotPlaced
3175,8,1,1,0,70,4.3,No,NotPlaced
3176,8.3,1,2,1,77,4.6,Yes,Placed
3177,6.8,1,2,0,67,4.1,Yes,NotPlaced
3178,7.4,0,2,0,74,4.1,Yes,Placed
3179,7.6,1,1,0,80,3.6,No,NotPlaced
3180,7.3,1,1,0,61,3.3,No,NotPlaced
3181,7.7,1,1,0,69,4.4,No,NotPlaced
3182,7.8,1,3,1,88,4,Yes,NotPlaced
3183,8.4,0,2,3,82,4.4,Yes,Placed
3184,7.9,1,3,2,88,4.8,Yes,NotPlaced
3185,6.8,1,2,0,80,3.8,Yes,Placed
3186,8.4,2,3,2,90,4.8,Yes,Placed
3187,7.9,1,2,1,77,4.3,No,Placed
3188,8.2,1,1,1,68,3.7,No,NotPlaced
3189,7.6,1,1,0,73,4.3,Yes,NotPlaced
3190,7.6,1,2,0,76,4.8,Yes,NotPlaced
3191,8.3,1,2,0,69,4.4,Yes,NotPlaced
3192,8.5,1,3,2,90,4.8,Yes,Placed
3193,7.4,1,1,0,64,3.7,No,NotPlaced
3194,8.1,2,2,0,78,4.8,No,NotPlaced
3195,8,2,3,2,79,4.3,No,NotPlaced
3196,7.6,0,1,0,75,4.3,Yes,NotPlaced
3197,7.6,2,3,1,89,4.5,No,Placed
3198,8.4,0,1,2,76,3.4,Yes,Placed
3199,8.1,2,3,2,85,4.5,Yes,Placed
3200,8.3,1,3,3,90,4.8,Yes,Placed
3201,7.5,1,3,0,85,4.6,Yes,Placed
3202,8.2,2,3,2,81,4.5,Yes,Placed
3203,8.4,1,2,0,76,4.7,Yes,NotPlaced
3204,8.6,2,3,2,90,4.7,Yes,Placed
3205,7.5,0,2,1,74,4.5,Yes,Placed
3206,8.7,2,3,2,90,4.8,Yes,NotPlaced
3207,8.2,1,3,1,86,4.3,Yes,Placed
3208,7.6,0,2,0,79,3.8,Yes,NotPlaced
3209,7.7,1,1,1,68,3.8,No,NotPlaced
3210,6.5,1,2,1,69,4.1,Yes,NotPlaced
3211,8.4,2,3,0,74,4.3,Yes,NotPlaced
3212,6.8,0,1,1,63,3.7,No,NotPlaced
3213,7.5,1,2,2,82,4.1,Yes,NotPlaced
3214,7.9,1,1,0,76,3.3,No,NotPlaced
3215,8.6,1,3,2,87,4.8,Yes,Placed
3216,7.8,0,3,2,89,4.7,Yes,Placed
3217,7.5,2,2,0,70,4.4,Yes,NotPlaced
3218,8.1,2,3,2,89,4.5,Yes,NotPlaced
3219,6.7,1,1,1,67,4.7,Yes,Placed
3220,8.1,2,3,2,90,4.5,Yes,Placed
3221,6.5,0,2,1,79,4.3,No,NotPlaced
3222,8.3,1,3,2,83,4.6,No,Placed
3223,6.6,0,1,0,79,4.4,Yes,NotPlaced
3224,7.8,0,3,2,82,4.5,Yes,Placed
3225,7.5,0,1,0,60,3.8,No,NotPlaced
3226,7.5,1,2,0,76,3.4,Yes,NotPlaced
3227,8.2,2,1,2,74,3.9,No,NotPlaced
3228,8.3,2,3,3,90,4.8,Yes,Placed
3229,8.4,1,1,0,84,4.7,No,NotPlaced
3230,8.3,2,1,1,79,4.2,No,NotPlaced
3231,8.5,2,3,2,84,4.8,Yes,Placed
3232,8.4,2,2,0,74,4.3,No,Placed
3233,7.1,1,1,0,79,4.6,No,NotPlaced
3234,7.6,2,2,3,86,4.8,Yes,Placed
3235,8.8,1,3,0,88,4.4,Yes,NotPlaced
3236,8.3,1,3,2,90,4.5,Yes,Placed
3237,8.4,2,3,2,90,4.8,Yes,Placed
3238,8.2,0,3,2,90,4.7,No,Placed
3239,8.1,2,2,1,75,3.8,No,NotPlaced
3240,6.5,1,1,0,74,3.5,No,NotPlaced
3241,7.6,1,1,0,77,4.4,No,NotPlaced
3242,8.3,1,3,0,76,3.8,Yes,Placed
3243,7.1,1,2,0,89,4.7,No,NotPlaced
3244,7.5,0,1,1,67,3.6,No,NotPlaced
3245,7.7,0,3,1,68,4.4,No,NotPlaced
3246,8.3,2,3,2,79,4.7,Yes,Placed
3247,6.5,1,1,0,69,3.4,No,NotPlaced
3248,8.4,1,3,0,76,4.7,Yes,Placed
3249,8.1,2,1,1,90,4.4,No,Placed
3250,7.6,2,2,2,90,4.1,Yes,Placed
3251,8.3,1,3,2,90,4.8,Yes,Placed
3252,7.4,2,2,0,81,4.7,Yes,NotPlaced
3253,7.7,1,2,1,69,4.8,Yes,Placed
3254,7.6,1,1,0,83,3.7,Yes,NotPlaced
3255,7.6,1,1,1,73,4.1,No,NotPlaced
3256,8.8,2,3,2,90,4.8,Yes,Placed
3257,7.7,1,3,0,89,4.8,Yes,Placed
3258,7.3,0,1,2,75,4.5,Yes,Placed
3259,6.7,0,1,1,66,3.9,Yes,NotPlaced
3260,6.5,1,1,0,75,3.5,No,NotPlaced
3261,6.6,1,1,0,76,4.4,No,NotPlaced
3262,7.1,0,1,0,69,4.2,Yes,Placed
3263,8.6,1,2,2,80,4.8,Yes,NotPlaced
3264,8.3,2,3,2,90,4.6,Yes,Placed
3265,8.1,1,3,2,78,4.8,Yes,NotPlaced
3266,7.6,0,1,1,77,3.4,No,NotPlaced
3267,7.4,1,3,1,89,3.6,Yes,NotPlaced
3268,7.5,1,2,1,71,4,Yes,NotPlaced
3269,8.2,2,3,2,82,4.5,Yes,Placed
3270,8.5,1,1,1,71,3.8,Yes,NotPlaced
3271,8.4,2,3,2,90,4.6,Yes,Placed
3272,7.4,1,1,0,75,4.3,No,NotPlaced
3273,6.6,1,1,1,68,4.1,Yes,NotPlaced
3274,8.6,2,3,2,84,4.7,Yes,Placed
3275,8.2,2,3,2,89,4.8,Yes,Placed
3276,7.8,1,2,1,89,4.8,Yes,NotPlaced
3277,7.4,1,1,1,75,4.2,Yes,NotPlaced
3278,8.2,1,3,2,90,4.7,Yes,Placed
3279,8.3,2,2,0,76,3.9,No,NotPlaced
3280,8.5,1,3,0,90,4.1,Yes,Placed
3281,6.5,1,1,2,90,4.8,No,NotPlaced
3282,8.4,1,2,2,88,4.1,Yes,Placed
3283,8.7,1,1,0,83,4.3,No,Placed
3284,8.1,0,2,1,79,4.4,No,Placed
3285,6.6,0,1,0,88,4.3,Yes,NotPlaced
3286,7.2,1,1,2,74,4.7,No,NotPlaced
3287,7.4,1,2,0,78,3.9,Yes,NotPlaced
3288,7.5,1,1,1,68,3.8,No,NotPlaced
3289,8.2,1,3,2,88,4.4,No,NotPlaced
3290,7.4,1,1,1,66,4.2,Yes,NotPlaced
3291,7.7,0,2,0,70,3.6,Yes,NotPlaced
3292,8.3,0,3,2,90,4.8,Yes,Placed
3293,6.5,1,2,0,83,4.5,No,NotPlaced
3294,7.5,1,1,1,64,4.3,No,NotPlaced
3295,8.1,2,3,2,82,4.3,Yes,NotPlaced
3296,8.7,1,3,1,88,4.6,Yes,Placed
3297,8.3,1,3,2,85,4.2,Yes,Placed
3298,6.5,0,2,0,69,3.6,Yes,NotPlaced
3299,8.3,2,3,2,90,4.8,Yes,Placed
3300,7.1,1,3,2,76,4.8,Yes,Placed
3301,6.5,0,1,1,74,4.1,No,NotPlaced
3302,6.9,1,3,1,79,4.2,Yes,NotPlaced
3303,6.5,1,1,1,76,4.6,Yes,NotPlaced
3304,7.5,0,1,0,75,3.7,No,NotPlaced
3305,7.5,1,1,0,75,3.7,No,NotPlaced
3306,7.9,1,1,0,87,4.4,Yes,Placed
3307,7.5,1,2,1,60,3.4,Yes,NotPlaced
3308,8.3,1,3,2,90,4.7,Yes,NotPlaced
3309,8.2,0,3,2,90,4.8,Yes,Placed
3310,7.6,1,1,1,83,4.2,Yes,Placed
3311,8.5,0,3,2,90,4.7,Yes,Placed
3312,8.6,2,2,2,90,4.8,Yes,Placed
3313,8.5,1,3,2,90,4.3,Yes,Placed
3314,6.5,1,2,1,70,3.9,No,NotPlaced
3315,8.9,1,3,0,84,4.5,Yes,Placed
3316,7.3,1,1,1,66,3.8,Yes,NotPlaced
3317,7.9,1,2,1,87,4.4,No,NotPlaced
3318,7.3,1,1,1,77,3.8,Yes,NotPlaced
3319,6.5,1,1,1,78,3.6,Yes,NotPlaced
3320,7.9,2,3,2,89,4.8,Yes,Placed
3321,7.8,1,2,2,77,4.8,Yes,Placed
3322,6.7,1,1,0,63,4,Yes,NotPlaced
3323,8.3,2,3,2,70,4.2,Yes,NotPlaced
3324,7,1,2,1,78,4.8,Yes,NotPlaced
3325,8.3,1,3,2,90,4.8,Yes,Placed
3326,6.5,1,1,1,68,3.4,No,NotPlaced
3327,6.8,1,1,1,72,4.8,Yes,NotPlaced
3328,6.5,0,1,0,86,4.5,No,NotPlaced
3329,6.5,1,2,1,88,4.5,Yes,Placed
3330,8,0,3,2,87,3.8,No,Placed
3331,7.5,1,1,1,66,4,No,NotPlaced
3332,8.1,1,1,0,77,4.8,No,Placed
3333,7.4,0,1,0,60,3,No,NotPlaced
3334,6.5,2,1,1,83,3.6,Yes,NotPlaced
3335,6.5,1,2,2,90,4.5,Yes,Placed
3336,7.6,1,1,1,70,4.4,Yes,NotPlaced
3337,6.5,1,2,1,80,4.2,No,NotPlaced
3338,7.9,1,3,1,84,4.1,Yes,Placed
3339,8.2,1,2,0,75,4.5,Yes,Placed
3340,6.8,0,1,0,67,3.6,No,NotPlaced
3341,8.4,0,2,1,87,4.4,Yes,Placed
3342,7.9,2,3,3,82,4.6,Yes,Placed
3343,7,1,1,1,78,4.7,No,NotPlaced
3344,7.7,1,2,0,77,4.3,Yes,Placed
3345,7.4,0,2,0,71,3.8,No,NotPlaced
3346,8.4,2,3,2,87,4.5,Yes,Placed
3347,6.5,1,2,0,72,4.1,No,NotPlaced
3348,7.6,1,1,1,67,4.5,No,NotPlaced
3349,7.1,1,1,0,77,4.1,Yes,NotPlaced
3350,7.5,1,1,2,68,4.6,No,NotPlaced
3351,6.5,1,1,0,75,3.9,No,NotPlaced
3352,7.9,1,2,0,84,4.6,No,Placed
3353,6.5,1,1,1,83,3.8,No,Placed
3354,8.1,2,3,3,90,4.6,Yes,Placed
3355,8.3,1,3,2,90,4.5,Yes,Placed
3356,8.7,1,3,2,86,4.7,Yes,NotPlaced
3357,7.5,0,2,0,74,3.7,Yes,NotPlaced
3358,7.7,2,1,0,85,4.4,No,Placed
3359,6.8,1,1,0,76,4.3,No,NotPlaced
3360,8.5,1,3,1,82,4.7,Yes,Placed
3361,7.9,0,2,0,70,4.7,Yes,Placed
3362,7.4,1,1,0,85,3.7,No,NotPlaced
3363,8.1,1,2,0,79,4.1,Yes,Placed
3364,8.5,0,1,0,74,4.3,Yes,NotPlaced
3365,6.6,1,3,2,90,4.3,Yes,Placed
3366,8.4,2,2,2,83,4.5,Yes,Placed
3367,7.3,0,2,1,71,4.4,No,NotPlaced
3368,8.5,2,3,2,90,4.8,Yes,Placed
3369,8.5,2,3,2,88,4.8,Yes,Placed
3370,8.4,2,3,2,86,4.4,Yes,Placed
3371,8.2,2,3,2,90,4.7,No,Placed
3372,8.1,1,3,1,76,4.2,Yes,Placed
3373,7.4,1,1,2,85,4.4,No,Placed
3374,7.7,0,1,0,81,4.8,No,NotPlaced
3375,7.4,1,1,1,68,3.9,Yes,NotPlaced
3376,8.2,1,2,2,90,4.8,Yes,Placed
3377,8.2,2,3,2,87,4.6,No,Placed
3378,7.6,0,3,0,90,4.8,Yes,Placed
3379,7.5,2,2,0,73,3.3,No,NotPlaced
3380,8.4,2,1,2,86,4.4,Yes,Placed
3381,8,1,2,0,87,3.6,Yes,NotPlaced
3382,8.5,2,3,2,85,4.4,Yes,NotPlaced
3383,7.3,0,3,0,77,4.6,Yes,NotPlaced
3384,8.3,1,2,0,80,4.8,Yes,Placed
3385,8.6,0,1,0,77,4.1,Yes,NotPlaced
3386,7.5,1,1,1,70,3.6,Yes,NotPlaced
3387,8.8,2,1,2,83,4.8,Yes,Placed
3388,8.3,2,3,2,84,4.8,Yes,Placed
3389,6.6,0,1,3,75,3.9,No,NotPlaced
3390,7.9,2,3,2,90,4.6,Yes,Placed
3391,6.7,1,1,0,75,4.1,Yes,NotPlaced
3392,8,1,2,1,82,4.4,Yes,Placed
3393,7.4,2,2,2,87,4,Yes,Placed
3394,7.7,2,2,1,74,4.6,No,NotPlaced
3395,7.1,1,3,2,86,4.8,Yes,NotPlaced
3396,8.5,2,3,2,88,4.6,No,Placed
3397,6.5,0,1,1,70,4.2,No,NotPlaced
3398,7.2,2,1,1,78,4.3,Yes,Placed
3399,7.9,0,1,0,80,4.5,Yes,Placed
3400,7.5,1,3,0,71,4,No,NotPlaced
3401,7.7,2,3,2,86,4.6,Yes,Placed
3402,6.9,0,3,2,78,4.3,Yes,Placed
3403,7.6,1,2,0,80,4.4,No,NotPlaced
3404,8.7,1,3,0,77,3.5,Yes,Placed
3405,8.5,2,1,2,77,4.5,Yes,Placed
3406,8.2,1,2,0,87,4.2,Yes,NotPlaced
3407,8.1,2,3,2,78,3.4,Yes,Placed
3408,7.9,1,3,2,90,4.7,Yes,Placed
3409,7.8,2,3,2,90,4.8,Yes,Placed
3410,8,2,1,0,82,4.6,Yes,Placed
3411,8.3,1,2,1,71,4,Yes,NotPlaced
3412,8.6,1,2,3,75,4.5,Yes,Placed
3413,7.6,0,1,0,64,3.7,No,NotPlaced
3414,7.5,1,1,1,72,4,Yes,NotPlaced
3415,6.6,1,1,0,73,4.6,No,NotPlaced
3416,8.1,2,2,1,86,4.4,Yes,Placed
3417,7.7,2,3,0,83,4.6,No,NotPlaced
3418,8.1,1,3,2,90,4.6,Yes,Placed
3419,8,1,3,2,85,4.8,Yes,Placed
3420,8.1,2,1,1,87,4.1,Yes,NotPlaced
3421,7.6,1,2,1,90,4.5,Yes,NotPlaced
3422,8.4,2,1,2,87,4.5,No,Placed
3423,6.6,0,1,1,81,3.5,Yes,NotPlaced
3424,6.7,1,1,0,76,4.6,No,Placed
3425,8.3,0,3,2,78,4.1,Yes,Placed
3426,8.3,1,2,1,80,4.7,Yes,NotPlaced
3427,7,1,2,0,89,4.6,No,NotPlaced
3428,6.7,1,3,0,74,4.5,Yes,NotPlaced
3429,8.4,1,3,2,83,4.8,Yes,Placed
3430,8.1,0,3,2,89,4.8,Yes,Placed
3431,7.3,0,1,0,75,3.7,No,NotPlaced
3432,8.2,0,3,2,79,3.9,Yes,NotPlaced
3433,7.7,1,3,0,90,4.3,Yes,Placed
3434,8.5,1,3,2,75,4.1,Yes,Placed
3435,6.8,1,2,0,78,3.8,Yes,NotPlaced
3436,7.9,2,3,2,85,4.4,Yes,Placed
3437,8.5,0,3,0,83,4.8,Yes,NotPlaced
3438,7.6,1,1,0,66,3.2,No,NotPlaced
3439,7.3,1,3,0,87,4.6,No,NotPlaced
3440,7.5,0,1,0,67,4.5,No,NotPlaced
3441,8.2,0,3,2,86,3.9,Yes,NotPlaced
3442,8,1,1,0,81,4.6,Yes,NotPlaced
3443,7.8,1,3,2,90,4.8,Yes,Placed
3444,8.6,1,3,2,79,4.3,Yes,Placed
3445,8.2,2,3,2,75,4.2,Yes,Placed
3446,8.3,2,3,2,89,4.7,Yes,Placed
3447,7.4,0,1,0,66,4.2,No,NotPlaced
3448,8.5,0,3,2,90,4.8,Yes,Placed
3449,7.4,1,3,1,83,4.3,Yes,Placed
3450,8.4,2,3,3,90,4.7,Yes,Placed
3451,7.3,1,1,0,76,4.3,Yes,NotPlaced
3452,7,0,1,1,67,4.1,Yes,NotPlaced
3453,6.7,0,2,1,73,4.2,Yes,NotPlaced
3454,7.6,1,2,0,65,4.3,Yes,NotPlaced
3455,7.5,1,2,3,76,3.7,Yes,NotPlaced
3456,7.3,0,2,0,79,3.8,Yes,NotPlaced
3457,7.3,0,1,0,60,3.2,No,NotPlaced
3458,7.7,0,1,1,60,4.7,No,NotPlaced
3459,8.2,2,3,2,87,4.6,Yes,Placed
3460,8,1,2,1,73,4.4,Yes,Placed
3461,7.6,1,1,1,75,4.1,Yes,NotPlaced
3462,7.8,1,2,2,77,4.3,No,NotPlaced
3463,8.5,2,3,2,90,4.8,Yes,Placed
3464,7,1,2,0,89,4.1,No,NotPlaced
3465,7.7,0,2,1,81,4.1,Yes,NotPlaced
3466,7.7,1,1,0,70,4.8,Yes,NotPlaced
3467,7,1,2,0,68,4,Yes,NotPlaced
3468,8.2,2,3,2,90,4.7,Yes,Placed
3469,7.4,1,1,1,67,3.3,No,NotPlaced
3470,8.3,2,3,2,88,4.7,Yes,NotPlaced
3471,8.5,2,3,2,90,4.8,Yes,Placed
3472,6.7,0,3,2,88,4.7,Yes,Placed
3473,7.4,1,1,0,70,3.7,Yes,NotPlaced
3474,8.2,1,3,0,84,4.7,Yes,Placed
3475,7.7,2,2,3,83,4.3,Yes,NotPlaced
3476,8.2,1,3,2,90,4.8,Yes,Placed
3477,8.7,2,3,2,89,4.8,Yes,Placed
3478,8.2,1,1,0,77,4.1,Yes,NotPlaced
3479,7.6,1,1,1,71,4.2,No,NotPlaced
3480,7.9,2,3,2,89,4.4,Yes,Placed
3481,6.7,1,1,0,89,4.6,No,NotPlaced
3482,7.8,0,2,0,78,4.8,Yes,Placed
3483,8.3,2,3,2,90,4.8,Yes,Placed
3484,8.3,1,2,2,89,4.8,Yes,Placed
3485,7.7,0,2,0,76,4.7,No,Placed
3486,7.6,1,2,2,70,4.5,No,NotPlaced
3487,7,1,1,2,75,4.4,No,NotPlaced
3488,6.5,1,1,0,67,3.9,No,NotPlaced
3489,7.6,1,3,2,83,4.5,Yes,NotPlaced
3490,6.7,1,1,0,81,4.1,No,NotPlaced
3491,7.9,2,3,2,86,4.8,Yes,NotPlaced
3492,7.5,0,1,0,70,3.8,No,NotPlaced
3493,7.8,2,3,0,89,4.5,Yes,Placed
3494,7.5,1,2,1,82,4.7,Yes,NotPlaced
3495,8.4,2,3,2,89,4.4,Yes,NotPlaced
3496,7.8,0,3,0,78,4.4,No,Placed
3497,7.7,2,3,2,87,4.8,Yes,Placed
3498,6.5,0,1,0,81,4.2,No,NotPlaced
3499,8.3,0,3,0,84,4.4,No,Placed
3500,7.7,1,1,1,79,4,Yes,NotPlaced
3501,6.5,1,2,0,69,4,No,NotPlaced
3502,8.5,2,3,2,90,4.8,Yes,Placed
3503,8.3,2,3,2,90,4.8,No,Placed
3504,7.6,1,1,0,65,3.1,No,NotPlaced
3505,8.7,1,3,2,90,4.8,Yes,Placed
3506,7.3,1,1,0,66,4.3,Yes,NotPlaced
3507,6.5,0,1,0,79,4.3,No,NotPlaced
3508,8.7,2,3,3,90,4.6,Yes,Placed
3509,6.7,1,2,2,83,4.8,No,Placed
3510,8.1,1,2,2,83,4.4,Yes,Placed
3511,7.2,1,1,3,75,3.5,No,NotPlaced
3512,7.6,1,1,0,70,3.8,Yes,NotPlaced
3513,6.5,1,3,0,76,4.4,No,NotPlaced
3514,8,0,1,1,81,4,No,NotPlaced
3515,7.9,1,1,1,63,4.2,No,NotPlaced
3516,7.6,1,2,0,75,3.5,Yes,NotPlaced
3517,7.7,0,1,0,81,4.3,Yes,NotPlaced
3518,7.5,1,3,0,86,4.5,Yes,Placed
3519,7.2,1,1,0,70,3.7,No,NotPlaced
3520,8.4,2,3,2,90,4.8,Yes,Placed
3521,8.6,1,3,1,88,4.8,Yes,Placed
3522,7.8,1,1,2,65,4.1,No,NotPlaced
3523,7.7,1,1,1,69,4,Yes,NotPlaced
3524,7.8,2,3,2,90,4.8,Yes,Placed
3525,8.2,1,2,2,77,4.4,Yes,Placed
3526,6.7,1,1,1,83,4.3,No,NotPlaced
3527,8.6,2,3,2,90,4.8,Yes,Placed
3528,7.8,2,3,2,90,4.5,Yes,Placed
3529,6.8,1,1,1,60,3.9,No,NotPlaced
3530,8,2,3,2,89,4.8,Yes,Placed
3531,8.4,0,3,0,84,4.2,Yes,Placed
3532,7.6,1,2,0,71,4.5,Yes,Placed
3533,8.2,2,3,2,90,4.8,Yes,Placed
3534,8.1,2,3,1,81,4.8,Yes,NotPlaced
3535,7.4,0,1,1,76,4.3,Yes,NotPlaced
3536,8.4,1,1,0,90,4.7,Yes,Placed
3537,8.2,1,3,0,80,4.7,Yes,Placed
3538,8.4,1,1,0,74,4.3,Yes,NotPlaced
3539,8.2,1,1,0,79,4.5,Yes,Placed
3540,8.6,2,3,0,71,4.2,Yes,Placed
3541,8.6,1,3,0,89,4.7,Yes,Placed
3542,6.5,0,1,0,61,3.7,No,NotPlaced
3543,6.6,1,1,0,64,3.2,Yes,NotPlaced
3544,6.8,0,2,1,71,4,No,NotPlaced
3545,8.4,1,1,2,83,4.5,Yes,NotPlaced
3546,7.6,0,1,2,71,3.9,Yes,NotPlaced
3547,7.7,1,1,1,66,4.1,Yes,NotPlaced
3548,7.5,1,1,0,70,4.8,No,NotPlaced
3549,8.2,0,3,2,81,4.3,No,NotPlaced
3550,8.5,1,3,2,82,4.8,Yes,Placed
3551,7.8,1,1,0,74,4.5,No,NotPlaced
3552,7.5,2,2,1,90,4.2,Yes,NotPlaced
3553,7.2,0,2,1,86,4.2,Yes,NotPlaced
3554,8.4,2,1,2,78,4.1,Yes,NotPlaced
3555,8.7,2,2,2,73,4.1,Yes,NotPlaced
3556,6.6,1,1,1,80,4.4,Yes,NotPlaced
3557,8,2,3,0,82,4.8,Yes,Placed
3558,7.7,1,2,0,82,4.1,Yes,NotPlaced
3559,6.9,1,2,0,79,4.2,Yes,NotPlaced
3560,6.8,1,2,0,82,4,Yes,NotPlaced
3561,6.5,2,3,2,86,4.4,Yes,NotPlaced
3562,8.3,1,1,0,78,3.7,Yes,NotPlaced
3563,7.2,0,1,0,66,3.3,No,NotPlaced
3564,6.6,1,2,0,68,3.6,No,NotPlaced
3565,8.5,1,3,0,86,4.6,No,Placed
3566,7.5,1,1,1,79,4.4,Yes,NotPlaced
3567,8.2,2,1,2,90,4.8,No,NotPlaced
3568,8.1,2,3,0,86,3.5,Yes,Placed
3569,7.8,2,3,2,90,4.8,Yes,Placed
3570,8.3,2,3,2,90,4.8,Yes,Placed
3571,8.4,2,3,0,90,4.5,Yes,Placed
3572,7.1,2,1,1,77,4.4,Yes,Placed
3573,7.6,1,3,0,70,4.8,Yes,NotPlaced
3574,8.5,2,3,2,90,4.7,Yes,Placed
3575,7.7,1,1,1,67,4.4,No,NotPlaced
3576,8.6,2,3,2,90,4.8,Yes,Placed
3577,8.1,1,3,0,77,4.3,Yes,NotPlaced
3578,8.5,2,3,2,90,4.8,Yes,Placed
3579,8.5,2,3,0,88,4.7,Yes,Placed
3580,8.3,0,1,2,75,4.2,Yes,NotPlaced
3581,8.3,2,3,2,90,4.5,Yes,NotPlaced
3582,7.4,1,1,1,81,3.5,Yes,NotPlaced
3583,7.4,0,1,0,70,3.2,Yes,NotPlaced
3584,8,2,3,0,85,4.7,No,Placed
3585,6.5,0,1,0,72,3.7,Yes,NotPlaced
3586,7.7,1,2,0,77,4.3,Yes,NotPlaced
3587,7.5,1,2,1,73,4.2,Yes,NotPlaced
3588,7.4,1,2,1,82,4,No,NotPlaced
3589,7.2,2,1,3,84,3.9,Yes,NotPlaced
3590,7.5,0,1,0,75,4.1,Yes,Placed
3591,8.4,1,1,3,89,4.4,Yes,Placed
3592,6.7,1,1,1,60,3.3,Yes,Placed
3593,8.1,1,2,1,90,4.7,Yes,NotPlaced
3594,6.5,1,1,0,83,3.9,Yes,NotPlaced
3595,7.7,0,1,0,77,4.1,Yes,Placed
3596,8.6,1,3,0,88,4.8,Yes,Placed
3597,7.8,1,1,0,82,4.6,Yes,Placed
3598,7.3,2,3,2,90,4,No,Placed
3599,6.9,0,3,0,85,4.8,No,NotPlaced
3600,7.9,1,3,1,80,4.3,Yes,NotPlaced
3601,7.8,0,2,2,85,4.7,Yes,Placed
3602,7.8,0,1,2,76,4.3,No,NotPlaced
3603,8.5,0,3,0,81,4.1,No,NotPlaced
3604,6.9,2,1,2,90,4.8,Yes,Placed
3605,6.8,0,1,2,77,3.6,Yes,NotPlaced
3606,7.8,1,3,0,74,4.2,No,NotPlaced
3607,7.9,1,2,1,82,4.5,Yes,NotPlaced
3608,8.2,1,1,2,79,4.2,No,NotPlaced
3609,7.9,1,1,0,78,3.9,Yes,NotPlaced
3610,7.3,2,2,0,66,4.1,Yes,NotPlaced
3611,6.5,1,1,0,85,3.6,No,NotPlaced
3612,8.3,2,3,0,90,4.6,Yes,NotPlaced
3613,8.2,2,2,2,87,4.4,Yes,Placed
3614,7.6,1,2,0,82,4.3,Yes,NotPlaced
3615,7.8,1,2,1,81,4.6,Yes,NotPlaced
3616,6.9,2,3,1,77,4.3,Yes,Placed
3617,8,2,1,2,89,4.8,No,NotPlaced
3618,6.7,0,3,2,90,4.8,Yes,Placed
3619,8.3,0,3,0,87,4.6,Yes,Placed
3620,7.6,1,1,1,79,4.3,Yes,NotPlaced
3621,7.3,0,1,1,69,4.6,No,NotPlaced
3622,7.2,1,2,1,75,4.6,Yes,NotPlaced
3623,7.5,1,1,1,78,3.9,No,NotPlaced
3624,6.6,1,2,0,83,4.2,Yes,NotPlaced
3625,6.5,1,3,1,73,4.2,Yes,NotPlaced
3626,6.5,2,1,2,68,4.2,No,NotPlaced
3627,6.7,1,2,0,73,4,Yes,Placed
3628,7.9,1,3,0,75,4.1,No,NotPlaced
3629,8.3,2,3,2,90,4.4,Yes,Placed
3630,8.2,1,3,2,90,4.8,Yes,Placed
3631,6.5,1,2,1,78,3.8,No,NotPlaced
3632,7.6,1,1,1,70,4.7,Yes,NotPlaced
3633,8.5,2,3,1,68,4,Yes,NotPlaced
3634,7.9,2,3,2,82,4.6,No,NotPlaced
3635,7.6,2,1,2,77,4.2,No,NotPlaced
3636,7.4,1,1,1,71,4.4,Yes,NotPlaced
3637,8.2,1,2,3,68,4.4,Yes,Placed
3638,6.6,1,2,2,83,4.6,Yes,NotPlaced
3639,8.4,2,3,2,85,4.7,Yes,NotPlaced
3640,8.3,0,3,2,81,4.6,Yes,Placed
3641,7.5,1,1,0,71,4.1,Yes,NotPlaced
3642,7.4,1,2,0,84,4.5,Yes,NotPlaced
3643,8.1,2,3,1,90,4.4,Yes,Placed
3644,7.9,1,3,0,78,4.4,No,NotPlaced
3645,6.6,1,3,0,83,4.8,Yes,Placed
3646,7.9,2,3,0,81,4.6,Yes,NotPlaced
3647,8.5,2,3,1,70,3.9,Yes,NotPlaced
3648,8.2,1,1,3,83,4,Yes,Placed
3649,7,1,1,0,65,4.6,Yes,NotPlaced
3650,7.1,2,3,0,80,4.3,Yes,Placed
3651,7.6,2,1,1,74,3.7,Yes,NotPlaced
3652,8.4,2,3,2,90,4.7,Yes,Placed
3653,8.2,1,1,1,74,3.7,Yes,Placed
3654,8.2,1,3,2,90,4.8,No,Placed
3655,8.3,2,3,1,83,4.1,Yes,NotPlaced
3656,7.4,1,1,1,70,3.8,No,NotPlaced
3657,7.8,1,2,0,83,4.8,Yes,Placed
3658,8.4,1,1,1,67,3.5,Yes,NotPlaced
3659,6.5,1,2,1,69,3.7,No,NotPlaced
3660,8.4,2,3,2,90,4.8,Yes,Placed
3661,8.4,2,1,2,90,4.8,Yes,Placed
3662,8.4,1,1,0,80,4.6,Yes,NotPlaced
3663,7.8,0,1,1,79,4.7,Yes,Placed
3664,7.3,1,2,0,82,4.6,Yes,NotPlaced
3665,6.6,1,1,0,78,3.7,Yes,NotPlaced
3666,8.5,1,3,2,88,4.7,Yes,Placed
3667,8.2,1,2,2,89,4.8,Yes,Placed
3668,8.4,2,3,2,90,4.8,Yes,Placed
3669,8.2,2,3,2,85,4.8,No,NotPlaced
3670,7.7,1,3,2,90,4.5,Yes,Placed
3671,7.5,1,3,1,78,4,No,NotPlaced
3672,8.8,2,3,2,90,4.8,Yes,Placed
3673,8.4,2,1,2,85,4.1,Yes,Placed
3674,6.5,1,1,0,83,3.6,Yes,NotPlaced
3675,7.3,1,1,0,79,4,Yes,NotPlaced
3676,7.5,1,2,0,86,4.8,Yes,NotPlaced
3677,7.9,1,3,0,69,4,Yes,Placed
3678,7.5,1,3,0,79,4.4,No,Placed
3679,7.9,2,3,0,81,3.6,No,Placed
3680,7.9,0,1,0,79,4.5,No,Placed
3681,7.8,0,1,2,76,4.3,Yes,NotPlaced
3682,8.4,0,3,2,90,4.8,No,Placed
3683,8.7,2,3,0,84,4.1,No,NotPlaced
3684,8.1,0,3,0,86,4.3,No,NotPlaced
3685,7.8,1,2,0,70,4.3,Yes,NotPlaced
3686,7.4,0,1,2,79,4.4,No,Placed
3687,8.6,1,3,0,85,4.2,Yes,Placed
3688,7.3,1,2,1,83,3.9,Yes,Placed
3689,7.4,1,3,1,81,4.7,Yes,NotPlaced
3690,8.2,1,2,1,70,4.4,Yes,Placed
3691,7.2,0,2,1,71,3.6,No,NotPlaced
3692,8.6,2,3,2,84,4.8,Yes,Placed
3693,8,2,3,2,90,4.8,Yes,Placed
3694,8.7,2,3,2,90,4.4,Yes,Placed
3695,7.3,1,1,0,67,4.3,Yes,NotPlaced
3696,7.3,1,3,1,78,4.5,Yes,NotPlaced
3697,8,1,3,0,90,3.7,Yes,Placed
3698,8.2,0,1,0,81,4.4,No,Placed
3699,7.3,1,1,0,76,4.3,No,NotPlaced
3700,8.6,2,3,2,90,4.8,Yes,Placed
3701,8.7,2,1,3,82,4.5,Yes,Placed
3702,8,1,1,0,68,4,Yes,NotPlaced
3703,8.2,1,1,1,79,4.8,Yes,NotPlaced
3704,8.2,2,3,2,85,4.4,Yes,Placed
3705,7.1,1,1,1,69,3.4,Yes,NotPlaced
3706,7.6,0,3,0,71,3.9,Yes,NotPlaced
3707,7.6,0,2,0,60,3.9,No,NotPlaced
3708,8.2,0,3,0,84,4.7,No,Placed
3709,7.6,1,2,1,84,4.4,Yes,NotPlaced
3710,8.4,2,3,0,89,4.1,Yes,Placed
3711,7.5,1,1,0,60,3.7,Yes,NotPlaced
3712,7.5,1,2,1,73,4.8,No,NotPlaced
3713,7.7,1,1,0,60,3.7,Yes,NotPlaced
3714,6.7,0,1,1,79,3.6,No,NotPlaced
3715,8.1,1,3,2,90,4.6,Yes,Placed
3716,7.6,0,1,0,72,4,No,NotPlaced
3717,8.7,1,1,2,80,3.6,Yes,Placed
3718,8.7,1,1,1,70,4.1,No,NotPlaced
3719,7.5,1,2,0,68,4.2,Yes,NotPlaced
3720,7.2,1,2,0,73,4.2,Yes,NotPlaced
3721,8,1,3,2,80,4.8,Yes,Placed
3722,8.2,1,2,0,79,4.8,Yes,NotPlaced
3723,6.7,0,1,1,84,4.3,Yes,NotPlaced
3724,7.6,0,2,0,68,4.6,No,NotPlaced
3725,7.9,1,3,2,82,4.7,Yes,Placed
3726,7.6,0,3,0,86,3.7,Yes,Placed
3727,7.8,1,3,0,90,4,Yes,Placed
3728,8.2,0,1,1,89,4.7,Yes,NotPlaced
3729,7.4,0,1,0,66,3.7,No,NotPlaced
3730,7.4,2,3,0,78,4.8,Yes,Placed
3731,8.7,0,3,0,85,4.5,Yes,Placed
3732,7.6,1,3,2,84,4,Yes,Placed
3733,8.3,1,3,2,90,4.8,Yes,Placed
3734,7.2,1,2,1,79,3.2,No,NotPlaced
3735,7.7,1,3,2,78,3.9,Yes,NotPlaced
3736,7.9,0,1,1,77,4.2,No,NotPlaced
3737,8,1,3,2,85,4.6,Yes,Placed
3738,7,1,1,1,75,4.2,Yes,NotPlaced
3739,8.5,1,1,0,85,4.4,Yes,Placed
3740,7.6,1,1,0,74,3.3,No,NotPlaced
3741,7,1,1,0,62,4.2,Yes,NotPlaced
3742,6.6,0,1,2,68,4.1,No,NotPlaced
3743,7.5,1,1,0,72,3.7,Yes,NotPlaced
3744,7.4,1,1,0,84,4.1,No,NotPlaced
3745,7.5,1,3,2,83,4.3,Yes,NotPlaced
3746,7.5,1,3,2,78,4.6,Yes,Placed
3747,8.4,1,3,2,90,4.8,Yes,Placed
3748,8.2,2,3,2,90,4.8,Yes,Placed
3749,7.5,2,3,2,90,4.8,Yes,Placed
3750,8.4,2,3,2,84,4.7,Yes,Placed
3751,8.1,1,2,0,79,4.5,Yes,NotPlaced
3752,7.6,0,1,2,83,4.7,Yes,Placed
3753,8.2,1,3,2,90,4.7,Yes,Placed
3754,6.5,1,1,0,68,4.3,Yes,NotPlaced
3755,8.4,2,3,2,90,4.7,Yes,Placed
3756,7.6,2,3,1,80,4.3,Yes,NotPlaced
3757,8.3,1,2,0,89,4.5,Yes,NotPlaced
3758,8.1,1,3,2,82,4.2,Yes,NotPlaced
3759,7.7,1,3,3,87,3.9,Yes,NotPlaced
3760,8.2,2,3,2,90,4.8,Yes,Placed
3761,8.4,2,3,2,90,4.8,Yes,Placed
3762,7.5,1,1,0,82,3.6,Yes,NotPlaced
3763,7.7,0,0,1,78,3.7,Yes,NotPlaced
3764,7.7,2,2,0,80,4,No,NotPlaced
3765,8.2,1,3,2,90,4.4,No,NotPlaced
3766,7.3,1,3,0,82,4.4,No,NotPlaced
3767,6.9,0,2,1,78,4.1,Yes,NotPlaced
3768,8.2,2,3,2,90,4.8,Yes,Placed
3769,7.3,2,1,1,79,4.8,No,NotPlaced
3770,7.6,1,2,1,87,4.2,Yes,NotPlaced
3771,8.8,1,3,2,90,4.8,Yes,Placed
3772,7.5,0,1,1,80,4.1,Yes,NotPlaced
3773,8.3,0,3,2,90,4.3,Yes,Placed
3774,7.7,1,2,0,73,3.7,No,NotPlaced
3775,7.7,1,2,1,83,4.5,No,Placed
3776,7.4,1,1,0,72,4,Yes,NotPlaced
3777,8.2,1,3,0,75,4.4,Yes,NotPlaced
3778,7.7,1,1,0,81,4,Yes,Placed
3779,7.7,1,1,2,76,4.4,No,NotPlaced
3780,7.2,1,1,0,83,4.1,Yes,NotPlaced
3781,6.6,1,1,0,83,3.7,Yes,Placed
3782,8.5,1,3,2,90,4.7,Yes,Placed
3783,8.2,1,1,0,66,3.9,No,NotPlaced
3784,7.9,0,2,1,70,3.9,No,NotPlaced
3785,7.5,0,2,0,81,4.1,Yes,NotPlaced
3786,6.9,1,2,1,74,4,Yes,NotPlaced
3787,8.3,0,2,0,67,4.4,Yes,NotPlaced
3788,8.1,2,3,2,90,4.8,Yes,Placed
3789,7.6,0,1,1,62,4.1,No,NotPlaced
3790,8.9,1,3,2,86,4.8,Yes,Placed
3791,7.5,2,2,1,81,4.4,No,NotPlaced
3792,7.5,1,1,1,73,4.1,No,NotPlaced
3793,7.6,1,1,0,74,4.4,Yes,Placed
3794,6.5,1,1,0,71,3.6,No,NotPlaced
3795,7.6,2,2,1,71,4,Yes,NotPlaced
3796,8.1,2,3,1,88,4.2,Yes,Placed
3797,7.1,1,1,0,69,3.5,No,NotPlaced
3798,8.3,1,3,1,84,4.6,Yes,Placed
3799,6.5,0,2,0,78,4.3,Yes,Placed
3800,7.6,0,1,2,77,4,Yes,NotPlaced
3801,8.4,2,3,2,90,4.8,Yes,Placed
3802,6.5,0,1,1,80,3.6,Yes,NotPlaced
3803,7.4,1,1,0,76,3.4,No,NotPlaced
3804,8.5,2,2,2,89,4.8,Yes,Placed
3805,8.4,1,2,2,81,4.2,Yes,Placed
3806,7.6,1,2,1,67,4.5,No,NotPlaced
3807,6.5,1,2,1,82,4.1,Yes,NotPlaced
3808,8.5,2,3,2,84,4.8,Yes,Placed
3809,6.5,1,2,1,82,4,Yes,NotPlaced
3810,7.4,1,1,1,76,4.6,Yes,NotPlaced
3811,6.5,1,1,0,76,4.4,No,NotPlaced
3812,7.7,0,1,0,77,4.6,No,NotPlaced
3813,7.5,0,2,1,70,4.4,Yes,NotPlaced
3814,7.4,0,1,0,74,4.2,No,NotPlaced
3815,7,1,1,1,76,4.6,Yes,NotPlaced
3816,7.8,1,1,2,90,4,Yes,NotPlaced
3817,7.8,0,2,0,86,3.5,Yes,NotPlaced
3818,7.5,1,2,0,72,4.2,No,NotPlaced
3819,6.7,1,1,0,71,3.9,No,NotPlaced
3820,7.5,1,2,2,79,4.2,Yes,Placed
3821,6.6,1,1,0,61,4.1,Yes,NotPlaced
3822,7.1,1,1,2,78,4.6,Yes,Placed
3823,7.2,2,3,0,76,4.3,Yes,NotPlaced
3824,6.7,0,2,1,63,4.4,Yes,NotPlaced
3825,8.5,1,1,0,85,4.5,Yes,NotPlaced
3826,6.6,0,2,0,64,4.6,No,NotPlaced
3827,7.5,1,3,3,90,4.6,Yes,Placed
3828,6.7,1,1,1,74,3.9,Yes,NotPlaced
3829,8.6,2,3,2,90,4.8,Yes,Placed
3830,7.8,2,3,2,90,4.8,Yes,Placed
3831,7.5,0,1,0,85,3.9,Yes,NotPlaced
3832,6.7,1,1,0,66,4.4,Yes,NotPlaced
3833,8.2,0,3,0,79,4.7,Yes,Placed
3834,6.8,1,1,2,77,4.1,Yes,NotPlaced
3835,8.3,0,2,2,76,4.1,Yes,Placed
3836,7.8,2,3,2,87,4.8,No,Placed
3837,7.5,0,2,0,76,4.2,Yes,NotPlaced
3838,8.1,1,1,1,74,4.5,Yes,NotPlaced
3839,8,2,3,1,69,3.9,Yes,NotPlaced
3840,7.8,1,2,1,81,4.1,Yes,Placed
3841,6.5,1,1,0,80,4,Yes,NotPlaced
3842,7.7,1,1,0,75,4.1,Yes,Placed
3843,8.2,1,3,2,90,4.6,Yes,Placed
3844,8.5,1,2,1,85,4.1,Yes,Placed
3845,7.4,1,1,0,85,3.5,No,NotPlaced
3846,7.4,0,1,1,67,3.9,Yes,NotPlaced
3847,8.2,1,3,1,79,4.4,Yes,NotPlaced
3848,8.6,2,3,2,89,4.8,Yes,Placed
3849,6.6,1,1,1,60,3.4,No,NotPlaced
3850,8.2,2,3,2,90,4.8,Yes,Placed
3851,8.5,2,3,2,86,4.8,Yes,Placed
3852,7.5,0,2,2,80,4.8,Yes,Placed
3853,6.5,0,1,0,67,3.9,Yes,NotPlaced
3854,6.5,1,2,1,72,4,No,NotPlaced
3855,8.4,1,2,0,90,4.7,Yes,NotPlaced
3856,7.9,1,2,0,60,4,No,NotPlaced
3857,8.5,2,3,2,90,4.8,Yes,Placed
3858,8.3,2,3,2,82,4.4,No,Placed
3859,6.9,1,1,2,67,3.8,Yes,NotPlaced
3860,8.9,2,3,2,90,4.8,Yes,Placed
3861,6.5,1,1,0,60,3.9,Yes,NotPlaced
3862,8.9,1,3,2,90,4.8,Yes,Placed
3863,7.6,0,1,0,85,4.1,No,NotPlaced
3864,6.8,1,2,2,84,4.1,Yes,Placed
3865,6.5,1,1,1,68,3.7,No,NotPlaced
3866,8.2,2,3,3,88,4.5,Yes,NotPlaced
3867,6.5,1,2,1,65,4.7,No,NotPlaced
3868,8.3,1,3,0,76,4.3,Yes,NotPlaced
3869,6.7,1,2,0,74,4.1,No,NotPlaced
3870,8.4,2,3,2,90,4.7,Yes,Placed
3871,7.6,1,1,0,68,3.6,No,NotPlaced
3872,6.5,1,1,0,75,3.6,No,NotPlaced
3873,6.8,1,3,0,90,4.8,Yes,Placed
3874,7.7,1,1,2,86,4.2,Yes,NotPlaced
3875,7.4,1,1,0,78,4.4,No,NotPlaced
3876,8.4,2,2,2,84,4.8,Yes,Placed
3877,7.9,1,3,2,90,4.8,Yes,Placed
3878,6.6,1,1,0,66,3.5,No,NotPlaced
3879,8.3,2,3,2,90,4.8,Yes,Placed
3880,7.8,1,3,2,84,4.6,Yes,Placed
3881,7.5,1,1,0,78,4.7,Yes,NotPlaced
3882,7.6,0,2,0,71,4.3,No,NotPlaced
3883,8.3,1,3,1,79,4.5,Yes,Placed
3884,7.5,1,2,0,80,3.9,Yes,NotPlaced
3885,7.8,1,2,2,90,4.8,Yes,Placed
3886,8.4,2,3,1,87,4.8,No,Placed
3887,6.5,0,3,1,79,4.3,Yes,NotPlaced
3888,8.1,2,3,1,80,4.8,Yes,Placed
3889,8.7,2,3,2,90,4.8,Yes,Placed
3890,6.5,1,1,1,75,4,Yes,NotPlaced
3891,7.7,1,1,1,80,3.9,No,NotPlaced
3892,7.6,1,1,0,74,3.8,Yes,NotPlaced
3893,7.4,1,1,2,86,4.6,No,NotPlaced
3894,7.7,1,2,0,64,4.2,Yes,NotPlaced
3895,7.6,1,1,0,68,4,No,NotPlaced
3896,7.5,0,3,1,73,4,No,NotPlaced
3897,8.4,2,3,2,89,4.8,Yes,Placed
3898,8,1,2,0,83,4.6,Yes,NotPlaced
3899,7,0,1,1,81,4.6,Yes,Placed
3900,7.1,1,2,2,82,4.3,No,NotPlaced
3901,8.5,2,3,2,88,4.3,No,NotPlaced
3902,8.3,2,3,2,77,4.2,Yes,NotPlaced
3903,6.6,2,1,0,75,4.2,Yes,NotPlaced
3904,7.6,0,1,2,90,4.8,Yes,Placed
3905,8.1,1,2,0,84,4.4,Yes,NotPlaced
3906,7.6,0,2,0,87,3.8,Yes,NotPlaced
3907,8.4,2,3,1,89,4.8,Yes,Placed
3908,8.2,2,3,2,90,4.8,Yes,Placed
3909,7.2,0,1,0,73,4.1,Yes,Placed
3910,8.2,1,3,2,89,4.4,Yes,Placed
3911,6.8,1,1,0,76,4.1,No,NotPlaced
3912,7.6,1,2,2,72,4.5,No,Placed
3913,6.5,0,3,0,80,4.5,Yes,NotPlaced
3914,7.7,2,2,0,73,4.3,Yes,Placed
3915,8.3,1,2,2,88,4.6,Yes,Placed
3916,8.5,2,3,2,88,4.7,Yes,Placed
3917,7.6,2,2,1,73,4.7,No,NotPlaced
3918,7.6,1,3,0,71,4.7,No,NotPlaced
3919,8.4,0,3,2,90,4.8,Yes,Placed
3920,8.2,1,3,2,82,4.3,Yes,NotPlaced
3921,7.8,1,2,0,70,4.8,Yes,NotPlaced
3922,8.5,1,2,2,83,4.2,No,Placed
3923,7.8,1,1,0,71,4,Yes,NotPlaced
3924,7.6,1,2,0,76,4.2,Yes,NotPlaced
3925,8.1,1,3,2,84,4.8,Yes,NotPlaced
3926,7.5,1,1,0,77,4,Yes,NotPlaced
3927,6.5,1,2,1,77,4.2,No,NotPlaced
3928,9,1,3,2,90,4.8,Yes,Placed
3929,7.7,0,1,0,70,3.7,No,Placed
3930,8.3,1,2,1,78,4.7,Yes,NotPlaced
3931,6.8,2,3,2,82,3.9,No,Placed
3932,8.2,0,2,2,79,4,Yes,Placed
3933,6.9,1,1,1,69,4.1,Yes,NotPlaced
3934,8.1,1,3,2,72,4.8,No,NotPlaced
3935,7.8,1,2,0,71,3.6,No,Placed
3936,7.5,1,1,0,84,4.2,Yes,NotPlaced
3937,8.6,2,3,2,90,4.8,Yes,Placed
3938,8.4,2,3,2,87,4.8,Yes,Placed
3939,7.6,1,3,0,87,4.4,Yes,Placed
3940,8.3,2,3,2,90,4.7,No,Placed
3941,8.5,1,1,1,81,4.5,Yes,NotPlaced
3942,6.8,1,3,0,85,4.5,Yes,NotPlaced
3943,7.6,1,1,0,71,3.9,Yes,NotPlaced
3944,6.5,1,2,0,85,4.1,Yes,NotPlaced
3945,7.7,1,1,2,79,4.1,No,NotPlaced
3946,8.4,2,3,2,90,4.8,Yes,Placed
3947,7.5,1,2,0,82,3.7,No,NotPlaced
3948,8,2,3,2,90,4.3,Yes,Placed
3949,7.6,0,1,0,60,4,Yes,NotPlaced
3950,7.6,1,2,2,79,4.2,Yes,Placed
3951,8.2,2,3,2,90,4.8,Yes,Placed
3952,7.5,0,3,0,67,4.1,Yes,NotPlaced
3953,8.3,2,3,2,89,4.6,Yes,NotPlaced
3954,7.9,1,1,0,85,4.5,Yes,Placed
3955,7.4,0,3,0,75,4,Yes,NotPlaced
3956,6.5,1,3,3,79,4.3,Yes,Placed
3957,7.6,1,1,1,77,3.9,No,NotPlaced
3958,7.7,1,3,0,82,3.8,Yes,NotPlaced
3959,7.8,1,1,2,85,3.8,Yes,NotPlaced
3960,6.5,1,1,1,68,4.1,Yes,NotPlaced
3961,7.5,1,2,1,82,4.5,No,NotPlaced
3962,6.5,1,1,0,67,4.2,No,NotPlaced
3963,8.7,2,3,0,90,4.8,No,Placed
3964,6.7,0,1,0,74,4.2,Yes,NotPlaced
3965,7.7,1,2,1,76,4.8,Yes,NotPlaced
3966,8.1,1,3,2,80,4.4,Yes,NotPlaced
3967,7.7,1,3,2,87,4.8,Yes,Placed
3968,6.5,1,1,1,84,4.6,No,NotPlaced
3969,7.5,0,3,2,72,4.7,Yes,Placed
3970,6.5,1,1,1,77,4.1,Yes,NotPlaced
3971,8.2,1,3,2,90,4.7,Yes,Placed
3972,6.5,1,2,1,78,3.9,Yes,NotPlaced
3973,7.7,1,2,1,81,3.6,Yes,Placed
3974,7.6,1,0,0,84,4.8,Yes,Placed
3975,7.6,0,1,0,88,4.7,Yes,Placed
3976,6.8,0,1,2,77,4.6,No,NotPlaced
3977,7,1,3,1,77,4.2,Yes,Placed
3978,7.7,1,2,1,76,3.8,Yes,NotPlaced
3979,8.5,2,2,2,90,4.7,Yes,NotPlaced
3980,8.7,2,3,2,90,4.8,Yes,Placed
3981,8.2,2,3,2,90,4.8,Yes,Placed
3982,7.5,1,2,0,86,4.7,Yes,NotPlaced
3983,8.4,0,3,0,90,4.8,Yes,Placed
3984,7.5,1,2,2,83,3.1,No,NotPlaced
3985,6.9,1,2,0,70,4.3,No,Placed
3986,6.6,1,3,1,80,4.4,Yes,Placed
3987,7.5,1,1,1,71,4.3,Yes,NotPlaced
3988,8.1,1,1,0,85,3.1,Yes,NotPlaced
3989,6.5,1,1,1,82,4.1,No,NotPlaced
3990,6.5,1,1,1,72,3.5,No,NotPlaced
3991,7.9,2,1,2,90,4.5,No,NotPlaced
3992,8.2,1,2,1,74,3.8,No,NotPlaced
3993,6.5,1,1,0,75,3.3,No,NotPlaced
3994,8.4,1,2,1,81,3.8,Yes,Placed
3995,7.5,1,1,0,69,3.7,Yes,NotPlaced
3996,7.5,1,1,1,79,4.7,Yes,NotPlaced
3997,6.5,1,1,0,89,3.9,Yes,NotPlaced
3998,7.6,1,2,0,75,3.8,Yes,NotPlaced
3999,7.5,1,1,1,60,3.6,Yes,NotPlaced
4000,8.3,2,2,2,85,3.9,Yes,Placed
4001,7.5,0,2,1,70,3.7,No,NotPlaced
4002,6.5,1,2,0,65,4,No,NotPlaced
4003,7.8,2,2,2,68,4.5,Yes,NotPlaced
4004,8.5,2,3,2,90,4.8,Yes,Placed
4005,7.9,1,1,1,75,4.4,Yes,NotPlaced
4006,6.8,1,2,2,77,4.7,No,NotPlaced
4007,8.2,1,3,2,68,4.4,Yes,NotPlaced
4008,8.6,1,2,2,90,4.5,Yes,NotPlaced
4009,8.6,1,3,2,90,4.8,Yes,Placed
4010,7.9,2,3,1,70,4.5,No,NotPlaced
4011,8.4,2,3,2,90,4.8,Yes,Placed
4012,8.1,2,3,2,90,4.8,Yes,Placed
4013,7.8,1,2,2,83,4.7,Yes,Placed
4014,7.6,1,2,0,74,3.4,Yes,NotPlaced
4015,6.6,1,2,2,77,4,Yes,NotPlaced
4016,6.5,1,2,1,76,4.2,Yes,NotPlaced
4017,6.5,1,1,2,90,4,Yes,Placed
4018,7.8,1,2,0,78,4,Yes,NotPlaced
4019,7.6,1,2,1,74,4.1,Yes,Placed
4020,7.6,0,1,0,71,3.7,Yes,NotPlaced
4021,6.5,1,2,0,76,4.2,Yes,NotPlaced
4022,8.5,0,1,0,86,4.7,Yes,Placed
4023,8.2,0,3,0,86,4.5,Yes,Placed
4024,7.1,1,2,0,76,4.1,Yes,NotPlaced
4025,6.9,1,1,1,85,4.2,Yes,NotPlaced
4026,6.5,1,1,0,80,4.5,Yes,NotPlaced
4027,7.7,0,2,3,77,4.8,Yes,NotPlaced
4028,7.6,1,1,0,72,4,Yes,NotPlaced
4029,7.6,1,2,0,76,4.1,Yes,NotPlaced
4030,7.8,0,2,1,75,4.4,Yes,Placed
4031,6.8,1,2,1,68,4.3,Yes,NotPlaced
4032,8.2,2,3,2,85,4.4,Yes,Placed
4033,8.4,1,1,1,73,4.5,No,NotPlaced
4034,6.5,0,1,1,68,4.1,No,NotPlaced
4035,6.7,1,1,0,73,4.6,No,NotPlaced
4036,8.5,1,3,2,90,4.5,Yes,Placed
4037,6.8,1,1,0,68,3.1,No,NotPlaced
4038,8.2,2,3,2,90,4.6,Yes,Placed
4039,8,2,2,0,87,4.2,Yes,NotPlaced
4040,7.6,1,3,3,75,4.8,Yes,Placed
4041,7.9,1,2,1,86,4.2,Yes,NotPlaced
4042,7.9,2,1,0,71,4.7,Yes,NotPlaced
4043,8,1,1,0,73,4.2,No,NotPlaced
4044,7.8,0,2,2,90,4.8,Yes,Placed
4045,7.2,0,3,0,75,4.6,No,Placed
4046,8,1,3,2,83,4.7,Yes,Placed
4047,7.6,1,1,1,69,3.6,No,NotPlaced
4048,8.2,2,3,2,90,4.8,Yes,Placed
4049,7.3,0,1,0,82,3.8,Yes,NotPlaced
4050,8.2,2,3,2,90,4.8,Yes,Placed
4051,6.6,1,1,0,76,4,No,NotPlaced
4052,7.8,2,3,2,88,4.5,Yes,Placed
4053,7.5,2,1,2,86,4.6,Yes,Placed
4054,8.5,2,3,2,90,4.8,No,NotPlaced
4055,7.6,0,1,0,72,4.5,No,NotPlaced
4056,8.2,2,3,2,84,4.8,Yes,Placed
4057,8.6,1,2,0,72,4.4,Yes,NotPlaced
4058,8.1,1,3,2,82,4.7,Yes,Placed
4059,7.2,0,1,0,73,4.1,Yes,Placed
4060,6.8,0,1,0,84,4.2,No,NotPlaced
4061,7.9,1,2,1,77,4.2,Yes,Placed
4062,7,1,1,0,65,4,No,NotPlaced
4063,6.6,1,3,1,74,4.5,Yes,NotPlaced
4064,8.5,2,3,2,90,4.4,Yes,Placed
4065,8.3,1,2,2,78,4.8,Yes,NotPlaced
4066,8.5,1,3,1,72,4.1,Yes,Placed
4067,6.5,0,1,0,67,3.7,No,NotPlaced
4068,7.5,2,3,0,88,4.6,Yes,Placed
4069,8.2,1,3,2,90,4.6,Yes,Placed
4070,6.6,1,1,1,66,3.9,Yes,NotPlaced
4071,8.4,2,3,2,90,4.8,Yes,Placed
4072,7.4,1,2,1,66,4.5,No,NotPlaced
4073,7.5,1,2,0,78,3.7,No,NotPlaced
4074,7.7,1,3,0,75,4.5,Yes,NotPlaced
4075,7.5,1,2,1,76,3.7,Yes,NotPlaced
4076,7.5,0,1,0,72,3.6,No,NotPlaced
4077,7.7,0,0,2,89,4.1,Yes,NotPlaced
4078,7.8,1,1,1,77,4,Yes,NotPlaced
4079,7.4,1,2,0,71,3.9,Yes,NotPlaced
4080,7.6,1,2,1,74,4,Yes,NotPlaced
4081,8,1,3,0,65,4.4,Yes,NotPlaced
4082,6.5,1,2,1,80,4.1,Yes,NotPlaced
4083,7.5,1,1,0,60,3.3,Yes,NotPlaced
4084,8.1,1,3,0,90,4.4,Yes,Placed
4085,8.4,2,2,0,74,4.4,No,NotPlaced
4086,7.4,1,1,1,74,3.6,Yes,NotPlaced
4087,6.5,1,1,0,64,4.5,Yes,NotPlaced
4088,7.7,2,3,1,89,4.7,Yes,Placed
4089,8.2,0,3,1,90,4.8,Yes,Placed
4090,7.4,1,2,1,71,4.8,Yes,NotPlaced
4091,7.4,0,2,1,65,4.4,No,NotPlaced
4092,8.6,1,1,0,87,4.8,Yes,Placed
4093,8.2,2,3,0,80,4.3,Yes,Placed
4094,8.5,1,3,3,86,4.8,Yes,Placed
4095,7.5,2,3,1,83,4.2,Yes,Placed
4096,8.5,2,3,2,82,4.7,Yes,Placed
4097,6.5,1,2,0,71,3.9,Yes,NotPlaced
4098,7.3,0,1,1,76,4.2,No,NotPlaced
4099,6.6,0,1,0,68,3.8,No,NotPlaced
4100,7.5,0,3,3,78,4.7,Yes,NotPlaced
4101,7.4,1,1,0,81,4,No,NotPlaced
4102,7.4,1,3,0,81,4.6,Yes,NotPlaced
4103,7.7,1,3,0,90,4,Yes,NotPlaced
4104,7.9,1,3,2,90,4.6,Yes,NotPlaced
4105,6.7,1,1,0,80,4.5,Yes,NotPlaced
4106,7.9,1,2,3,84,4.5,No,NotPlaced
4107,8.4,1,2,2,84,4.4,Yes,Placed
4108,7.4,1,1,0,71,3.3,No,NotPlaced
4109,8.3,2,3,2,89,4.8,Yes,Placed
4110,7.8,0,1,1,72,3.9,No,NotPlaced
4111,8.3,1,3,1,76,4.6,No,NotPlaced
4112,8.3,2,3,2,90,4.8,Yes,Placed
4113,7.7,1,1,1,66,4.8,No,NotPlaced
4114,8.7,1,3,0,78,3.2,Yes,NotPlaced
4115,7.6,0,2,0,64,4.8,No,NotPlaced
4116,8.2,2,3,2,82,4.8,Yes,Placed
4117,6.7,1,1,0,76,4.2,No,Placed
4118,7.6,1,2,0,71,4.3,Yes,Placed
4119,7.8,0,2,0,71,4.4,Yes,NotPlaced
4120,7.6,1,1,0,62,4.4,Yes,NotPlaced
4121,8.4,1,1,2,90,4.8,Yes,Placed
4122,7.5,1,1,0,77,4.8,Yes,Placed
4123,7.6,1,2,0,73,4.2,Yes,NotPlaced
4124,8.3,2,3,2,86,4.8,Yes,Placed
4125,8.2,2,1,1,88,4.4,Yes,NotPlaced
4126,7.5,1,2,1,80,4,Yes,NotPlaced
4127,8.6,2,3,2,90,4.8,Yes,Placed
4128,8.5,1,3,2,87,4.4,Yes,Placed
4129,7.7,1,2,3,78,4.2,Yes,NotPlaced
4130,6.5,1,2,1,82,3.4,No,NotPlaced
4131,7.8,0,1,1,78,4.7,Yes,Placed
4132,8.6,2,3,2,90,4.7,Yes,Placed
4133,8.5,1,3,2,90,4.7,Yes,NotPlaced
4134,7.5,1,2,1,69,3.2,Yes,NotPlaced
4135,7.2,1,1,1,66,3.5,No,NotPlaced
4136,7.9,1,1,2,64,4.2,Yes,Placed
4137,8.3,2,3,2,89,4.8,Yes,Placed
4138,7.5,0,1,2,78,4.5,Yes,NotPlaced
4139,6.7,1,2,2,75,4.2,No,NotPlaced
4140,8.1,2,2,2,79,4.4,Yes,NotPlaced
4141,8.4,2,3,2,90,4.8,Yes,Placed
4142,7,0,1,2,86,4.7,Yes,Placed
4143,8.4,0,1,0,86,3.8,Yes,NotPlaced
4144,7.4,1,2,0,89,4.2,Yes,NotPlaced
4145,6.5,1,2,0,77,4.4,Yes,NotPlaced
4146,7.6,1,3,1,77,4.6,Yes,NotPlaced
4147,8.3,2,3,2,90,4.8,Yes,Placed
4148,8,2,3,2,87,4.4,Yes,NotPlaced
4149,7.6,1,1,0,69,4.2,Yes,NotPlaced
4150,7.7,1,1,1,67,3,No,NotPlaced
4151,8.2,2,3,2,83,4.3,Yes,Placed
4152,7.6,1,1,2,87,4.1,Yes,Placed
4153,8.3,1,2,2,82,4.5,Yes,NotPlaced
4154,8.2,2,3,0,90,4.5,Yes,Placed
4155,7.4,1,1,0,78,4,Yes,Placed
4156,7.3,1,1,0,65,4.6,Yes,NotPlaced
4157,8,0,1,0,79,3.4,Yes,NotPlaced
4158,8.7,2,3,0,84,4.2,Yes,NotPlaced
4159,8.2,1,1,1,66,3.6,Yes,NotPlaced
4160,7.5,1,1,1,73,4.1,Yes,NotPlaced
4161,8.1,2,3,3,90,4.5,Yes,Placed
4162,8.4,2,3,2,90,4.8,Yes,Placed
4163,6.7,1,2,0,68,4.6,Yes,NotPlaced
4164,8.2,1,1,2,69,4.6,Yes,Placed
4165,7.5,1,2,0,80,3.5,No,NotPlaced
4166,7.6,1,2,2,75,3.8,Yes,NotPlaced
4167,7.5,0,1,0,76,4.4,Yes,NotPlaced
4168,7.7,2,2,0,79,4.2,Yes,Placed
4169,8.4,0,3,0,90,4.4,Yes,NotPlaced
4170,7.2,2,3,2,90,4.8,Yes,Placed
4171,7.4,1,1,0,74,3.7,No,NotPlaced
4172,6.7,0,1,0,73,4,Yes,Placed
4173,6.9,0,2,0,73,4.3,No,NotPlaced
4174,7.5,0,3,0,81,4.5,Yes,Placed
4175,8,2,1,1,82,4.2,No,Placed
4176,7.6,1,2,3,74,3.7,Yes,Placed
4177,8.3,1,3,1,90,4.8,Yes,Placed
4178,7.4,0,3,2,90,4.7,Yes,Placed
4179,8.4,1,3,3,90,4.8,Yes,Placed
4180,6.5,2,2,2,87,4.7,Yes,Placed
4181,8.4,1,1,2,79,4.6,Yes,NotPlaced
4182,7.9,2,3,2,90,4.8,Yes,Placed
4183,8.2,1,3,2,90,4.7,Yes,Placed
4184,8,1,1,2,76,3.4,Yes,NotPlaced
4185,8.4,1,3,2,78,4.5,No,NotPlaced
4186,7.6,0,1,0,73,4.3,Yes,Placed
4187,8.3,2,3,2,90,4.8,Yes,Placed
4188,7.9,2,2,2,90,4.8,Yes,Placed
4189,8.3,0,3,1,88,4.1,Yes,NotPlaced
4190,8.2,1,3,1,88,4.8,Yes,Placed
4191,8.3,1,2,0,85,4.6,Yes,NotPlaced
4192,7.8,2,3,0,83,4.2,Yes,Placed
4193,7.6,0,1,1,76,3.9,Yes,NotPlaced
4194,7.5,1,1,0,73,3.4,Yes,NotPlaced
4195,7.5,1,1,0,85,4.2,Yes,NotPlaced
4196,6.8,1,1,0,82,3.9,No,NotPlaced
4197,8.3,2,3,2,81,4.7,Yes,NotPlaced
4198,6.7,0,1,1,72,4.5,Yes,Placed
4199,6.9,1,1,1,64,4.1,No,NotPlaced
4200,8.6,0,1,1,68,4.3,Yes,NotPlaced
4201,8.1,2,3,0,90,4.7,Yes,Placed
4202,7.7,1,1,0,60,4.3,No,NotPlaced
4203,8.4,2,3,2,73,4.8,Yes,NotPlaced
4204,8.2,1,3,1,80,3.9,Yes,Placed
4205,8.5,1,3,2,90,4.8,Yes,Placed
4206,8.3,2,3,2,81,4.1,No,Placed
4207,8.4,2,3,2,87,4.8,Yes,Placed
4208,6.9,1,2,2,77,4,Yes,NotPlaced
4209,6.5,0,2,1,84,4.8,Yes,Placed
4210,6.5,1,1,0,74,4.6,No,NotPlaced
4211,8.3,0,3,2,84,4.8,Yes,Placed
4212,8.6,2,3,0,79,4.7,No,NotPlaced
4213,8.4,2,3,2,88,4.6,Yes,Placed
4214,7.5,1,1,0,78,4.5,No,NotPlaced
4215,6.5,2,3,2,80,4.1,Yes,Placed
4216,6.5,2,3,2,84,4.6,Yes,NotPlaced
4217,7.6,1,1,1,77,3.9,No,NotPlaced
4218,8.3,2,3,2,84,4.8,Yes,Placed
4219,7.4,1,1,1,72,4.6,Yes,NotPlaced
4220,7.1,1,1,1,69,3.3,No,NotPlaced
4221,8.1,1,3,2,75,4.3,Yes,Placed
4222,8,1,2,2,85,4.8,Yes,Placed
4223,7.6,1,2,1,80,4.1,Yes,NotPlaced
4224,7.4,1,1,0,75,4.3,Yes,NotPlaced
4225,6.5,1,3,2,90,4.8,Yes,Placed
4226,7.1,2,3,0,79,4.8,Yes,Placed
4227,8.9,1,3,1,90,4.7,Yes,NotPlaced
4228,8.1,2,3,2,90,4.8,Yes,Placed
4229,6.8,1,1,0,71,4.5,No,NotPlaced
4230,7,1,1,0,71,4.4,No,NotPlaced
4231,8.1,2,3,2,90,4.1,Yes,Placed
4232,8.6,1,3,2,90,4.8,Yes,Placed
4233,8.2,1,3,2,90,4.4,Yes,Placed
4234,7.5,2,2,1,85,4.6,Yes,Placed
4235,7.4,0,1,2,81,3.8,Yes,NotPlaced
4236,8.4,1,2,2,79,4.2,No,NotPlaced
4237,6.5,1,1,0,65,4.3,No,NotPlaced
4238,8.3,2,3,2,86,3.9,Yes,Placed
4239,8.5,0,3,2,83,4.5,No,NotPlaced
4240,6.6,0,3,0,85,4.7,Yes,Placed
4241,7.5,1,1,0,71,4.3,No,Placed
4242,7.6,1,3,1,82,4.5,Yes,Placed
4243,7.8,0,3,0,83,4.4,Yes,NotPlaced
4244,6.5,1,2,0,88,4.4,Yes,Placed
4245,8.4,2,3,2,90,4.8,Yes,Placed
4246,7.9,1,1,1,84,4.5,Yes,Placed
4247,8.7,1,3,2,87,4.8,Yes,Placed
4248,8.1,1,3,0,81,3.7,Yes,NotPlaced
4249,7.5,0,1,1,66,4.1,Yes,NotPlaced
4250,8.1,2,3,2,87,4.7,No,Placed
4251,7.8,1,2,1,82,4.4,Yes,NotPlaced
4252,8.3,1,3,2,87,4.8,Yes,Placed
4253,8.1,0,3,2,85,4.8,Yes,NotPlaced
4254,8.2,1,3,2,87,4.6,Yes,Placed
4255,6.5,0,3,0,80,4.4,Yes,NotPlaced
4256,7.5,1,2,0,76,3.8,Yes,NotPlaced
4257,8.2,1,3,2,87,4.6,Yes,Placed
4258,7.5,1,2,2,86,4.5,Yes,NotPlaced
4259,7.7,0,2,0,67,3.9,No,NotPlaced
4260,8,2,3,2,84,4.7,Yes,Placed
4261,7.7,0,2,0,90,4.5,Yes,Placed
4262,7.4,0,1,1,63,3.5,No,NotPlaced
4263,7.4,1,2,1,60,3.2,No,NotPlaced
4264,7.7,0,1,1,77,4.3,Yes,NotPlaced
4265,7,0,2,1,64,4.7,Yes,NotPlaced
4266,7.9,2,3,2,88,4.6,No,Placed
4267,7.6,1,1,1,73,3.7,No,NotPlaced
4268,8.2,1,3,2,87,4.7,Yes,Placed
4269,8.5,1,3,2,90,4.8,Yes,Placed
4270,7.9,2,3,2,83,4.7,No,Placed
4271,7.9,2,1,1,85,4.2,Yes,Placed
4272,6.8,1,1,1,85,3.9,No,NotPlaced
4273,7.6,1,1,3,65,4,Yes,NotPlaced
4274,7.3,1,1,0,68,4.4,No,NotPlaced
4275,6.9,1,2,1,81,4.3,Yes,NotPlaced
4276,8.3,2,2,1,88,4.6,Yes,Placed
4277,8.3,1,3,0,84,4.7,Yes,Placed
4278,7.5,0,3,0,65,4.3,Yes,NotPlaced
4279,8.2,2,3,2,90,4.8,Yes,Placed
4280,7.8,0,3,0,74,4.1,Yes,NotPlaced
4281,7.7,0,2,1,81,3.8,Yes,NotPlaced
4282,6.6,1,1,0,72,4.2,No,NotPlaced
4283,8,2,3,2,90,4.8,Yes,Placed
4284,8.4,2,3,2,90,4.4,Yes,Placed
4285,8.2,2,3,2,90,4.8,Yes,Placed
4286,7.5,0,2,1,87,4.1,Yes,NotPlaced
4287,8.3,0,3,0,87,4.4,Yes,Placed
4288,8,2,3,2,89,4.8,No,Placed
4289,6.5,1,2,0,86,3.9,No,NotPlaced
4290,7.4,1,2,1,83,4.2,Yes,Placed
4291,6.5,1,1,0,74,4.2,Yes,NotPlaced
4292,6.7,1,2,0,63,3.7,No,NotPlaced
4293,8.8,1,3,2,90,4.8,Yes,Placed
4294,8.2,2,3,2,90,4.8,Yes,Placed
4295,7.3,1,3,3,90,4.7,Yes,Placed
4296,8.6,2,3,2,83,4.8,No,NotPlaced
4297,7.8,1,3,1,84,4.5,Yes,NotPlaced
4298,8.6,1,3,2,84,4.8,Yes,Placed
4299,8.5,1,3,2,80,4.8,Yes,Placed
4300,8.1,2,3,2,90,4.8,Yes,Placed
4301,7.7,1,3,1,79,4.4,Yes,Placed
4302,8.5,1,0,0,81,4.1,No,NotPlaced
4303,7.5,2,2,0,80,4.8,Yes,Placed
4304,8.1,0,1,1,81,4.5,Yes,Placed
4305,7.5,1,2,2,75,4.3,Yes,Placed
4306,8.8,2,3,2,88,4.7,Yes,Placed
4307,8.3,2,3,3,83,4.6,No,Placed
4308,7.5,1,2,0,68,3.8,Yes,NotPlaced
4309,8.2,1,2,0,79,4.8,Yes,NotPlaced
4310,6.5,1,1,1,74,4,No,NotPlaced
4311,7.6,0,1,1,62,3.9,No,NotPlaced
4312,6.5,1,1,0,78,4.1,Yes,NotPlaced
4313,8.6,2,3,2,90,4.8,No,Placed
4314,7.8,0,1,1,60,4.1,No,NotPlaced
4315,6.6,1,1,1,60,3.9,No,NotPlaced
4316,8.5,1,2,2,86,4.6,Yes,Placed
4317,7.3,1,1,0,76,4.2,Yes,NotPlaced
4318,8.6,2,3,2,90,4.8,Yes,Placed
4319,7.6,1,1,1,74,4.3,Yes,NotPlaced
4320,8.2,2,3,2,90,4.8,Yes,Placed
4321,7.5,0,2,1,70,4.4,Yes,Placed
4322,8.8,1,2,2,85,4.8,Yes,Placed
4323,7.9,1,3,1,71,4.6,Yes,NotPlaced
4324,8.2,0,1,0,69,4.8,Yes,NotPlaced
4325,8.3,2,3,2,82,4.7,Yes,Placed
4326,6.9,1,1,1,73,3.6,No,NotPlaced
4327,7.3,1,1,1,79,4.8,No,NotPlaced
4328,7.6,1,1,1,62,3.4,No,NotPlaced
4329,7.4,0,1,0,71,4.4,No,NotPlaced
4330,8.5,2,3,2,90,4.2,No,Placed
4331,8.2,2,3,2,75,3.9,Yes,NotPlaced
4332,7.4,1,2,1,78,4.4,Yes,NotPlaced
4333,7.5,1,2,2,82,4.8,Yes,NotPlaced
4334,6.6,1,2,1,80,4.1,Yes,NotPlaced
4335,8.4,2,3,2,90,4.8,Yes,Placed
4336,8.4,2,3,2,90,4.5,Yes,Placed
4337,7.2,0,2,0,82,3.9,No,Placed
4338,8.1,2,3,2,87,4.8,Yes,NotPlaced
4339,8.6,1,2,1,83,4.6,Yes,NotPlaced
4340,8.3,2,3,2,90,4.8,Yes,Placed
4341,7.6,0,3,0,78,4.5,Yes,NotPlaced
4342,7.9,1,1,1,69,3.9,No,NotPlaced
4343,8.3,0,3,1,90,4.6,Yes,Placed
4344,7.6,1,1,0,69,4.5,No,NotPlaced
4345,6.5,0,1,0,65,4.1,No,NotPlaced
4346,6.5,0,2,1,69,3.8,No,NotPlaced
4347,8.2,2,3,0,90,4.8,Yes,Placed
4348,8.3,1,1,1,77,3.4,No,NotPlaced
4349,8,2,3,2,90,4.6,Yes,Placed
4350,8.3,1,3,2,77,4.5,Yes,Placed
4351,7.5,1,3,2,68,3.6,Yes,Placed
4352,8.3,1,3,0,82,4.1,Yes,NotPlaced
4353,7.6,1,1,0,76,4.6,Yes,NotPlaced
4354,7.7,1,1,0,76,3.8,Yes,NotPlaced
4355,8.8,2,3,2,90,4.8,Yes,Placed
4356,7.6,0,1,0,68,4,Yes,NotPlaced
4357,6.5,1,2,1,68,3.7,Yes,NotPlaced
4358,7.5,1,2,1,78,3.8,Yes,NotPlaced
4359,7.8,2,3,0,90,4.8,Yes,Placed
4360,7.6,1,3,1,86,4.6,Yes,NotPlaced
4361,7.5,1,1,1,74,4.6,Yes,NotPlaced
4362,6.5,1,3,1,76,4.8,Yes,NotPlaced
4363,7.6,1,1,0,67,3.8,No,NotPlaced
4364,8.5,2,3,2,90,4.7,Yes,Placed
4365,7.8,2,1,0,88,4,Yes,NotPlaced
4366,8,1,2,0,85,4.3,Yes,NotPlaced
4367,8,1,2,0,76,4.4,Yes,Placed
4368,8.2,2,3,3,81,4.8,Yes,Placed
4369,7.5,1,2,1,77,3.7,Yes,NotPlaced
4370,7.8,1,1,1,73,4,No,NotPlaced
4371,6.6,0,2,0,64,3.8,Yes,NotPlaced
4372,8.2,1,3,2,90,4.6,Yes,Placed
4373,8.4,1,3,2,89,4.2,No,NotPlaced
4374,8.3,0,3,2,87,4.7,Yes,Placed
4375,6.9,1,3,1,86,4.5,Yes,Placed
4376,7.6,1,2,0,73,3.8,Yes,NotPlaced
4377,6.5,1,2,0,74,4,Yes,Placed
4378,8.3,1,2,0,70,4.8,Yes,Placed
4379,7.9,2,3,2,88,4.7,No,Placed
4380,7.7,1,1,1,80,4.1,No,NotPlaced
4381,8.5,2,3,3,79,4.1,Yes,NotPlaced
4382,6.7,1,3,0,73,4.5,Yes,Placed
4383,8.5,1,3,3,70,3.8,Yes,Placed
4384,7.1,1,1,0,79,4.3,Yes,Placed
4385,8.2,1,3,2,90,4.4,Yes,NotPlaced
4386,7.9,2,3,2,79,4.1,Yes,NotPlaced
4387,7.4,1,2,1,79,4.4,Yes,Placed
4388,7.3,1,2,1,68,4.6,No,NotPlaced
4389,7.6,1,1,0,70,4.5,No,NotPlaced
4390,8.4,0,2,0,69,4,Yes,Placed
4391,8.2,1,3,2,85,4.6,Yes,NotPlaced
4392,6.6,2,3,0,75,3.9,Yes,NotPlaced
4393,6.8,1,1,0,67,4.1,No,NotPlaced
4394,7.7,1,1,0,80,4.2,Yes,Placed
4395,8.3,2,3,2,77,4,Yes,NotPlaced
4396,8.4,2,1,0,84,4.4,Yes,NotPlaced
4397,7.9,0,3,2,89,4.5,Yes,NotPlaced
4398,8.3,2,3,2,90,4.8,Yes,Placed
4399,7.1,1,2,2,81,4.8,Yes,NotPlaced
4400,6.8,1,2,0,81,4.2,Yes,NotPlaced
4401,6.6,1,1,0,86,4.4,Yes,Placed
4402,7.9,1,1,1,70,3.4,No,NotPlaced
4403,7.4,1,1,1,82,3.7,No,NotPlaced
4404,8.2,0,3,2,75,4.6,Yes,Placed
4405,8,2,3,2,90,4.3,Yes,Placed
4406,8.8,2,2,2,89,4.8,Yes,NotPlaced
4407,6.5,1,2,0,80,3.8,Yes,NotPlaced
4408,6.6,0,1,0,78,4.8,No,NotPlaced
4409,8.5,0,3,2,90,4.7,No,Placed
4410,6.8,1,2,0,73,4.3,Yes,Placed
4411,7.7,1,2,0,77,4.2,Yes,Placed
4412,7.5,1,3,1,74,4.7,Yes,Placed
4413,7.8,1,1,0,79,3.8,Yes,NotPlaced
4414,7.9,2,3,2,90,4.7,Yes,Placed
4415,8.7,2,3,0,72,4.3,Yes,Placed
4416,8.5,1,1,0,73,4,Yes,NotPlaced
4417,8,1,2,0,90,4.7,Yes,Placed
4418,8,2,1,0,90,4.3,Yes,NotPlaced
4419,7.8,1,1,0,68,4.3,Yes,NotPlaced
4420,6.5,1,2,0,79,4.5,Yes,NotPlaced
4421,7.8,1,1,2,82,4.2,Yes,NotPlaced
4422,6.5,1,2,1,74,4.6,Yes,NotPlaced
4423,7.9,1,2,1,77,4.4,No,NotPlaced
4424,6.9,2,1,2,89,4.7,Yes,Placed
4425,7.9,2,3,2,90,4.8,Yes,Placed
4426,6.5,1,2,0,76,4.1,Yes,Placed
4427,7.6,1,1,0,84,4.5,Yes,Placed
4428,7.8,1,2,0,72,4.4,Yes,NotPlaced
4429,6.7,0,1,1,81,4.1,Yes,NotPlaced
4430,6.5,1,2,0,70,3.9,Yes,NotPlaced
4431,8.5,2,3,2,90,4.6,Yes,Placed
4432,8.1,1,2,1,76,3.7,Yes,NotPlaced
4433,7.7,0,1,0,67,3.8,Yes,NotPlaced
4434,7.7,0,1,0,81,4.4,Yes,NotPlaced
4435,7.8,1,3,2,84,4.6,Yes,Placed
4436,8.3,1,1,1,75,3.9,Yes,Placed
4437,8.5,1,3,2,90,4.7,Yes,Placed
4438,8.1,0,1,1,70,3.7,Yes,NotPlaced
4439,6.6,1,3,0,71,4.2,No,NotPlaced
4440,7.4,0,1,1,61,3.8,No,NotPlaced
4441,8.1,1,3,2,69,4.6,Yes,NotPlaced
4442,8.4,2,3,2,90,4.8,Yes,Placed
4443,7,1,1,1,69,4,Yes,NotPlaced
4444,6.8,1,2,1,73,4.3,No,NotPlaced
4445,7.7,0,2,1,81,4.6,Yes,NotPlaced
4446,8.7,2,3,2,90,4.3,Yes,Placed
4447,8.2,1,1,1,69,4.2,No,NotPlaced
4448,8.1,0,1,0,88,4.3,No,NotPlaced
4449,8.4,1,3,0,74,4.6,Yes,NotPlaced
4450,8.2,1,3,2,79,4.8,Yes,Placed
4451,7.6,2,3,1,74,4.2,Yes,NotPlaced
4452,8.9,1,3,1,74,4.5,Yes,Placed
4453,7.7,1,2,0,80,4.1,Yes,NotPlaced
4454,7.4,1,1,0,71,3.9,Yes,NotPlaced
4455,8.2,2,3,2,90,4.5,Yes,Placed
4456,8,2,2,2,86,4.5,Yes,Placed
4457,8.3,0,3,2,90,4.3,Yes,Placed
4458,7.5,0,3,0,88,4,Yes,NotPlaced
4459,8.7,2,2,2,90,4.7,Yes,Placed
4460,8.1,0,2,0,78,4,No,NotPlaced
4461,8.2,2,3,2,90,4.8,Yes,Placed
4462,8.5,2,3,2,90,4.8,Yes,Placed
4463,8,1,3,2,79,4.8,Yes,Placed
4464,7.2,1,1,1,72,4,Yes,Placed
4465,7.2,1,3,0,77,4.6,Yes,NotPlaced
4466,7.1,2,3,0,75,3.5,No,NotPlaced
4467,8,2,3,2,89,4.8,Yes,Placed
4468,8.4,2,3,1,87,4.7,Yes,Placed
4469,8,2,3,2,90,4.8,Yes,Placed
4470,8.1,2,3,2,84,4.6,Yes,Placed
4471,6.5,1,1,0,61,3.6,Yes,NotPlaced
4472,8.3,0,2,2,77,3.8,Yes,NotPlaced
4473,8.1,2,3,2,90,4.7,Yes,Placed
4474,7.8,0,2,0,74,4.3,No,NotPlaced
4475,7.4,2,1,2,70,4.3,Yes,NotPlaced
4476,7.9,1,1,1,79,4,No,NotPlaced
4477,6.7,2,2,0,65,4.7,No,NotPlaced
4478,7.2,1,1,0,84,4.3,Yes,NotPlaced
4479,8.3,2,1,1,81,4,Yes,Placed
4480,8.1,1,2,1,80,4.4,Yes,Placed
4481,7.5,1,3,0,80,4.3,Yes,NotPlaced
4482,8.2,2,1,2,81,4,Yes,NotPlaced
4483,8.3,1,2,1,85,4.8,Yes,Placed
4484,7.6,1,1,0,79,4,Yes,NotPlaced
4485,7.5,1,1,1,70,4.6,Yes,NotPlaced
4486,8.7,1,3,0,90,4.2,Yes,Placed
4487,7.6,0,2,0,84,4.2,No,NotPlaced
4488,7.6,1,1,0,88,4.2,Yes,Placed
4489,7.6,0,1,1,76,4.5,No,NotPlaced
4490,8.3,2,2,0,81,4,No,Placed
4491,7.6,0,2,1,60,4.3,Yes,NotPlaced
4492,8,2,3,1,87,4.7,Yes,Placed
4493,8.4,1,3,1,84,4.5,Yes,Placed
4494,8.4,2,3,2,83,4.8,No,NotPlaced
4495,7.5,2,1,0,71,3.4,No,NotPlaced
4496,6.5,1,1,0,81,3.9,Yes,NotPlaced
4497,7.6,1,2,1,79,4.2,Yes,Placed
4498,7.6,1,2,0,74,4.6,Yes,NotPlaced
4499,8,1,3,0,81,4.3,Yes,NotPlaced
4500,7.6,0,2,0,79,4,Yes,NotPlaced
4501,8.6,1,3,2,90,4.8,Yes,Placed
4502,7.2,1,2,2,76,3.6,No,NotPlaced
4503,7.6,1,3,2,72,4.2,No,NotPlaced
4504,7.5,1,3,1,89,4.8,Yes,NotPlaced
4505,7.6,0,2,1,85,4.6,Yes,Placed
4506,7,1,3,0,90,4.2,Yes,Placed
4507,8,1,3,3,90,4.7,Yes,Placed
4508,7.4,1,1,0,70,4,Yes,NotPlaced
4509,8.1,2,3,0,90,4.4,Yes,Placed
4510,8.1,1,1,0,79,4.4,Yes,NotPlaced
4511,7.4,0,1,1,67,4.5,No,NotPlaced
4512,6.8,1,2,0,69,3.7,Yes,NotPlaced
4513,6.9,1,3,0,77,4.8,Yes,Placed
4514,8.2,1,3,2,87,4.8,No,Placed
4515,8,1,2,2,82,4.7,Yes,Placed
4516,7.7,1,1,1,67,3.9,No,NotPlaced
4517,8.5,1,3,0,76,3.9,Yes,NotPlaced
4518,8.1,2,3,1,74,4,No,NotPlaced
4519,8.1,2,3,0,75,3.5,Yes,NotPlaced
4520,6.7,0,3,0,77,4.6,No,NotPlaced
4521,8.4,1,2,1,84,4.3,Yes,NotPlaced
4522,8.2,1,0,2,90,4.7,Yes,Placed
4523,7.5,1,2,0,72,4.4,Yes,Placed
4524,7.4,1,3,2,74,4.6,Yes,NotPlaced
4525,8.4,0,2,2,80,4.1,Yes,Placed
4526,8.2,1,2,2,89,4.3,No,Placed
4527,6.5,0,1,1,70,4.2,Yes,NotPlaced
4528,7.5,2,1,0,70,4.6,No,NotPlaced
4529,8.4,2,1,1,78,3.9,Yes,NotPlaced
4530,7.6,1,2,2,87,3.9,No,Placed
4531,8.9,2,3,2,90,4.7,Yes,Placed
4532,6.6,1,1,0,77,3.9,No,NotPlaced
4533,8.7,2,3,2,90,4.8,Yes,Placed
4534,8.7,1,3,2,89,4.7,Yes,Placed
4535,8.5,2,3,2,90,4.8,Yes,Placed
4536,8.5,2,3,2,88,4.4,Yes,Placed
4537,7.4,1,3,1,71,4.1,Yes,Placed
4538,7.5,1,1,0,75,4.4,No,NotPlaced
4539,7.8,1,1,0,77,3.8,No,NotPlaced
4540,8.6,1,2,2,82,4.3,Yes,Placed
4541,7.7,1,2,2,90,4.7,Yes,Placed
4542,8.3,2,3,0,90,4.8,Yes,Placed
4543,7.4,1,1,1,64,3.9,No,NotPlaced
4544,7.8,1,2,0,83,4.7,Yes,NotPlaced
4545,8.5,0,2,0,90,4.4,Yes,Placed
4546,7.5,1,2,1,76,4.4,Yes,NotPlaced
4547,8.3,0,3,0,86,4.5,Yes,Placed
4548,6.7,1,2,1,80,4.5,Yes,NotPlaced
4549,7.7,1,3,2,81,4.8,Yes,NotPlaced
4550,7.5,1,1,3,74,4.6,Yes,Placed
4551,6.6,1,3,0,87,4.7,Yes,Placed
4552,6.6,1,3,2,79,4.5,Yes,Placed
4553,8.2,2,3,0,85,4.7,Yes,Placed
4554,7.8,1,1,0,85,4,Yes,NotPlaced
4555,8,1,1,1,79,4.6,No,NotPlaced
4556,6.5,1,1,0,64,4.1,No,NotPlaced
4557,7.7,1,3,0,74,4.7,Yes,Placed
4558,8.6,2,3,1,90,4.3,Yes,Placed
4559,6.5,1,1,0,65,4.3,No,NotPlaced
4560,6.9,1,1,0,67,3.8,No,NotPlaced
4561,6.5,1,2,1,79,3.9,Yes,NotPlaced
4562,6.5,1,3,1,79,3.5,Yes,NotPlaced
4563,6.5,1,3,1,78,3.2,No,NotPlaced
4564,8.4,1,3,2,75,4.5,Yes,NotPlaced
4565,8.5,2,3,2,84,4.7,Yes,Placed
4566,7.2,1,3,0,68,4.4,No,NotPlaced
4567,7.6,1,1,0,81,3.3,Yes,NotPlaced
4568,7,1,2,2,82,3.9,No,NotPlaced
4569,8.1,1,2,1,68,4.8,Yes,Placed
4570,7.5,2,2,1,63,4,Yes,NotPlaced
4571,8.6,0,2,1,79,3.8,Yes,Placed
4572,7.3,1,3,1,79,3.3,Yes,NotPlaced
4573,8.9,1,2,1,76,4.8,Yes,Placed
4574,8.1,1,1,1,86,4.5,Yes,NotPlaced
4575,7.6,0,1,0,70,4.6,Yes,Placed
4576,7.6,1,2,0,86,4.7,Yes,NotPlaced
4577,7.3,1,1,0,75,3.9,No,NotPlaced
4578,6.5,1,1,0,68,4.3,No,NotPlaced
4579,8.4,0,1,3,83,4.3,Yes,NotPlaced
4580,8.1,2,3,2,90,4.8,Yes,Placed
4581,7.8,1,2,0,72,3.6,Yes,NotPlaced
4582,8.3,1,3,0,84,4.4,Yes,Placed
4583,6.7,1,1,1,67,4,Yes,NotPlaced
4584,8,0,1,0,81,4.5,No,NotPlaced
4585,7.1,1,2,0,87,4.2,Yes,Placed
4586,8.5,1,2,1,75,4.7,No,NotPlaced
4587,6.6,1,1,0,90,3.9,Yes,NotPlaced
4588,7.4,0,1,0,76,3.7,Yes,NotPlaced
4589,7.4,1,2,0,85,4.6,Yes,Placed
4590,7.8,1,1,0,66,4.1,Yes,NotPlaced
4591,8.5,2,3,2,90,4.8,Yes,Placed
4592,6.5,1,2,0,71,4.3,No,NotPlaced
4593,8.1,0,3,1,90,4.7,Yes,NotPlaced
4594,8.6,0,3,0,90,4,No,NotPlaced
4595,8.4,2,1,0,86,4.6,Yes,NotPlaced
4596,7.5,1,1,0,72,4.3,Yes,NotPlaced
4597,8.1,0,3,0,90,4.5,No,Placed
4598,7.6,0,1,0,86,4.2,Yes,NotPlaced
4599,7.8,0,1,1,71,3.9,No,NotPlaced
4600,7.4,0,1,0,62,3.9,No,NotPlaced
4601,8.3,0,1,1,77,4.7,Yes,Placed
4602,6.5,0,1,0,68,4.5,No,NotPlaced
4603,7.9,1,1,1,73,4.3,No,NotPlaced
4604,8.1,1,2,0,68,4.7,Yes,Placed
4605,7.1,1,1,1,66,4.2,No,NotPlaced
4606,7.6,1,2,0,73,4.2,Yes,NotPlaced
4607,6.5,1,2,0,71,4.4,No,NotPlaced
4608,7.2,1,1,1,69,3.7,No,NotPlaced
4609,6.7,0,1,0,78,3.8,Yes,NotPlaced
4610,7,0,1,1,66,3.8,No,NotPlaced
4611,6.5,2,1,2,80,4.6,No,Placed
4612,7.5,0,1,0,60,3.5,No,NotPlaced
4613,7.6,1,1,0,65,4.1,No,NotPlaced
4614,6.7,1,1,2,69,3.5,No,NotPlaced
4615,6.7,0,1,0,82,3.8,No,NotPlaced
4616,8.4,2,2,2,71,3.4,Yes,NotPlaced
4617,8.5,1,3,2,89,4.8,Yes,Placed
4618,8.8,2,2,2,77,3.9,No,NotPlaced
4619,8.2,1,2,0,69,3.9,Yes,NotPlaced
4620,6.7,0,3,1,67,4.2,No,NotPlaced
4621,8,1,1,0,81,4.4,Yes,NotPlaced
4622,7.3,1,2,1,86,3.4,Yes,NotPlaced
4623,8.2,2,3,3,90,4.2,Yes,NotPlaced
4624,8.1,2,3,0,74,4.3,Yes,NotPlaced
4625,7.6,1,2,0,78,3.8,No,NotPlaced
4626,6.8,1,1,1,67,4.1,No,NotPlaced
4627,8.2,0,1,2,77,4.3,No,NotPlaced
4628,7.5,1,1,1,68,4.3,No,NotPlaced
4629,8.5,1,3,2,89,4.8,Yes,Placed
4630,8.1,2,3,0,88,4.6,Yes,Placed
4631,6.7,1,2,0,71,4.3,No,NotPlaced
4632,8.8,0,1,0,84,4.5,Yes,Placed
4633,8.3,2,3,2,90,4.5,Yes,Placed
4634,7.9,1,3,1,77,4.3,Yes,Placed
4635,8,0,1,0,75,3.6,Yes,NotPlaced
4636,7.8,2,2,2,89,4.7,Yes,Placed
4637,7.8,2,3,2,90,4.8,Yes,Placed
4638,7.4,1,1,0,63,3.8,Yes,NotPlaced
4639,8.2,1,1,2,86,3.4,Yes,NotPlaced
4640,6.5,2,2,1,76,3.9,Yes,NotPlaced
4641,7.7,1,3,2,83,4.7,Yes,NotPlaced
4642,8.3,2,3,2,90,4.8,Yes,Placed
4643,7.5,1,2,1,64,4.2,Yes,NotPlaced
4644,7.8,2,3,1,85,4.8,Yes,Placed
4645,7.7,0,1,1,74,4,Yes,NotPlaced
4646,8.2,2,3,2,85,4.8,Yes,Placed
4647,7.4,1,1,2,81,4.6,Yes,Placed
4648,8.4,1,3,0,81,4.7,Yes,NotPlaced
4649,8.2,2,3,2,90,4.8,Yes,Placed
4650,7.8,1,2,1,70,4.3,Yes,Placed
4651,7.6,1,1,0,78,4.2,No,NotPlaced
4652,7.5,1,2,0,76,4.7,Yes,NotPlaced
4653,7.5,1,2,1,79,4.5,Yes,NotPlaced
4654,7.6,1,3,1,90,4.5,Yes,NotPlaced
4655,7.4,1,2,0,74,4.1,Yes,NotPlaced
4656,8.3,1,1,2,79,3.7,Yes,Placed
4657,7.6,1,1,0,81,4,No,NotPlaced
4658,8,0,3,2,82,4.8,No,Placed
4659,8.3,1,3,2,90,4.8,Yes,Placed
4660,7.7,1,1,0,63,3.9,No,Placed
4661,7.5,1,1,1,69,3.4,Yes,NotPlaced
4662,7.4,0,1,0,72,4.5,Yes,NotPlaced
4663,8.4,0,1,0,76,4.2,Yes,Placed
4664,7,1,1,1,63,3.7,Yes,NotPlaced
4665,8.3,2,3,2,90,4.8,Yes,Placed
4666,7.5,1,1,1,76,3.9,Yes,NotPlaced
4667,7.7,1,3,2,86,4.4,Yes,Placed
4668,8.3,2,3,2,90,4.7,Yes,Placed
4669,7.5,1,1,1,77,4.1,No,NotPlaced
4670,7.6,2,1,3,67,3.7,Yes,NotPlaced
4671,8.1,1,3,2,90,4.3,Yes,Placed
4672,7.9,1,3,1,80,4.8,No,Placed
4673,8.4,1,1,2,78,4.1,Yes,NotPlaced
4674,8,1,3,0,87,4.3,Yes,Placed
4675,7.5,1,2,0,78,4.4,Yes,Placed
4676,7.7,0,2,0,70,4,Yes,NotPlaced
4677,7.6,1,1,0,71,3.9,Yes,Placed
4678,7.6,1,1,0,66,4.1,No,NotPlaced
4679,6.5,0,2,0,70,4.4,Yes,NotPlaced
4680,8.4,0,3,2,90,4.6,Yes,NotPlaced
4681,7.8,0,1,1,77,4.3,No,Placed
4682,8.4,0,3,2,78,4.8,Yes,Placed
4683,8.5,2,3,2,90,4.8,Yes,Placed
4684,8,0,3,3,72,4.5,Yes,Placed
4685,7.5,1,1,0,81,3.8,Yes,NotPlaced
4686,7,1,2,2,90,4.5,Yes,Placed
4687,7.6,0,1,1,69,4.5,No,Placed
4688,7.6,1,1,0,60,4.2,Yes,NotPlaced
4689,7.4,1,3,0,87,4.8,Yes,Placed
4690,7.9,1,1,0,83,4.8,Yes,Placed
4691,8.3,2,3,0,84,3.9,Yes,Placed
4692,6.7,0,3,0,70,4.7,No,NotPlaced
4693,7.2,1,3,2,87,4.8,Yes,Placed
4694,8.2,2,3,2,86,4.5,Yes,Placed
4695,7.7,1,1,1,70,4.1,No,NotPlaced
4696,7.5,0,1,0,81,4.4,No,NotPlaced
4697,8.2,1,3,1,80,4.8,Yes,Placed
4698,8.2,1,2,0,87,4.2,Yes,NotPlaced
4699,7.5,1,1,0,71,3.7,Yes,NotPlaced
4700,6.8,1,2,1,71,3.7,Yes,NotPlaced
4701,6.5,0,1,1,66,3.6,No,NotPlaced
4702,7.5,1,1,1,82,4.6,Yes,NotPlaced
4703,8.5,2,3,2,90,4.6,Yes,Placed
4704,7.5,1,1,1,80,4.1,Yes,NotPlaced
4705,7.7,1,1,0,68,4.3,Yes,NotPlaced
4706,7.3,1,2,0,68,3.8,Yes,NotPlaced
4707,6.5,1,1,1,73,4.2,No,NotPlaced
4708,7.9,0,1,0,88,4.3,Yes,NotPlaced
4709,8,2,2,2,77,4.8,No,NotPlaced
4710,8.4,2,3,3,90,4.6,Yes,Placed
4711,7.1,2,1,2,77,4.1,Yes,NotPlaced
4712,7.7,2,1,1,70,3.5,Yes,Placed
4713,6.6,1,1,1,72,4.3,No,NotPlaced
4714,8.4,0,3,0,87,4.6,Yes,Placed
4715,8.4,1,3,0,84,4.1,Yes,NotPlaced
4716,8.5,2,3,2,90,4.8,Yes,Placed
4717,8.4,2,1,2,84,4.5,Yes,NotPlaced
4718,7,0,2,1,73,3.9,No,NotPlaced
4719,8.4,2,2,0,90,4.1,Yes,NotPlaced
4720,6.8,1,1,0,74,4.2,Yes,NotPlaced
4721,7.6,1,3,1,77,4.1,No,Placed
4722,7.8,2,3,2,84,4.4,No,NotPlaced
4723,8.1,2,2,1,65,4.8,No,NotPlaced
4724,7.5,1,1,0,81,4.2,Yes,NotPlaced
4725,8.3,2,3,2,90,4.4,Yes,Placed
4726,8.3,1,2,2,76,4.5,Yes,Placed
4727,8.2,1,3,2,84,4.4,Yes,Placed
4728,7.4,1,3,2,81,4.5,Yes,NotPlaced
4729,7.5,1,1,1,83,4.4,Yes,NotPlaced
4730,7.6,0,2,1,81,4.4,Yes,Placed
4731,6.7,1,1,1,75,3.8,No,NotPlaced
4732,7.8,2,3,1,79,3.9,Yes,NotPlaced
4733,7.4,0,1,1,64,4.7,Yes,NotPlaced
4734,8.6,1,3,0,74,4.4,Yes,Placed
4735,8.1,2,3,2,90,4.8,Yes,Placed
4736,7.6,2,1,1,85,4.4,Yes,NotPlaced
4737,7.4,1,3,1,73,4.4,Yes,NotPlaced
4738,8.3,2,2,0,90,4.3,Yes,Placed
4739,7.6,0,3,0,85,4.3,Yes,Placed
4740,7.9,2,3,2,90,4.8,No,Placed
4741,8.4,2,3,2,89,4.5,Yes,Placed
4742,8.4,0,3,2,88,3.7,Yes,Placed
4743,8.5,1,3,2,90,4.8,Yes,NotPlaced
4744,8.5,2,3,2,90,4.3,Yes,Placed
4745,7.5,1,1,0,85,4.5,No,NotPlaced
4746,8.8,1,3,2,89,4.4,Yes,Placed
4747,8.3,1,3,1,66,4.3,No,NotPlaced
4748,8.1,1,1,0,76,4.2,Yes,Placed
4749,8.2,1,1,2,85,4.8,Yes,Placed
4750,8.3,1,1,0,80,3.6,Yes,NotPlaced
4751,6.7,1,1,0,71,4.5,No,NotPlaced
4752,7.1,1,1,1,76,4.2,Yes,Placed
4753,7.4,1,2,0,76,3.5,Yes,NotPlaced
4754,8.4,0,3,0,83,4.5,Yes,Placed
4755,8,2,1,2,81,3.9,No,Placed
4756,8.4,2,3,2,89,4.8,Yes,Placed
4757,7.8,1,1,0,79,4.6,No,NotPlaced
4758,8.9,2,2,0,90,4.8,Yes,Placed
4759,8.2,2,3,1,90,4.8,Yes,Placed
4760,7.6,0,1,1,68,4.1,No,NotPlaced
4761,8.7,2,3,2,78,4.8,Yes,Placed
4762,7.2,1,2,0,75,4.2,Yes,Placed
4763,8.4,2,3,0,83,4.4,Yes,Placed
4764,7.5,1,1,0,64,4,No,NotPlaced
4765,7.4,1,2,0,76,4.5,No,NotPlaced
4766,6.7,1,1,0,82,3.7,Yes,NotPlaced
4767,7,1,2,1,84,3.9,Yes,NotPlaced
4768,7.8,1,3,2,82,4.8,No,Placed
4769,8.1,2,3,2,90,4.6,Yes,Placed
4770,7.5,1,1,0,69,4.5,No,NotPlaced
4771,7.4,1,1,0,77,3.8,Yes,NotPlaced
4772,6.6,0,1,0,63,4.2,No,NotPlaced
4773,6.6,0,1,1,72,3.5,Yes,NotPlaced
4774,8.3,1,3,2,90,4.3,Yes,Placed
4775,6.7,1,1,0,70,3.7,Yes,NotPlaced
4776,9,2,3,2,84,4.4,Yes,NotPlaced
4777,8.1,1,3,2,90,4.7,Yes,Placed
4778,7.5,1,1,0,75,4.8,Yes,NotPlaced
4779,8.2,1,2,0,83,4.1,Yes,NotPlaced
4780,7.7,1,1,0,74,3.3,Yes,NotPlaced
4781,8.2,2,3,2,78,4.8,Yes,Placed
4782,7.5,0,1,0,78,4,No,NotPlaced
4783,6.8,1,3,2,79,4.4,Yes,Placed
4784,8.4,0,3,0,90,4.5,Yes,Placed
4785,7.7,1,3,2,87,4.8,Yes,Placed
4786,8.2,2,1,0,82,4.7,Yes,Placed
4787,8.3,1,3,2,79,4.7,Yes,NotPlaced
4788,6.6,2,2,2,71,3.6,No,NotPlaced
4789,8.6,2,1,3,80,4.5,Yes,Placed
4790,6.5,1,2,1,74,3.9,Yes,NotPlaced
4791,7.5,1,3,1,72,4.4,Yes,NotPlaced
4792,8.2,2,3,0,87,4.3,Yes,Placed
4793,7.2,1,2,1,76,4.1,No,NotPlaced
4794,7.6,1,1,1,86,4.1,No,NotPlaced
4795,6.5,1,1,0,64,4.4,Yes,NotPlaced
4796,7.4,1,2,0,79,4.2,Yes,Placed
4797,8.6,1,2,1,70,4.1,Yes,NotPlaced
4798,7.7,2,3,0,80,4.8,Yes,Placed
4799,7.6,1,2,2,80,4.5,Yes,Placed
4800,8.6,1,3,3,90,4.8,Yes,Placed
4801,7.3,1,1,0,71,3.8,No,NotPlaced
4802,7.7,2,1,0,74,4.1,Yes,Placed
4803,7.8,1,3,0,82,4.2,No,Placed
4804,8.4,2,1,0,77,4.6,Yes,NotPlaced
4805,7.5,1,3,0,84,4.2,Yes,Placed
4806,7.5,2,3,2,80,4.5,Yes,NotPlaced
4807,7.8,1,3,2,88,4.6,No,Placed
4808,6.5,1,1,1,68,4.7,No,NotPlaced
4809,6.8,1,2,2,70,4,Yes,NotPlaced
4810,7.5,1,1,0,71,3.6,No,Placed
4811,7.9,1,1,0,74,4.5,Yes,Placed
4812,7.4,2,3,0,80,4,Yes,NotPlaced
4813,8.4,1,1,1,70,3.7,Yes,NotPlaced
4814,7.6,0,1,1,79,3.5,Yes,Placed
4815,8.3,1,3,0,82,4.6,Yes,NotPlaced
4816,7.2,2,1,1,89,4,Yes,NotPlaced
4817,8.3,1,3,1,89,4.8,Yes,Placed
4818,6.6,1,1,1,80,3.5,No,NotPlaced
4819,8.4,0,3,1,90,4.5,Yes,Placed
4820,8.2,0,2,1,69,3.5,Yes,NotPlaced
4821,8,2,3,1,78,4.5,Yes,Placed
4822,8.4,2,3,2,90,4.6,Yes,Placed
4823,8.4,1,3,2,84,4.8,Yes,Placed
4824,7.3,1,2,1,68,3.9,No,NotPlaced
4825,6.5,1,2,2,88,4.7,Yes,Placed
4826,7.4,0,2,1,79,4.6,Yes,NotPlaced
4827,8.3,2,3,2,90,4.7,Yes,Placed
4828,8.3,2,2,1,64,4,Yes,Placed
4829,7.8,1,1,2,74,3.8,Yes,NotPlaced
4830,8.2,2,3,2,90,4.6,Yes,Placed
4831,8.2,1,3,1,88,3.9,No,NotPlaced
4832,7.7,1,1,0,76,4.1,Yes,NotPlaced
4833,6.5,1,3,2,73,4.3,Yes,Placed
4834,8.3,2,2,2,90,4.7,Yes,NotPlaced
4835,8.5,1,3,2,89,4.3,Yes,Placed
4836,8.3,0,3,1,79,4.5,No,NotPlaced
4837,6.6,2,2,0,75,4.4,No,NotPlaced
4838,8.8,2,3,3,79,4.4,Yes,Placed
4839,8.4,2,3,2,90,4.8,Yes,Placed
4840,7.9,1,3,1,90,4.8,Yes,Placed
4841,8,0,1,3,90,4.8,Yes,Placed
4842,8,1,3,0,90,4.4,Yes,Placed
4843,7.6,2,3,2,90,4.8,Yes,Placed
4844,8.8,2,3,2,90,4.8,Yes,Placed
4845,7.6,0,1,0,76,4.1,No,NotPlaced
4846,7.6,1,3,0,69,3.9,Yes,Placed
4847,8.7,2,3,3,89,4.5,Yes,Placed
4848,6.6,0,1,1,78,4.4,Yes,NotPlaced
4849,7.3,0,1,2,82,4.7,Yes,Placed
4850,6.5,1,1,1,80,4.4,Yes,NotPlaced
4851,8.6,2,2,2,81,4.8,Yes,Placed
4852,7.5,1,2,1,71,4,No,NotPlaced
4853,8.5,1,3,2,87,4.8,Yes,Placed
4854,8.4,1,3,2,90,4.8,Yes,Placed
4855,7.4,1,1,1,80,3.6,Yes,NotPlaced
4856,7.5,1,2,0,70,3.4,Yes,NotPlaced
4857,7.4,0,1,1,70,3.9,No,NotPlaced
4858,7.6,1,1,1,63,4.5,No,NotPlaced
4859,8,2,3,0,90,4.7,Yes,Placed
4860,8,2,3,2,90,4.8,Yes,Placed
4861,7.3,1,1,1,68,4.2,No,NotPlaced
4862,7.5,0,2,0,67,4.3,Yes,NotPlaced
4863,6.7,0,1,0,80,3.1,Yes,NotPlaced
4864,7.7,1,1,0,79,4.3,Yes,NotPlaced
4865,6.5,1,3,2,84,4.6,Yes,Placed
4866,7.5,1,1,1,63,3.5,No,NotPlaced
4867,7.3,1,1,2,81,3.7,Yes,NotPlaced
4868,7.5,2,2,2,90,4.2,Yes,NotPlaced
4869,8.5,2,3,1,85,4.1,Yes,Placed
4870,8.3,2,3,2,90,4.5,Yes,Placed
4871,7.6,0,1,0,90,4.1,Yes,NotPlaced
4872,8.6,1,2,0,77,4.5,Yes,Placed
4873,8.1,0,3,2,81,4.2,Yes,Placed
4874,8.3,1,3,2,90,4.5,Yes,NotPlaced
4875,8.3,0,3,2,89,4.8,Yes,Placed
4876,7.9,1,2,0,78,4.5,Yes,Placed
4877,7.6,2,3,2,81,4.3,Yes,Placed
4878,7.7,1,1,0,86,4.1,Yes,NotPlaced
4879,7.6,1,2,0,84,3.6,Yes,Placed
4880,6.5,1,3,1,75,4.5,Yes,NotPlaced
4881,6.6,0,1,1,77,4.3,Yes,NotPlaced
4882,8,1,3,0,86,4.4,Yes,NotPlaced
4883,8,1,2,2,72,4.3,Yes,NotPlaced
4884,8.5,1,1,2,86,4.5,Yes,Placed
4885,7.7,1,1,1,73,4.4,Yes,NotPlaced
4886,6.5,1,2,0,60,4.7,Yes,NotPlaced
4887,8.1,2,3,2,90,4.8,Yes,Placed
4888,6.5,0,3,2,72,4.1,Yes,Placed
4889,6.7,0,1,0,76,4,Yes,NotPlaced
4890,8.1,1,2,1,77,3.8,No,NotPlaced
4891,8,2,2,2,86,4.8,Yes,Placed
4892,8.3,2,3,2,82,4.3,Yes,Placed
4893,8.6,1,2,3,76,4.7,Yes,NotPlaced
4894,7.4,1,2,0,89,3.6,No,NotPlaced
4895,8.2,1,3,0,90,4.7,Yes,Placed
4896,8.3,0,3,2,86,4.7,Yes,Placed
4897,6.7,1,1,1,67,4.2,No,NotPlaced
4898,7.5,1,3,2,83,4.8,Yes,NotPlaced
4899,8.6,2,3,2,90,4.8,Yes,Placed
4900,8.3,2,3,2,84,4,Yes,NotPlaced
4901,7.4,1,2,1,70,3.8,Yes,NotPlaced
4902,8.4,2,3,2,86,4.8,Yes,Placed
4903,8.1,1,3,0,77,4.1,Yes,NotPlaced
4904,6.7,1,1,1,67,3.4,No,NotPlaced
4905,8.1,1,3,2,90,4.4,Yes,Placed
4906,7.4,1,1,0,80,4.1,Yes,NotPlaced
4907,7.8,2,3,2,90,4.8,Yes,Placed
4908,7.9,0,2,1,76,4.7,Yes,NotPlaced
4909,8.4,1,2,1,87,4.7,Yes,NotPlaced
4910,6.9,1,1,1,64,3.5,No,NotPlaced
4911,6.7,1,1,0,83,4.2,No,NotPlaced
4912,7.1,1,2,1,73,3.9,Yes,Placed
4913,7.6,0,1,0,81,4.4,Yes,Placed
4914,7.5,0,3,2,78,4.2,Yes,NotPlaced
4915,7.9,1,3,1,81,4.5,Yes,Placed
4916,7.5,0,3,2,90,4.3,Yes,Placed
4917,8,2,3,2,90,4.8,Yes,Placed
4918,7.4,0,2,1,76,4,Yes,NotPlaced
4919,8.5,2,1,0,86,4.5,Yes,Placed
4920,8,0,3,1,83,4.4,Yes,Placed
4921,7.3,1,2,1,67,4.6,No,NotPlaced
4922,6.6,1,2,1,62,3.7,Yes,NotPlaced
4923,8.5,2,3,2,90,4.6,Yes,Placed
4924,7.5,1,3,1,66,3.8,Yes,NotPlaced
4925,7.7,1,1,0,79,4.6,No,NotPlaced
4926,7.6,1,2,1,67,4.4,Yes,Placed
4927,8.6,2,3,2,90,4.8,Yes,Placed
4928,8.4,1,3,0,86,4.7,Yes,Placed
4929,7.7,1,1,3,79,4.1,Yes,Placed
4930,8.2,1,3,2,86,4.8,Yes,Placed
4931,8.6,2,3,2,90,4.8,Yes,Placed
4932,6.5,1,2,1,79,4.1,Yes,NotPlaced
4933,8.5,1,2,0,75,4.5,Yes,NotPlaced
4934,7.5,1,2,1,90,3.8,Yes,Placed
4935,6.7,1,2,1,68,4.3,Yes,NotPlaced
4936,8.4,2,3,2,90,4.8,Yes,Placed
4937,7.5,1,1,0,60,3.7,Yes,NotPlaced
4938,8.5,1,1,2,82,4.4,Yes,Placed
4939,8.5,1,2,2,90,4.6,Yes,Placed
4940,7.6,1,3,0,90,4.8,Yes,Placed
4941,7.6,1,3,0,75,4.2,No,Placed
4942,8.3,0,3,2,90,4.8,No,Placed
4943,8.1,2,3,2,89,4.6,Yes,NotPlaced
4944,6.7,1,2,1,76,3.2,Yes,NotPlaced
4945,7.7,1,3,1,78,3.9,No,NotPlaced
4946,6.7,0,1,0,77,4.1,No,NotPlaced
4947,6.5,0,1,0,60,3.9,No,NotPlaced
4948,6.7,1,1,2,89,4.3,Yes,NotPlaced
4949,8.5,2,3,2,83,4.6,Yes,Placed
4950,7.7,1,2,2,80,4.5,Yes,Placed
4951,8.1,0,2,2,75,4.3,Yes,Placed
4952,6.5,2,1,1,73,4.3,No,NotPlaced
4953,8,1,3,1,87,3.9,Yes,NotPlaced
4954,7.4,1,2,0,69,4.1,No,NotPlaced
4955,7.4,1,2,1,71,3.5,No,NotPlaced
4956,8.2,2,1,0,79,4.6,No,NotPlaced
4957,7.4,1,2,1,71,4.1,Yes,NotPlaced
4958,7.9,1,3,1,76,4.3,No,NotPlaced
4959,8.1,2,1,1,75,4.7,Yes,NotPlaced
4960,8.3,2,3,2,90,4.8,Yes,Placed
4961,8.1,0,2,2,86,4.6,Yes,NotPlaced
4962,8.4,2,3,2,90,4.8,Yes,Placed
4963,9.1,1,1,0,75,3.8,No,Placed
4964,8.2,1,3,2,90,4.8,Yes,Placed
4965,7.7,0,1,0,82,4.1,Yes,NotPlaced
4966,6.7,1,1,1,68,4.8,No,NotPlaced
4967,8.3,2,3,2,90,4.7,Yes,Placed
4968,8,1,3,2,90,4.8,Yes,NotPlaced
4969,8.3,2,3,2,87,4.7,Yes,Placed
4970,7.9,1,3,2,89,4.8,Yes,Placed
4971,7.5,1,1,0,63,4.5,Yes,NotPlaced
4972,8,2,3,0,90,4.8,Yes,Placed
4973,8.5,2,1,0,79,4.8,No,Placed
4974,7.9,1,2,3,80,4.7,Yes,NotPlaced
4975,7.7,0,1,1,78,4.6,Yes,NotPlaced
4976,7.4,1,2,1,74,3.9,Yes,NotPlaced
4977,6.5,1,2,1,77,4,No,NotPlaced
4978,7.7,2,2,0,75,4.5,Yes,NotPlaced
4979,7.5,1,2,1,79,4.4,No,Placed
4980,8.6,1,3,2,90,4.8,Yes,Placed
4981,8.5,2,3,2,90,4.8,Yes,Placed
4982,7.5,1,1,0,66,3.9,Yes,NotPlaced
4983,7.6,0,1,0,82,4.3,Yes,NotPlaced
4984,7.5,0,1,0,72,4.3,Yes,NotPlaced
4985,7.5,0,1,0,71,3.8,Yes,NotPlaced
4986,7,1,3,2,87,3.9,Yes,NotPlaced
4987,6.5,1,1,1,84,4.4,Yes,Placed
4988,7.6,2,2,2,83,4.8,Yes,Placed
4989,7.7,1,1,1,68,4.6,No,NotPlaced
4990,7.7,1,1,1,64,3.9,No,NotPlaced
4991,6.6,0,1,1,68,3.8,No,NotPlaced
4992,6.9,1,1,0,61,3.5,No,NotPlaced
4993,7.4,2,2,1,81,4.4,Yes,Placed
4994,8.1,2,2,0,83,4.4,No,NotPlaced
4995,6.9,0,1,0,81,4,Yes,NotPlaced
4996,8.3,0,3,2,80,4.7,Yes,NotPlaced
4997,7.7,1,3,2,81,4.7,Yes,NotPlaced
4998,8.5,1,1,2,75,4.8,Yes,Placed
4999,7.5,1,2,0,83,4.2,Yes,NotPlaced
5000,8.1,0,2,1,88,4.8,Yes,Placed
5001,7.9,0,2,2,85,4.8,Yes,NotPlaced
5002,7.7,2,3,2,89,4.5,Yes,NotPlaced
5003,7.5,0,3,2,83,4.4,Yes,Placed
5004,8.2,1,3,0,82,4.1,Yes,NotPlaced
5005,8.6,1,2,1,73,4.7,Yes,NotPlaced
5006,6.7,1,1,1,77,3.4,Yes,NotPlaced
5007,7.6,0,1,1,80,4.6,No,NotPlaced
5008,6.5,0,3,0,88,4.8,Yes,Placed
5009,8.2,2,3,2,90,4.8,No,Placed
5010,7.7,2,1,2,79,4.6,Yes,Placed
5011,7.5,1,2,1,83,4,Yes,NotPlaced
5012,6.5,0,1,1,60,3.7,No,NotPlaced
5013,7.4,2,2,0,66,4.2,No,NotPlaced
5014,8.2,1,1,0,71,3.6,Yes,NotPlaced
5015,6.5,0,1,1,66,4.4,No,NotPlaced
5016,6.5,1,1,1,71,3.7,Yes,NotPlaced
5017,8.7,2,3,2,77,4.8,No,Placed
5018,7.6,1,1,0,75,4,No,NotPlaced
5019,8.2,1,1,0,86,4.6,Yes,NotPlaced
5020,8.1,2,2,2,85,4.5,Yes,NotPlaced
5021,8.1,0,3,0,77,3.9,No,NotPlaced
5022,8.4,2,3,2,90,4.8,Yes,Placed
5023,8.3,1,3,2,86,4.8,Yes,Placed
5024,7.5,0,1,2,81,4.1,Yes,NotPlaced
5025,6.6,1,1,1,77,4,No,NotPlaced
5026,8.3,1,2,2,90,4.8,Yes,Placed
5027,8.3,2,3,2,89,4.8,Yes,Placed
5028,8.1,1,1,1,74,4.5,No,NotPlaced
5029,8.3,1,3,1,83,4.8,No,NotPlaced
5030,6.5,0,1,1,87,4.8,No,NotPlaced
5031,6.8,1,1,1,61,3.5,No,NotPlaced
5032,8,1,3,0,80,4.7,Yes,Placed
5033,8.2,2,3,2,90,4.8,Yes,Placed
5034,7.7,0,2,0,88,4.8,No,NotPlaced
5035,7.6,1,1,1,81,4,Yes,NotPlaced
5036,7.5,1,1,0,60,3.9,No,NotPlaced
5037,8.4,2,3,2,90,4.8,Yes,Placed
5038,7.8,1,2,1,81,3.7,Yes,NotPlaced
5039,8.4,0,3,2,84,4.5,No,Placed
5040,7.5,1,3,1,83,4.4,Yes,Placed
5041,8.3,2,2,0,79,4.5,Yes,Placed
5042,6.5,2,1,2,79,4.4,No,NotPlaced
5043,8.2,1,3,2,89,4.3,No,Placed
5044,6.5,1,2,1,78,4.1,No,NotPlaced
5045,6.5,1,1,1,79,4.6,Yes,NotPlaced
5046,8.3,1,3,0,77,4.8,Yes,NotPlaced
5047,8.2,2,3,3,90,4.8,Yes,NotPlaced
5048,6.6,1,1,1,68,3.3,No,NotPlaced
5049,8.3,1,2,3,85,4.6,Yes,Placed
5050,8,1,1,1,83,4.2,Yes,NotPlaced
5051,6.6,1,2,0,87,4.6,Yes,NotPlaced
5052,8.1,2,3,2,90,4.7,Yes,Placed
5053,8.5,2,2,2,88,4.8,Yes,Placed
5054,7.5,1,1,0,75,3.9,Yes,NotPlaced
5055,6.5,0,1,0,71,3.7,Yes,NotPlaced
5056,7.6,2,3,2,90,4.5,Yes,Placed
5057,8.6,0,3,2,81,3.9,Yes,Placed
5058,6.8,1,1,0,76,4,No,NotPlaced
5059,8,1,3,2,81,4,Yes,Placed
5060,7.7,1,1,0,71,4.3,Yes,NotPlaced
5061,7.5,0,1,1,60,4.2,No,NotPlaced
5062,6.9,1,2,0,66,4.4,Yes,Placed
5063,8.3,2,3,2,90,4.8,Yes,Placed
5064,7.6,1,1,1,82,4.3,No,Placed
5065,6.5,2,1,1,72,4.4,Yes,NotPlaced
5066,6.6,1,2,0,79,4.4,Yes,NotPlaced
5067,6.8,0,1,1,64,3.8,No,NotPlaced
5068,8.6,1,3,2,90,4.6,Yes,Placed
5069,8.1,2,3,0,90,4.6,Yes,Placed
5070,8.2,2,3,2,84,4.8,Yes,Placed
5071,8.7,1,1,0,75,4.4,No,NotPlaced
5072,7.3,1,3,1,71,3.8,Yes,NotPlaced
5073,7.4,1,1,1,82,4.1,No,NotPlaced
5074,7.6,1,2,1,84,4.7,No,NotPlaced
5075,6.5,1,2,0,87,4.3,No,NotPlaced
5076,8.5,2,3,2,77,4.5,Yes,Placed
5077,7.5,0,2,1,72,4.5,No,NotPlaced
5078,7.3,1,1,0,65,3.9,No,NotPlaced
5079,6.5,1,1,1,64,4.4,No,NotPlaced
5080,8.4,2,3,2,90,4.8,Yes,Placed
5081,8,2,3,2,90,4.7,Yes,NotPlaced
5082,8,2,3,2,90,4.8,Yes,Placed
5083,8.3,2,1,2,81,4.8,No,NotPlaced
5084,7,0,1,0,75,3.8,No,NotPlaced
5085,8.3,2,3,2,89,3.9,Yes,NotPlaced
5086,7.7,1,0,0,65,3.9,No,NotPlaced
5087,7.9,0,1,1,74,3.9,Yes,NotPlaced
5088,8.6,1,3,0,90,4.8,Yes,Placed
5089,7.8,1,3,1,77,3.6,Yes,NotPlaced
5090,7.4,1,1,1,61,4.1,Yes,NotPlaced
5091,7.4,1,1,0,64,4.2,Yes,NotPlaced
5092,8.4,1,3,2,90,4.3,Yes,Placed
5093,7.4,1,1,1,77,4.1,Yes,NotPlaced
5094,8.3,2,3,1,88,3.8,Yes,Placed
5095,6.5,0,1,0,64,3.9,Yes,NotPlaced
5096,7.7,0,1,0,79,4,Yes,NotPlaced
5097,8.4,2,3,2,90,4.7,Yes,Placed
5098,8.3,0,1,0,73,3.8,Yes,NotPlaced
5099,6.5,0,1,1,69,3.9,No,NotPlaced
5100,8.4,1,3,0,90,4.7,Yes,Placed
5101,6.6,1,1,1,60,3.9,Yes,NotPlaced
5102,8.4,2,2,2,85,4.8,No,NotPlaced
5103,8.7,0,3,2,88,4.7,Yes,Placed
5104,8.3,1,3,2,90,4.7,Yes,Placed
5105,6.6,1,1,1,87,4.7,Yes,NotPlaced
5106,6.7,2,3,2,82,4.8,No,Placed
5107,8.4,2,3,2,90,4.7,Yes,Placed
5108,7.7,1,3,2,90,4.7,Yes,Placed
5109,7.6,1,1,0,67,3.8,No,NotPlaced
5110,7.8,1,2,0,80,4.7,Yes,NotPlaced
5111,8.1,1,3,2,90,4.8,Yes,Placed
5112,6.5,1,1,0,72,3.8,No,NotPlaced
5113,7.2,0,2,1,78,4.4,Yes,NotPlaced
5114,6.6,1,3,0,77,3.7,Yes,NotPlaced
5115,7.5,1,3,2,78,4.7,Yes,NotPlaced
5116,7.6,1,1,1,75,3.6,Yes,NotPlaced
5117,8.6,0,3,2,90,4.8,Yes,Placed
5118,6.8,0,1,0,73,4.5,No,NotPlaced
5119,7.4,2,1,0,78,3.6,No,NotPlaced
5120,7.9,1,3,2,89,4.6,Yes,Placed
5121,8,1,3,2,81,4.8,No,NotPlaced
5122,8.3,2,2,2,90,4.8,Yes,Placed
5123,7.8,0,2,0,79,4.5,No,NotPlaced
5124,7.8,1,1,2,75,4.1,Yes,NotPlaced
5125,7.7,0,1,0,65,4.6,No,NotPlaced
5126,7.6,1,2,0,77,4,Yes,NotPlaced
5127,8,1,1,0,69,3.6,No,NotPlaced
5128,6.6,0,1,0,77,3.7,No,NotPlaced
5129,7.7,1,1,0,74,4.1,Yes,NotPlaced
5130,6.7,1,1,1,76,3.9,No,NotPlaced
5131,7.7,0,1,0,73,4.3,No,Placed
5132,8,1,1,0,82,4.5,Yes,NotPlaced
5133,6.6,0,1,1,68,4.1,Yes,NotPlaced
5134,7.5,1,1,0,68,4.3,Yes,NotPlaced
5135,8,2,3,2,90,4.4,Yes,Placed
5136,7.5,1,3,1,81,4.6,Yes,NotPlaced
5137,6.5,0,1,0,88,4.3,Yes,Placed
5138,7.4,2,1,1,78,4.3,No,NotPlaced
5139,8.4,1,3,0,90,4.5,Yes,Placed
5140,7.5,1,1,0,72,4.1,No,NotPlaced
5141,8.5,2,3,2,90,4.8,Yes,Placed
5142,6.6,0,2,0,79,4.2,No,NotPlaced
5143,7.6,2,1,0,78,3.9,No,Placed
5144,8.1,1,3,2,90,4.8,Yes,Placed
5145,8.8,1,3,2,90,4.8,Yes,Placed
5146,7.5,0,3,1,84,4.5,Yes,NotPlaced
5147,7.9,1,3,0,82,4.5,Yes,NotPlaced
5148,6.5,1,1,1,67,4,Yes,NotPlaced
5149,8.7,2,3,2,90,4.8,Yes,Placed
5150,8.4,1,3,1,86,4.5,Yes,NotPlaced
5151,7.4,1,1,0,66,4.4,No,NotPlaced
5152,8.1,2,3,2,87,3.9,Yes,NotPlaced
5153,6.5,1,2,0,74,3.4,No,NotPlaced
5154,7.7,1,1,2,85,3.6,No,Placed
5155,6.5,1,1,0,75,4.1,No,NotPlaced
5156,7.1,0,1,0,70,3.8,Yes,NotPlaced
5157,8.1,0,3,2,87,4.2,Yes,Placed
5158,7.8,2,1,2,90,4.7,No,Placed
5159,8.2,1,2,2,78,4.1,Yes,NotPlaced
5160,7.4,1,1,0,72,3.6,Yes,NotPlaced
5161,8.2,1,1,0,68,4,Yes,NotPlaced
5162,7.8,1,2,2,76,4.4,Yes,NotPlaced
5163,7.6,2,1,1,63,4.8,Yes,Placed
5164,7.9,1,2,0,82,4.7,Yes,NotPlaced
5165,6.5,1,3,1,86,4.5,Yes,Placed
5166,6.6,1,3,2,85,4.7,Yes,Placed
5167,7.9,1,3,2,90,3.6,Yes,Placed
5168,8.8,2,3,2,84,4.3,Yes,Placed
5169,8.2,2,3,1,90,4.7,Yes,Placed
5170,7.6,2,1,1,84,4.5,No,NotPlaced
5171,8.4,2,3,2,90,4.8,Yes,Placed
5172,8.2,1,1,1,78,3.6,Yes,NotPlaced
5173,7.5,1,2,0,71,4.7,Yes,NotPlaced
5174,7.7,1,3,3,82,4.4,Yes,Placed
5175,7.6,2,2,0,84,4.1,Yes,NotPlaced
5176,7.4,1,1,0,77,4.1,Yes,NotPlaced
5177,7.4,1,1,0,79,4,Yes,Placed
5178,7.4,2,3,2,90,4.6,No,Placed
5179,6.5,0,1,1,67,3.1,No,NotPlaced
5180,7.3,0,2,1,79,4.2,No,NotPlaced
5181,7.7,1,1,0,70,4.8,Yes,NotPlaced
5182,8.2,1,3,2,86,4.6,No,Placed
5183,8.4,2,3,2,90,4.8,Yes,Placed
5184,6.9,1,1,1,90,3.9,No,NotPlaced
5185,8.1,2,2,2,76,4.3,Yes,Placed
5186,7.7,0,1,0,74,3.7,No,NotPlaced
5187,6.5,0,3,2,85,4.6,Yes,Placed
5188,7.6,0,3,2,78,4.8,Yes,Placed
5189,8.1,1,2,0,74,4.2,Yes,NotPlaced
5190,7.4,0,1,0,80,4.3,Yes,NotPlaced
5191,7.4,0,1,0,80,3.4,No,NotPlaced
5192,7.4,1,1,0,67,4.1,Yes,NotPlaced
5193,6.5,1,2,0,70,3.4,No,NotPlaced
5194,8.1,1,2,1,81,4.7,Yes,NotPlaced
5195,6.5,0,1,2,80,4.1,Yes,NotPlaced
5196,7.8,1,2,0,84,4.5,No,NotPlaced
5197,8.3,1,1,2,88,3.8,Yes,Placed
5198,7.7,2,3,3,82,4.5,Yes,Placed
5199,7.5,1,3,0,82,4.8,Yes,NotPlaced
5200,6.5,0,1,0,69,3.6,Yes,NotPlaced
5201,6.9,1,3,0,85,4.4,Yes,Placed
5202,8,0,1,0,83,3.3,Yes,NotPlaced
5203,7.7,0,1,0,74,3.8,No,NotPlaced
5204,7.6,1,2,0,81,4.7,Yes,NotPlaced
5205,7.3,1,1,0,66,3.7,No,NotPlaced
5206,7.4,0,1,0,79,4,Yes,NotPlaced
5207,7.8,2,3,2,82,4.2,Yes,Placed
5208,8.6,1,1,2,73,3.8,No,NotPlaced
5209,6.5,0,1,0,85,3.9,No,NotPlaced
5210,8.6,1,3,2,86,4.7,Yes,Placed
5211,6.9,2,1,2,84,4.7,Yes,NotPlaced
5212,7.5,1,1,2,84,4.8,No,NotPlaced
5213,7.5,1,1,0,75,4,Yes,NotPlaced
5214,6.5,0,2,1,65,4.4,No,NotPlaced
5215,7.4,1,2,0,68,4.2,Yes,NotPlaced
5216,7.5,1,2,1,76,3.8,No,NotPlaced
5217,7.8,0,1,1,85,4.3,No,Placed
5218,7.7,0,3,1,82,4.1,Yes,Placed
5219,8.5,2,2,1,83,4.3,No,NotPlaced
5220,7.4,2,2,0,84,4.3,Yes,NotPlaced
5221,8,1,1,1,70,4.6,Yes,NotPlaced
5222,7.5,1,1,1,68,4.3,No,NotPlaced
5223,6.6,0,1,1,75,3.2,No,NotPlaced
5224,7.7,0,2,0,76,3.7,Yes,NotPlaced
5225,8.9,2,3,2,86,4.8,Yes,Placed
5226,8.3,1,3,2,82,4.7,Yes,Placed
5227,7.2,1,1,0,71,4.3,No,NotPlaced
5228,8.2,2,3,2,90,4.8,Yes,Placed
5229,7.1,1,1,1,72,3.2,No,NotPlaced
5230,6.9,0,1,0,77,3.7,Yes,NotPlaced
5231,7.7,1,1,1,84,4.2,Yes,NotPlaced
5232,8.6,0,3,2,81,4.8,Yes,Placed
5233,7.4,1,1,1,68,4.1,Yes,NotPlaced
5234,8.4,2,1,0,90,4.8,Yes,NotPlaced
5235,8.3,1,3,2,87,4.7,Yes,Placed
5236,7.4,1,3,0,81,3.7,Yes,NotPlaced
5237,8.4,1,1,2,80,4.8,No,Placed
5238,7.7,0,1,2,86,4.5,Yes,NotPlaced
5239,6.6,1,1,1,66,4.2,Yes,NotPlaced
5240,7.5,0,2,0,88,4.2,No,Placed
5241,8.6,1,1,3,71,3.9,No,Placed
5242,8.4,1,3,0,90,4.6,Yes,Placed
5243,8.6,2,3,2,80,4.4,Yes,Placed
5244,8.8,1,3,2,88,4.7,Yes,Placed
5245,8.6,1,1,0,69,4.7,Yes,NotPlaced
5246,8.4,0,2,3,84,4.4,Yes,Placed
5247,7.3,0,1,0,72,4,No,NotPlaced
5248,7.5,0,1,0,68,3.6,No,NotPlaced
5249,8.4,1,1,1,84,4.2,No,NotPlaced
5250,8.1,1,2,1,75,4.2,No,NotPlaced
5251,8.3,0,2,2,83,4.3,Yes,Placed
5252,6.9,1,1,1,67,3.9,Yes,NotPlaced
5253,8.1,0,2,1,75,4.1,Yes,Placed
5254,7.5,0,1,0,66,3.7,Yes,NotPlaced
5255,7.4,0,1,0,61,3.7,Yes,NotPlaced
5256,7.8,1,3,3,84,3.9,Yes,NotPlaced
5257,8.2,2,2,0,88,4.1,Yes,NotPlaced
5258,6.5,1,1,0,81,4.2,Yes,NotPlaced
5259,7.8,0,2,0,83,4.8,No,NotPlaced
5260,8.3,0,2,1,80,3.9,Yes,NotPlaced
5261,7.4,1,2,2,78,4.5,Yes,NotPlaced
5262,7.5,1,2,1,67,3.8,Yes,NotPlaced
5263,6.5,1,1,1,64,4.1,Yes,NotPlaced
5264,6.6,1,2,0,77,4.1,Yes,NotPlaced
5265,7.7,1,2,0,81,3.9,Yes,NotPlaced
5266,8.3,2,3,2,90,4.8,Yes,Placed
5267,6.7,1,1,0,67,4.2,No,NotPlaced
5268,8.2,2,3,2,90,4.8,Yes,Placed
5269,7.6,1,1,1,74,4.4,No,NotPlaced
5270,8.8,2,3,2,84,4.8,Yes,Placed
5271,6.9,1,3,0,90,3.8,Yes,Placed
5272,8.6,0,1,1,88,4.2,Yes,NotPlaced
5273,8.4,1,3,0,78,3.7,Yes,Placed
5274,6.5,1,1,0,76,4.5,Yes,Placed
5275,6.8,1,2,0,71,4.3,Yes,NotPlaced
5276,8.1,0,3,2,73,4.2,Yes,Placed
5277,8.2,1,1,1,81,4.8,Yes,Placed
5278,7.4,1,2,1,68,4.2,Yes,NotPlaced
5279,6.5,1,2,0,86,4.4,Yes,Placed
5280,7.5,1,3,3,89,4.4,Yes,Placed
5281,8.4,1,2,0,81,4.1,Yes,Placed
5282,8,2,3,2,90,4.8,Yes,Placed
5283,8.1,1,3,0,88,4.5,Yes,Placed
5284,8.2,1,1,2,87,4.3,No,NotPlaced
5285,7.5,1,1,1,61,4.4,Yes,NotPlaced
5286,6.5,1,1,0,77,4.1,No,NotPlaced
5287,6.5,1,1,0,71,3.6,No,NotPlaced
5288,7.9,0,3,0,90,4.4,No,Placed
5289,7.8,1,1,0,61,4.1,No,NotPlaced
5290,7.3,2,3,0,90,4.4,Yes,Placed
5291,7.6,1,2,1,81,4.8,Yes,NotPlaced
5292,8.1,2,3,2,90,4.8,Yes,Placed
5293,6.9,1,1,0,77,3.4,No,NotPlaced
5294,8.4,0,3,2,90,4.8,Yes,Placed
5295,6.7,1,1,0,70,3.9,Yes,NotPlaced
5296,7.8,1,3,1,80,4.8,No,NotPlaced
5297,8.2,0,3,2,84,4,Yes,Placed
5298,8.3,2,3,0,82,4.6,Yes,Placed
5299,8.1,1,3,0,80,4.7,Yes,Placed
5300,6.6,1,1,0,71,4.5,Yes,Placed
5301,6.5,1,3,0,86,4.3,Yes,NotPlaced
5302,7.7,1,2,2,79,4.8,Yes,NotPlaced
5303,8.2,2,1,0,82,4.6,Yes,Placed
5304,7.6,2,2,0,73,4.4,Yes,Placed
5305,7.6,1,2,0,89,4.5,Yes,NotPlaced
5306,8.2,2,3,2,90,4.8,Yes,Placed
5307,6.5,0,2,0,87,3.3,No,NotPlaced
5308,7.4,1,1,1,68,4.3,No,Placed
5309,7.7,2,3,0,81,4.8,Yes,NotPlaced
5310,8,1,1,0,83,4.7,No,NotPlaced
5311,7.5,2,1,0,74,4.6,No,NotPlaced
5312,7.7,1,2,0,90,4.8,Yes,Placed
5313,7.9,2,3,1,89,4.8,Yes,Placed
5314,8.4,2,3,2,83,4.5,Yes,Placed
5315,7.6,1,3,2,84,4.6,Yes,NotPlaced
5316,6.9,1,2,1,68,4.5,Yes,NotPlaced
5317,8.6,2,1,2,69,3.8,Yes,Placed
5318,7.9,1,3,2,66,4.1,No,NotPlaced
5319,7.1,1,2,0,80,3.5,No,NotPlaced
5320,8.2,2,2,2,88,4.2,Yes,NotPlaced
5321,7.9,1,2,0,90,4.8,Yes,NotPlaced
5322,6.6,1,2,0,73,4.3,No,NotPlaced
5323,7.6,1,1,0,77,4.2,Yes,NotPlaced
5324,8.7,1,3,3,89,4.8,Yes,NotPlaced
5325,8.1,2,3,2,90,4.8,Yes,Placed
5326,8.1,2,3,2,86,4.5,Yes,NotPlaced
5327,7.9,0,2,1,87,4.4,No,NotPlaced
5328,8.6,0,3,2,75,4,Yes,Placed
5329,6.8,1,1,1,60,3.6,Yes,NotPlaced
5330,8.3,1,1,1,77,3.6,Yes,NotPlaced
5331,8.6,2,3,2,90,4.7,Yes,Placed
5332,7.6,1,3,0,80,4.6,Yes,Placed
5333,8.4,2,3,2,90,4.8,Yes,Placed
5334,7.5,0,1,2,73,3.9,Yes,Placed
5335,8.6,2,3,3,78,4.7,Yes,Placed
5336,7.4,1,1,0,60,3.7,No,NotPlaced
5337,8,1,3,0,77,4.7,Yes,Placed
5338,8,2,3,2,90,4.8,Yes,Placed
5339,6.7,0,1,2,69,4.4,No,NotPlaced
5340,7.5,1,1,1,68,4.6,Yes,NotPlaced
5341,6.7,1,2,2,76,3.8,Yes,NotPlaced
5342,7.7,1,1,1,73,3.7,Yes,NotPlaced
5343,7.5,0,1,1,78,3.5,Yes,NotPlaced
5344,7.6,1,1,0,71,4.1,Yes,NotPlaced
5345,8.5,1,3,0,86,4.5,No,Placed
5346,6.5,1,1,0,79,4,No,NotPlaced
5347,7.4,1,1,0,80,4.8,Yes,NotPlaced
5348,7.4,0,2,0,75,3.5,Yes,NotPlaced
5349,8.5,1,3,1,84,4.3,Yes,NotPlaced
5350,7.7,1,1,0,71,3.5,Yes,NotPlaced
5351,8,1,3,2,87,4.6,No,Placed
5352,8.3,1,3,2,81,4.7,Yes,NotPlaced
5353,8.2,2,2,2,90,4.3,Yes,Placed
5354,7.4,1,2,1,71,4.7,Yes,NotPlaced
5355,6.9,1,3,2,65,4,Yes,NotPlaced
5356,8.4,1,1,0,78,4.8,No,NotPlaced
5357,8.3,2,2,2,89,4,Yes,Placed
5358,7.3,1,2,0,72,4.3,Yes,NotPlaced
5359,7.8,0,1,0,71,3.8,No,NotPlaced
5360,7.5,1,1,2,69,4.3,No,NotPlaced
5361,8,1,3,0,79,4.8,Yes,NotPlaced
5362,8.5,2,3,2,90,4.8,Yes,Placed
5363,8.3,1,2,1,81,4.6,Yes,Placed
5364,8.4,0,2,0,81,4.4,Yes,Placed
5365,8.4,2,3,2,84,4.2,Yes,Placed
5366,8.5,0,2,0,79,4.5,No,NotPlaced
5367,6.6,1,1,0,71,4.1,Yes,NotPlaced
5368,8.1,2,3,0,86,4.3,Yes,Placed
5369,6.8,1,1,0,66,3.5,No,NotPlaced
5370,7.6,2,2,0,84,4.3,No,NotPlaced
5371,8.7,0,3,1,71,4.5,Yes,Placed
5372,8.2,0,3,2,81,4.7,No,NotPlaced
5373,7.3,1,1,2,75,3.8,Yes,NotPlaced
5374,8,2,3,0,84,4.6,Yes,Placed
5375,7.6,1,3,1,77,4.6,Yes,Placed
5376,7.7,0,3,1,85,4.3,Yes,Placed
5377,7.5,1,1,0,76,4,No,NotPlaced
5378,7.3,1,1,0,76,4.4,Yes,NotPlaced
5379,6.7,1,1,1,76,4.6,No,NotPlaced
5380,6.7,1,2,2,78,4.4,Yes,NotPlaced
5381,8.4,1,3,2,90,4.8,Yes,Placed
5382,8.8,2,3,2,86,4.7,Yes,Placed
5383,6.5,1,1,1,85,3.9,No,NotPlaced
5384,7.7,2,3,0,77,4.6,Yes,NotPlaced
5385,8.5,2,2,0,85,4.5,Yes,Placed
5386,8,1,2,0,68,4.5,No,NotPlaced
5387,8.2,1,3,2,90,4.7,Yes,Placed
5388,8.1,0,3,2,88,4.8,Yes,Placed
5389,8.4,1,2,1,73,4,No,NotPlaced
5390,8.3,1,3,1,67,3.7,Yes,NotPlaced
5391,7.4,1,1,0,71,4.3,Yes,NotPlaced
5392,8.5,1,1,2,77,4.3,Yes,Placed
5393,7.8,1,2,1,74,4.2,Yes,NotPlaced
5394,8.2,1,3,0,84,4.5,Yes,Placed
5395,7,1,1,2,74,4.5,Yes,NotPlaced
5396,8.4,0,1,2,79,3.9,Yes,NotPlaced
5397,8,1,1,2,75,3.7,Yes,NotPlaced
5398,7.5,1,1,1,69,3.6,Yes,NotPlaced
5399,8.2,2,3,2,90,4.6,Yes,Placed
5400,7.7,0,1,0,71,3.5,No,NotPlaced
5401,8.6,0,2,2,81,4.4,Yes,Placed
5402,8.2,1,3,0,89,4.8,Yes,NotPlaced
5403,8.6,2,3,2,87,4.8,Yes,Placed
5404,7.5,2,2,0,72,4.5,Yes,NotPlaced
5405,7.2,1,1,1,79,4.3,No,NotPlaced
5406,8.4,0,0,2,90,4.8,Yes,Placed
5407,8.3,2,3,2,88,4.8,Yes,Placed
5408,6.8,0,1,0,71,3.3,No,Placed
5409,7.9,1,3,0,84,4.7,Yes,Placed
5410,8.1,1,3,2,90,4.7,Yes,Placed
5411,6.5,0,1,1,64,4.1,No,NotPlaced
5412,7.7,1,3,0,78,4.4,No,NotPlaced
5413,8.4,1,2,0,85,4.4,Yes,Placed
5414,8.1,1,3,0,88,4,Yes,Placed
5415,7.4,1,1,1,71,4.3,Yes,NotPlaced
5416,7.4,1,2,0,80,4.6,Yes,Placed
5417,8.6,2,3,2,90,4.8,Yes,Placed
5418,7.6,1,1,0,79,4.8,Yes,NotPlaced
5419,7.3,1,1,0,75,4.4,No,NotPlaced
5420,7.5,0,2,0,79,3.7,No,Placed
5421,7.7,0,3,1,84,4.2,No,NotPlaced
5422,7.6,1,1,1,74,4.6,Yes,NotPlaced
5423,8.3,0,3,0,88,4.7,Yes,Placed
5424,6.6,1,2,0,70,4.1,Yes,NotPlaced
5425,7.6,1,3,2,89,4.8,Yes,Placed
5426,7.8,2,3,2,86,4.8,Yes,Placed
5427,7.7,1,3,2,90,4.4,Yes,Placed
5428,7.9,1,3,1,76,3.8,No,NotPlaced
5429,7.6,1,2,1,65,4.2,Yes,NotPlaced
5430,7.6,1,2,0,86,4.8,Yes,Placed
5431,8.1,0,3,1,80,4.6,Yes,Placed
5432,7.6,1,2,1,79,4.8,Yes,NotPlaced
5433,7.7,1,2,1,61,4,No,NotPlaced
5434,8,2,3,0,89,4.5,Yes,Placed
5435,7.7,1,2,0,78,3.8,Yes,NotPlaced
5436,7.6,0,1,1,61,3.4,Yes,NotPlaced
5437,7.7,1,1,2,72,3.7,Yes,NotPlaced
5438,8.1,2,3,2,90,4.7,Yes,Placed
5439,7.9,1,1,0,71,4.4,Yes,NotPlaced
5440,6.5,1,2,1,64,3.7,Yes,NotPlaced
5441,8.1,2,3,2,90,4.8,Yes,Placed
5442,6.6,2,2,0,73,4.1,No,NotPlaced
5443,8.1,2,3,2,88,4.5,Yes,NotPlaced
5444,7.4,1,2,0,69,3.8,No,NotPlaced
5445,6.5,1,1,0,71,4.2,Yes,NotPlaced
5446,7.9,1,3,1,77,4.1,Yes,NotPlaced
5447,8.1,1,3,0,78,4,Yes,NotPlaced
5448,8.4,2,3,2,89,4.6,Yes,Placed
5449,7.8,1,1,0,77,4,Yes,Placed
5450,8.4,0,3,2,81,4.8,No,Placed
5451,8.7,1,2,0,80,4.5,Yes,Placed
5452,7.4,1,3,1,81,4.4,Yes,NotPlaced
5453,7.5,1,2,1,81,4.2,Yes,NotPlaced
5454,8.2,2,3,0,88,4,Yes,Placed
5455,8.4,2,3,2,87,4.8,No,Placed
5456,8.7,2,3,2,83,4,Yes,Placed
5457,7.7,1,2,0,88,4.1,Yes,NotPlaced
5458,7.6,1,2,0,81,4.7,Yes,NotPlaced
5459,8.5,2,3,2,90,4.8,Yes,Placed
5460,7.9,2,2,2,90,4.8,No,Placed
5461,6.6,1,1,1,80,3.9,Yes,NotPlaced
5462,7.8,2,3,2,85,4.6,Yes,NotPlaced
5463,8.1,2,3,0,77,4.8,Yes,Placed
5464,7.2,1,2,1,74,3.7,No,NotPlaced
5465,6.5,1,3,3,84,4.5,Yes,NotPlaced
5466,8.2,2,2,1,74,4.2,Yes,Placed
5467,8,1,3,2,90,4.8,Yes,Placed
5468,7.7,1,3,0,85,4.8,No,Placed
5469,8.2,1,3,0,87,3.7,Yes,Placed
5470,8.5,2,3,2,90,4.8,Yes,Placed
5471,7.4,1,1,0,62,4.1,No,NotPlaced
5472,6.8,1,2,1,71,4.7,Yes,NotPlaced
5473,8.1,1,3,2,90,4.8,Yes,Placed
5474,7.4,1,2,0,82,4.3,Yes,NotPlaced
5475,7.5,1,3,0,90,4.3,Yes,Placed
5476,6.5,1,1,0,77,4.2,Yes,NotPlaced
5477,6.6,1,1,2,76,4,Yes,NotPlaced
5478,7.8,1,1,1,65,3.7,No,NotPlaced
5479,7.9,1,3,2,82,4.4,Yes,NotPlaced
5480,6.8,1,1,1,80,4.3,Yes,Placed
5481,7.6,1,2,2,75,4.6,No,NotPlaced
5482,8.7,2,3,2,85,4.4,Yes,Placed
5483,8.6,1,3,2,90,4.8,Yes,Placed
5484,7.6,0,1,1,73,3.3,No,NotPlaced
5485,7.9,0,3,2,88,4.6,Yes,NotPlaced
5486,8.2,1,1,1,76,4.1,No,NotPlaced
5487,7.2,1,1,1,68,3.4,No,NotPlaced
5488,8.3,2,3,2,68,3.9,No,Placed
5489,7.6,1,2,2,82,4.8,Yes,NotPlaced
5490,8.6,2,3,2,90,4.8,Yes,Placed
5491,8.1,0,1,0,83,4.3,Yes,Placed
5492,7.6,1,1,0,63,4.3,No,NotPlaced
5493,8.4,1,1,0,78,4.3,Yes,Placed
5494,7.8,2,3,2,85,4.7,Yes,Placed
5495,8.6,2,3,2,90,4.8,Yes,Placed
5496,7.6,1,2,0,79,4.2,No,NotPlaced
5497,8.4,2,3,2,85,4.7,Yes,NotPlaced
5498,7.4,0,2,0,73,3.7,Yes,NotPlaced
5499,7.4,2,2,0,68,3.8,Yes,NotPlaced
5500,7.1,2,1,3,71,4.8,No,NotPlaced
5501,8.1,1,1,0,69,4.8,No,NotPlaced
5502,7.8,1,3,0,89,4,Yes,Placed
5503,6.6,1,1,0,81,4.4,Yes,NotPlaced
5504,6.7,1,2,0,89,4.7,Yes,NotPlaced
5505,8.5,2,3,0,85,4.7,Yes,NotPlaced
5506,6.5,0,3,1,75,4.3,No,Placed
5507,8.2,1,2,1,71,3.7,Yes,NotPlaced
5508,7,1,2,0,67,3.5,Yes,NotPlaced
5509,7.4,0,1,0,72,3.7,No,NotPlaced
5510,7.8,1,2,2,90,4.3,Yes,NotPlaced
5511,6.7,1,1,0,75,3.1,Yes,NotPlaced
5512,7.6,1,3,0,87,4.4,Yes,NotPlaced
5513,8.7,0,2,2,84,4.5,Yes,NotPlaced
5514,8.3,2,3,0,82,3.5,No,NotPlaced
5515,7.2,1,2,1,77,4.1,Yes,NotPlaced
5516,7.7,1,3,0,76,4.5,No,Placed
5517,6.5,1,1,1,62,4,No,NotPlaced
5518,7.4,1,2,0,69,3.6,No,NotPlaced
5519,8,0,3,1,90,4.8,Yes,NotPlaced
5520,8.5,2,2,2,81,4.8,Yes,Placed
5521,7.6,1,3,2,88,4.5,Yes,Placed
5522,8.2,0,1,0,88,4,No,NotPlaced
5523,7.2,1,1,0,66,3.9,No,NotPlaced
5524,7.9,2,1,0,81,3.7,Yes,Placed
5525,7.6,1,3,1,73,4.3,Yes,NotPlaced
5526,7.5,1,3,0,78,3.6,Yes,NotPlaced
5527,8.4,1,3,0,82,4.3,Yes,Placed
5528,7.7,1,1,0,78,4.4,Yes,NotPlaced
5529,6.5,0,2,2,88,4.6,Yes,NotPlaced
5530,6.8,1,2,0,78,4.3,Yes,Placed
5531,8,1,3,2,79,4.6,Yes,Placed
5532,6.6,0,3,0,87,4.6,Yes,Placed
5533,7.5,1,2,1,72,4.5,Yes,NotPlaced
5534,8.2,2,2,2,80,4.5,Yes,Placed
5535,7.5,1,2,1,72,4.4,Yes,NotPlaced
5536,8.2,2,3,2,90,4.8,Yes,Placed
5537,6.6,2,2,1,61,3.5,Yes,NotPlaced
5538,7.4,1,2,1,68,4.2,Yes,NotPlaced
5539,8.3,2,3,0,80,4.2,No,NotPlaced
5540,8.1,2,3,2,89,4.8,Yes,Placed
5541,8.2,2,3,2,88,4.8,Yes,NotPlaced
5542,6.5,1,1,0,79,4,Yes,NotPlaced
5543,8.7,1,2,0,74,4.8,No,NotPlaced
5544,8.6,2,3,1,85,4.3,Yes,Placed
5545,7.2,2,3,2,84,4,No,Placed
5546,8.2,1,3,2,90,4.8,Yes,Placed
5547,7.6,0,1,2,79,4.8,Yes,Placed
5548,7.7,2,2,2,85,4.3,Yes,Placed
5549,8.6,1,1,0,65,3.7,No,NotPlaced
5550,7.9,2,3,2,85,4.7,Yes,Placed
5551,7.5,1,1,0,65,3.9,Yes,NotPlaced
5552,8,2,2,2,89,4.2,Yes,Placed
5553,7.6,1,1,0,77,4.5,Yes,NotPlaced
5554,8.3,0,2,0,78,4.5,Yes,Placed
5555,8.4,2,3,2,90,4.8,Yes,Placed
5556,6.5,0,1,2,76,4.1,Yes,NotPlaced
5557,8.1,1,1,3,75,4,No,NotPlaced
5558,8.4,2,3,2,90,4.8,Yes,Placed
5559,7.8,0,2,1,79,4.7,Yes,NotPlaced
5560,8.5,1,3,2,90,4.8,Yes,NotPlaced
5561,6.5,1,1,1,83,4.4,No,NotPlaced
5562,7.8,1,1,1,77,4.5,No,NotPlaced
5563,6.7,1,2,1,82,4.3,Yes,Placed
5564,6.5,0,2,0,77,4.4,Yes,NotPlaced
5565,8,2,1,2,88,3.8,No,NotPlaced
5566,7.5,1,1,0,75,4.1,Yes,NotPlaced
5567,6.5,2,1,0,60,4.5,No,NotPlaced
5568,7.5,1,3,0,83,4.1,Yes,Placed
5569,6.5,2,1,1,82,4.8,Yes,NotPlaced
5570,8.5,2,3,2,84,4.6,Yes,Placed
5571,6.8,0,1,0,75,4.7,Yes,NotPlaced
5572,8.5,2,3,0,89,4.2,Yes,Placed
5573,7.7,1,2,2,61,3.8,Yes,NotPlaced
5574,7.2,1,1,0,72,4.1,Yes,NotPlaced
5575,6.5,0,1,0,66,3.5,No,NotPlaced
5576,7.6,1,2,1,79,4.5,Yes,NotPlaced
5577,7.5,1,1,0,68,3.6,Yes,NotPlaced
5578,7,1,1,1,74,4.4,Yes,NotPlaced
5579,8.4,2,3,0,85,4.6,Yes,NotPlaced
5580,8.4,1,2,2,79,4.8,Yes,NotPlaced
5581,7.7,0,3,2,86,4.7,Yes,Placed
5582,8.3,1,1,0,75,4.2,Yes,Placed
5583,8.8,1,2,2,77,4.3,Yes,Placed
5584,6.5,1,3,0,90,4.6,Yes,Placed
5585,7.6,2,1,0,73,4,Yes,Placed
5586,6.5,1,1,0,72,4.5,No,NotPlaced
5587,7.5,0,1,0,76,4.4,No,NotPlaced
5588,7.6,1,1,1,72,4.6,Yes,Placed
5589,8.2,1,2,0,78,3.8,Yes,NotPlaced
5590,6.6,1,2,0,78,4.7,Yes,NotPlaced
5591,7.5,1,1,0,69,3.8,Yes,NotPlaced
5592,8.1,0,3,1,86,4.7,Yes,Placed
5593,8.2,1,3,2,90,4.8,Yes,Placed
5594,8.7,2,3,2,90,4.7,Yes,Placed
5595,8,1,3,2,77,4.5,No,NotPlaced
5596,7.5,1,2,1,75,3.7,Yes,NotPlaced
5597,6.6,1,1,0,70,4.5,No,NotPlaced
5598,8.2,1,2,2,88,4.4,Yes,Placed
5599,8.5,2,3,2,89,4.8,Yes,Placed
5600,8.6,1,3,2,76,4,No,NotPlaced
5601,8.4,1,3,2,72,4.6,No,Placed
5602,7.6,1,3,1,73,4.1,Yes,NotPlaced
5603,8.4,1,3,2,90,4.8,Yes,Placed
5604,8.3,2,3,2,88,4.8,Yes,Placed
5605,8.4,2,3,2,88,4.5,Yes,Placed
5606,8.7,2,3,2,83,4.8,Yes,Placed
5607,7.6,1,2,0,76,4,No,NotPlaced
5608,8.4,1,3,0,89,4.8,Yes,Placed
5609,8.3,2,3,2,90,4.8,Yes,Placed
5610,6.5,1,1,0,85,4.6,Yes,NotPlaced
5611,6.9,0,2,1,71,3.2,No,NotPlaced
5612,8.1,1,2,1,73,4.2,Yes,NotPlaced
5613,7.7,1,2,0,80,4.6,Yes,NotPlaced
5614,7.2,0,1,0,75,3.5,No,NotPlaced
5615,8.3,1,1,2,74,4.1,Yes,NotPlaced
5616,8.3,2,3,0,86,4.7,Yes,Placed
5617,8.2,2,3,3,88,4.8,Yes,Placed
5618,8.4,1,2,0,79,4.3,Yes,Placed
5619,7.4,1,2,1,78,4.6,Yes,NotPlaced
5620,7.9,1,2,2,84,4.6,Yes,NotPlaced
5621,7.7,2,3,2,90,4.8,Yes,Placed
5622,7.7,1,2,2,78,3.8,No,NotPlaced
5623,8.7,0,2,1,80,4.8,Yes,Placed
5624,6.8,0,2,1,65,4.8,Yes,NotPlaced
5625,7.8,2,3,2,82,4.6,Yes,Placed
5626,7.8,2,3,2,90,4.8,Yes,Placed
5627,7.7,1,1,0,72,4.4,No,NotPlaced
5628,8.2,2,2,2,70,4.2,No,NotPlaced
5629,8.9,0,3,3,87,4.8,Yes,Placed
5630,7.5,1,2,1,76,3.8,Yes,NotPlaced
5631,8.3,1,3,2,82,4.8,Yes,Placed
5632,8,1,3,2,90,4.4,Yes,Placed
5633,6.6,0,1,1,69,4.2,No,NotPlaced
5634,8.2,2,3,2,86,4.4,Yes,Placed
5635,7.6,0,1,2,75,4.5,No,NotPlaced
5636,6.6,0,2,0,64,3.3,Yes,NotPlaced
5637,7.4,1,1,0,77,4,No,NotPlaced
5638,6.6,2,3,0,73,4.5,Yes,NotPlaced
5639,7.5,1,3,2,90,4.8,Yes,Placed
5640,7.3,1,1,1,83,3.8,Yes,NotPlaced
5641,6.6,0,2,1,63,4.1,No,NotPlaced
5642,7.7,0,1,0,82,4.1,No,NotPlaced
5643,7.7,0,1,1,87,3.9,No,NotPlaced
5644,7.6,2,2,1,88,4.8,Yes,NotPlaced
5645,6.5,1,1,0,77,3.6,Yes,NotPlaced
5646,6.5,1,2,1,89,4,Yes,NotPlaced
5647,8.3,1,3,1,73,4.7,No,NotPlaced
5648,8.5,1,3,1,84,3.9,Yes,Placed
5649,7.4,1,1,0,77,3.6,Yes,NotPlaced
5650,6.6,1,3,2,89,4.5,Yes,Placed
5651,7.6,1,1,1,71,4.2,Yes,NotPlaced
5652,6.7,0,1,0,74,4.1,Yes,NotPlaced
5653,7.6,0,1,2,75,4.2,No,NotPlaced
5654,7.5,1,1,0,66,3.7,No,NotPlaced
5655,6.5,1,1,0,74,4.2,Yes,NotPlaced
5656,8.1,1,2,0,74,4.7,Yes,NotPlaced
5657,7.5,1,3,0,77,4,Yes,NotPlaced
5658,7.3,1,1,0,78,3.1,No,NotPlaced
5659,8,1,3,2,89,4.3,Yes,Placed
5660,8.3,1,1,0,81,4.5,No,Placed
5661,6.5,1,1,1,85,4.8,Yes,NotPlaced
5662,7.9,1,3,2,90,4.8,No,Placed
5663,8.8,2,3,3,90,4.8,Yes,Placed
5664,6.5,1,1,1,81,4.7,Yes,NotPlaced
5665,7.5,0,1,0,88,4.7,No,NotPlaced
5666,8.3,2,2,0,89,4.8,Yes,NotPlaced
5667,7.4,1,1,1,60,4.3,Yes,NotPlaced
5668,6.5,1,3,1,79,4.2,Yes,NotPlaced
5669,8.3,1,2,0,82,4.5,Yes,Placed
5670,8.7,1,3,2,85,4.8,Yes,Placed
5671,8.1,1,1,2,68,3.2,Yes,NotPlaced
5672,7.7,1,1,1,79,3.7,Yes,NotPlaced
5673,8.2,2,3,2,90,4.8,Yes,Placed
5674,6.8,2,3,0,82,4.7,Yes,Placed
5675,7.4,1,1,0,77,3.8,No,NotPlaced
5676,7.6,2,2,0,74,4,Yes,Placed
5677,7.7,0,1,0,66,3.7,No,NotPlaced
5678,8.5,0,3,2,76,4.8,No,Placed
5679,8.6,2,3,1,90,4.8,Yes,Placed
5680,7.5,1,1,1,73,3.5,Yes,NotPlaced
5681,8.6,2,3,2,90,4.6,Yes,Placed
5682,8.5,1,3,0,88,4.8,Yes,Placed
5683,7.4,1,2,0,76,4.5,Yes,NotPlaced
5684,8.4,1,3,2,76,4.5,Yes,Placed
5685,7.4,2,3,1,77,4.4,Yes,NotPlaced
5686,8.3,0,3,2,88,4.8,Yes,Placed
5687,8.1,0,2,0,84,4.7,Yes,NotPlaced
5688,8.5,2,3,2,71,4.6,Yes,Placed
5689,8.3,0,2,2,81,4.4,No,Placed
5690,8.2,2,1,1,90,4,Yes,NotPlaced
5691,6.7,0,2,1,69,4.4,Yes,NotPlaced
5692,6.6,1,1,0,74,4.6,Yes,NotPlaced
5693,8.7,2,3,2,90,4.7,Yes,Placed
5694,9,2,3,2,90,4.8,Yes,Placed
5695,7,1,1,0,72,4.5,Yes,NotPlaced
5696,7.2,1,3,1,71,4.4,Yes,NotPlaced
5697,8.1,0,3,0,86,3.7,Yes,Placed
5698,7.7,1,2,2,78,4.3,Yes,Placed
5699,7.4,1,2,2,66,4.4,Yes,NotPlaced
5700,8.2,1,2,1,86,4.5,Yes,Placed
5701,8.1,1,2,2,74,4.4,Yes,Placed
5702,7.4,1,1,0,69,4,Yes,NotPlaced
5703,7.5,0,2,2,73,4.8,Yes,Placed
5704,8.2,2,3,2,90,4.8,Yes,Placed
5705,6.5,1,3,2,71,4.2,No,NotPlaced
5706,7.6,1,1,0,69,3.9,Yes,NotPlaced
5707,8.1,1,3,2,89,4.6,Yes,Placed
5708,7.7,1,1,0,82,4.5,Yes,NotPlaced
5709,8.2,2,3,3,90,4.5,Yes,NotPlaced
5710,7.8,2,3,2,90,4.8,Yes,Placed
5711,8.2,0,1,2,81,4.2,Yes,NotPlaced
5712,8.3,1,3,2,90,4.8,Yes,Placed
5713,7.8,1,1,1,70,4.1,Yes,NotPlaced
5714,6.9,2,2,2,72,3.7,Yes,NotPlaced
5715,7.9,1,3,2,90,4.4,Yes,Placed
5716,7.5,1,2,1,65,4.1,No,NotPlaced
5717,6.5,1,2,1,68,4.8,No,NotPlaced
5718,8.2,1,1,2,76,4.5,Yes,Placed
5719,7.9,2,3,2,87,4.8,Yes,Placed
5720,7.2,1,2,2,82,4.5,No,NotPlaced
5721,8.8,2,3,2,90,4.8,Yes,Placed
5722,8,1,0,2,79,4.4,Yes,Placed
5723,7.7,1,0,0,75,3.6,Yes,Placed
5724,8.4,2,3,2,90,4.8,Yes,Placed
5725,8.6,2,3,2,90,4.8,Yes,Placed
5726,7,1,2,0,69,4.7,Yes,Placed
5727,8.9,2,3,2,90,4.8,Yes,Placed
5728,8.2,2,1,3,88,4.2,Yes,Placed
5729,7.8,0,3,0,83,4.4,Yes,NotPlaced
5730,8.5,0,3,0,84,4.5,Yes,Placed
5731,8,2,3,2,90,4.8,Yes,Placed
5732,7.2,0,1,0,73,4.4,Yes,NotPlaced
5733,6.5,1,2,0,66,4.2,Yes,NotPlaced
5734,8,2,1,0,78,4.6,No,Placed
5735,6.5,1,1,0,72,4.8,No,NotPlaced
5736,7.3,1,3,0,77,4.5,Yes,NotPlaced
5737,8.3,2,3,2,90,4.8,Yes,Placed
5738,7.5,0,1,1,70,4.5,Yes,NotPlaced
5739,7.7,0,3,0,84,4.3,Yes,Placed
5740,8,2,3,2,90,4.6,Yes,Placed
5741,7.4,1,2,1,68,3.6,No,NotPlaced
5742,8.3,2,3,0,90,4.8,Yes,Placed
5743,6.5,1,3,2,77,4.2,Yes,NotPlaced
5744,8.7,1,3,3,88,3.8,Yes,NotPlaced
5745,8.4,2,3,2,90,4.8,Yes,Placed
5746,7.7,2,1,0,83,4.6,Yes,NotPlaced
5747,7.6,0,1,1,70,3.9,Yes,NotPlaced
5748,7.7,1,1,0,71,4.1,Yes,NotPlaced
5749,7.6,1,1,1,77,4,Yes,NotPlaced
5750,7.4,1,1,1,78,3.7,Yes,Placed
5751,7.5,1,1,1,75,4,No,NotPlaced
5752,7.5,1,1,1,77,4.5,No,NotPlaced
5753,7.2,1,1,1,72,4.5,Yes,NotPlaced
5754,7.1,0,1,0,87,4.4,Yes,Placed
5755,7.1,0,3,0,80,4.4,No,Placed
5756,7.6,1,2,2,76,4.8,Yes,NotPlaced
5757,7.6,2,2,1,88,4.6,Yes,NotPlaced
5758,7.5,0,2,1,77,3.8,Yes,NotPlaced
5759,7.3,1,1,1,72,3.5,Yes,NotPlaced
5760,8.2,1,1,2,82,4.8,Yes,Placed
5761,8.5,2,3,2,79,4.8,No,NotPlaced
5762,8.2,1,2,0,67,4.1,Yes,NotPlaced
5763,8.3,0,2,1,89,4.7,Yes,Placed
5764,8.3,2,3,2,90,4.8,Yes,Placed
5765,8.6,1,2,2,78,4.8,Yes,Placed
5766,7.7,1,3,3,84,4.7,Yes,NotPlaced
5767,8,0,3,0,76,3.6,Yes,NotPlaced
5768,7.4,1,2,2,78,4.7,Yes,Placed
5769,7.5,1,2,2,89,4.8,Yes,Placed
5770,7.6,1,3,2,84,4.6,Yes,Placed
5771,6.7,1,2,1,89,4.4,Yes,NotPlaced
5772,8.8,2,3,0,88,4.7,Yes,Placed
5773,6.5,0,2,0,74,3.5,No,NotPlaced
5774,8.2,1,1,0,71,4,Yes,NotPlaced
5775,7.7,1,3,1,71,4.6,No,NotPlaced
5776,7.5,1,1,0,72,4.4,Yes,Placed
5777,8.4,1,1,0,72,3.8,No,NotPlaced
5778,8,1,1,1,77,4.7,Yes,NotPlaced
5779,7.5,0,3,1,65,4.2,No,NotPlaced
5780,8.6,1,3,0,82,4.3,Yes,Placed
5781,8.6,1,3,0,88,4.5,Yes,NotPlaced
5782,6.6,1,3,1,70,4.7,Yes,Placed
5783,6.9,2,3,0,86,4.6,Yes,NotPlaced
5784,7.4,1,2,0,71,3.7,Yes,NotPlaced
5785,8.2,1,2,1,77,3.7,Yes,Placed
5786,7.6,1,2,1,77,4.4,Yes,NotPlaced
5787,8.1,1,3,2,75,3.9,Yes,NotPlaced
5788,8.2,1,1,2,72,4.1,Yes,NotPlaced
5789,8,2,3,2,79,4.8,No,Placed
5790,7.5,2,2,2,90,4.3,Yes,Placed
5791,7.9,1,1,0,80,4.4,Yes,NotPlaced
5792,6.7,0,1,0,75,4.2,No,NotPlaced
5793,7.6,1,2,1,86,4.8,Yes,Placed
5794,7.7,2,1,0,68,4.6,No,NotPlaced
5795,8.5,1,3,0,85,4.8,Yes,Placed
5796,6.6,1,1,0,69,3.8,Yes,NotPlaced
5797,7,1,3,2,85,4.3,Yes,Placed
5798,8.2,1,2,2,84,4.5,Yes,Placed
5799,6.5,1,3,2,84,4.7,No,NotPlaced
5800,8,0,2,2,87,4.7,No,NotPlaced
5801,7,0,1,1,85,4.8,No,NotPlaced
5802,8,0,1,0,75,3.8,No,NotPlaced
5803,7.7,1,2,1,70,4,Yes,NotPlaced
5804,8,1,3,2,77,4.5,Yes,NotPlaced
5805,7.6,1,3,1,65,3.7,No,NotPlaced
5806,8.4,2,3,2,89,3.9,Yes,Placed
5807,8.4,1,3,2,79,4.5,Yes,Placed
5808,7.3,0,1,1,75,3.2,Yes,NotPlaced
5809,8.1,2,3,2,90,4.8,Yes,Placed
5810,6.6,1,2,1,64,3.5,Yes,NotPlaced
5811,8.3,1,2,3,82,3.7,Yes,NotPlaced
5812,7.5,0,1,0,79,3.6,Yes,NotPlaced
5813,8.2,0,3,2,89,4.3,No,Placed
5814,7.6,1,1,2,75,4.8,Yes,NotPlaced
5815,7.5,1,3,2,88,4.8,Yes,Placed
5816,8.5,2,3,2,90,4.7,Yes,Placed
5817,8.5,1,1,2,87,4.5,Yes,Placed
5818,8.3,2,3,1,90,4.8,Yes,Placed
5819,7.4,1,2,0,68,3.8,Yes,NotPlaced
5820,7.1,2,2,1,84,3.9,No,NotPlaced
5821,7.5,1,1,1,80,4.2,No,NotPlaced
5822,8.5,2,3,2,90,4.7,Yes,Placed
5823,8.2,1,3,0,85,4.4,No,NotPlaced
5824,7.8,1,3,1,85,4.5,Yes,Placed
5825,7.1,0,3,2,74,4.5,Yes,NotPlaced
5826,8.7,1,3,2,85,4.1,Yes,NotPlaced
5827,8.1,1,3,2,90,4.8,Yes,Placed
5828,7.5,1,1,1,78,4.2,No,NotPlaced
5829,6.6,0,1,0,81,4.5,Yes,NotPlaced
5830,7.8,0,3,3,85,4.8,Yes,Placed
5831,8.7,1,2,2,73,4.4,Yes,NotPlaced
5832,8.3,1,3,0,68,4.6,Yes,Placed
5833,6.5,1,2,2,90,4.8,Yes,NotPlaced
5834,7.4,1,3,0,71,4.4,Yes,Placed
5835,7.9,2,3,2,80,4.4,Yes,Placed
5836,7.8,1,2,0,82,4.2,No,NotPlaced
5837,8.2,1,1,0,88,3.9,Yes,NotPlaced
5838,8.4,0,3,2,87,4.2,Yes,Placed
5839,6.7,1,2,0,78,4.6,Yes,Placed
5840,8.1,0,2,0,81,4.5,Yes,NotPlaced
5841,8.4,0,2,2,80,3.9,Yes,Placed
5842,8.7,2,3,2,89,4.7,Yes,Placed
5843,8,1,1,1,82,4,No,NotPlaced
5844,8,1,3,2,90,4.3,Yes,Placed
5845,7.8,1,3,2,87,4.8,Yes,Placed
5846,7.7,0,2,2,69,4.4,Yes,NotPlaced
5847,8.1,2,3,2,90,4.8,Yes,Placed
5848,8.3,2,3,0,86,4.7,Yes,Placed
5849,7.4,1,3,0,78,4.2,Yes,Placed
5850,8.4,1,1,3,83,4.6,No,NotPlaced
5851,7.9,1,2,1,64,4.2,Yes,NotPlaced
5852,8.5,1,2,0,70,3.9,Yes,Placed
5853,8.5,1,3,2,90,4.8,Yes,Placed
5854,8.4,1,3,2,85,4.8,Yes,Placed
5855,7.4,1,3,2,70,4.4,No,NotPlaced
5856,7.4,1,2,1,84,4.4,Yes,NotPlaced
5857,6.5,0,3,1,70,3.3,Yes,Placed
5858,8,1,1,0,81,4.2,Yes,NotPlaced
5859,6.6,1,2,1,66,4.6,No,NotPlaced
5860,8.5,0,3,0,90,4.5,Yes,Placed
5861,6.8,0,1,2,71,4.2,No,NotPlaced
5862,7.5,1,1,1,78,4.4,Yes,NotPlaced
5863,7.8,0,2,0,78,4.4,Yes,Placed
5864,6.6,0,2,0,83,4.8,Yes,Placed
5865,7.6,1,3,2,77,4.4,Yes,Placed
5866,6.5,1,1,0,68,4.8,Yes,NotPlaced
5867,8,2,2,2,85,4.5,Yes,NotPlaced
5868,6.6,1,1,0,76,4.4,No,NotPlaced
5869,6.7,0,2,0,74,4.2,Yes,NotPlaced
5870,6.7,0,2,0,74,3.6,Yes,Placed
5871,7.7,1,1,1,89,4.4,No,NotPlaced
5872,8.1,0,2,2,68,4.8,Yes,NotPlaced
5873,7.6,0,1,0,66,4,No,NotPlaced
5874,6.5,1,1,1,75,3.6,Yes,NotPlaced
5875,7.5,0,1,0,72,3.9,Yes,NotPlaced
5876,8.6,2,3,2,84,4.8,Yes,Placed
5877,7.5,0,2,0,81,4.3,Yes,NotPlaced
5878,7.8,1,2,0,78,3.7,Yes,Placed
5879,8.3,1,3,2,85,4.7,Yes,NotPlaced
5880,6.9,1,1,1,62,3.5,No,NotPlaced
5881,6.5,1,1,2,80,4.3,Yes,NotPlaced
5882,6.5,0,1,1,75,4.5,Yes,NotPlaced
5883,6.9,1,1,0,76,4,No,Placed
5884,8.1,1,3,1,90,4.8,Yes,Placed
5885,8.4,0,2,3,90,4.3,Yes,Placed
5886,6.5,1,1,0,82,4.4,No,NotPlaced
5887,7.7,1,1,0,78,3.8,Yes,NotPlaced
5888,8.1,2,3,2,88,4.7,Yes,Placed
5889,8,0,1,0,72,4.2,No,NotPlaced
5890,7.5,2,2,1,78,4.4,Yes,Placed
5891,6.9,0,1,0,72,4.4,No,NotPlaced
5892,8.4,2,3,2,90,4.8,Yes,Placed
5893,7.8,1,3,2,90,4.8,Yes,Placed
5894,8,2,1,2,89,4.2,Yes,NotPlaced
5895,6.9,1,1,0,76,3.3,Yes,NotPlaced
5896,7.6,1,1,1,71,4.3,No,NotPlaced
5897,8,1,3,2,90,4.7,Yes,Placed
5898,8.2,2,2,2,73,4.6,Yes,NotPlaced
5899,6.7,1,1,0,79,4.1,Yes,NotPlaced
5900,8.5,2,3,2,90,4.8,Yes,Placed
5901,6.8,1,1,0,85,4.3,Yes,Placed
5902,6.9,0,3,0,89,4.4,Yes,Placed
5903,8.6,1,3,2,90,4.8,Yes,Placed
5904,7.6,0,1,0,76,3.5,Yes,Placed
5905,8,0,3,0,90,3.8,No,Placed
5906,7,0,3,2,90,4.1,Yes,NotPlaced
5907,6.5,1,2,0,76,4.3,Yes,NotPlaced
5908,7.4,1,1,0,75,3.9,No,NotPlaced
5909,8.3,1,2,3,90,4.8,Yes,Placed
5910,7.5,0,2,1,80,4.7,Yes,Placed
5911,6.7,1,1,1,66,3.5,No,NotPlaced
5912,8.6,2,3,2,90,4.8,Yes,Placed
5913,8.2,1,3,2,90,4.8,Yes,Placed
5914,7.4,1,1,1,80,4.7,Yes,NotPlaced
5915,7.5,1,1,1,73,3.6,Yes,NotPlaced
5916,7.5,1,1,0,84,3.7,Yes,NotPlaced
5917,7.5,0,2,1,83,4.6,Yes,NotPlaced
5918,7.4,1,1,0,87,4.6,No,NotPlaced
5919,7.4,0,1,0,65,3.4,No,NotPlaced
5920,7.7,0,2,1,75,4.8,Yes,NotPlaced
5921,7.1,1,3,2,88,4,Yes,Placed
5922,6.5,0,1,1,66,4.1,No,NotPlaced
5923,7.9,1,2,0,76,4.7,No,NotPlaced
5924,7.4,1,1,0,78,4.8,No,Placed
5925,8,0,2,2,79,4.4,Yes,NotPlaced
5926,7.7,1,2,0,63,4.3,No,NotPlaced
5927,8.6,1,2,2,83,4,Yes,NotPlaced
5928,7.1,2,3,2,90,4.7,Yes,Placed
5929,6.9,1,3,2,87,4.8,Yes,Placed
5930,6.6,1,1,0,78,4.3,Yes,NotPlaced
5931,6.8,1,1,0,80,3.6,No,NotPlaced
5932,7.6,1,2,1,81,3.9,No,NotPlaced
5933,7.8,2,3,2,90,4.8,Yes,Placed
5934,7.5,1,2,2,86,4.8,Yes,Placed
5935,8.9,2,3,0,90,4.8,Yes,Placed
5936,7.3,1,1,1,78,4.2,Yes,NotPlaced
5937,6.8,1,1,0,82,3.8,No,NotPlaced
5938,7.3,2,3,2,90,4.5,Yes,Placed
5939,8.5,1,3,1,84,4.3,Yes,Placed
5940,8.1,2,3,2,90,4.6,Yes,Placed
5941,8.4,2,3,2,90,4.7,Yes,Placed
5942,7.7,1,2,2,82,4.8,Yes,Placed
5943,7.9,1,1,0,85,4.7,Yes,NotPlaced
5944,8.2,2,3,2,90,4.8,Yes,Placed
5945,7.6,0,1,0,69,3.1,No,NotPlaced
5946,8.1,0,3,2,84,4.8,Yes,NotPlaced
5947,7.8,0,1,1,84,4.3,No,NotPlaced
5948,8.7,0,1,2,78,4.7,Yes,NotPlaced
5949,8.3,0,3,2,90,4.8,Yes,Placed
5950,8.5,1,3,2,90,4.5,Yes,NotPlaced
5951,7.3,1,1,1,72,4.6,Yes,NotPlaced
5952,7.4,1,1,1,81,4.2,No,NotPlaced
5953,7.7,1,3,1,89,4.8,Yes,Placed
5954,7.7,1,1,0,76,3.8,No,NotPlaced
5955,7.4,1,1,0,85,4.7,Yes,NotPlaced
5956,7.9,1,3,0,81,3.2,Yes,NotPlaced
5957,7.5,1,2,0,89,4.7,Yes,Placed
5958,7.6,1,2,0,71,3.5,Yes,NotPlaced
5959,8.3,1,1,0,69,4.5,Yes,NotPlaced
5960,7.7,1,1,0,64,4.4,No,NotPlaced
5961,6.5,1,1,0,69,4.5,No,NotPlaced
5962,8.2,0,2,1,75,4.6,No,NotPlaced
5963,7.4,1,2,1,68,3.5,Yes,NotPlaced
5964,7.7,1,1,0,90,4.8,Yes,Placed
5965,8.6,2,3,2,90,4.8,Yes,Placed
5966,7.6,1,2,2,80,4.5,Yes,NotPlaced
5967,6.6,1,3,2,87,4.8,Yes,Placed
5968,8.4,2,3,2,83,4.6,Yes,Placed
5969,7.5,1,1,0,74,3.7,Yes,Placed
5970,8.3,1,1,0,89,4.5,Yes,NotPlaced
5971,8.8,2,3,2,90,4.8,Yes,Placed
5972,7.6,0,3,0,88,4.6,No,Placed
5973,7.5,1,2,0,83,4.3,Yes,Placed
5974,7.5,1,2,0,82,4.2,Yes,NotPlaced
5975,7.6,0,2,1,68,4.3,Yes,NotPlaced
5976,8.4,1,2,1,85,4.8,No,NotPlaced
5977,8,2,2,2,87,4.6,Yes,NotPlaced
5978,8.2,0,3,2,81,4.7,Yes,Placed
5979,8.3,2,3,2,90,4.8,Yes,Placed
5980,7.6,1,1,1,69,4.3,No,NotPlaced
5981,6.5,1,1,1,72,4.2,No,NotPlaced
5982,7.5,0,1,0,80,3.9,Yes,NotPlaced
5983,8.8,2,3,2,90,4.7,Yes,Placed
5984,8.1,2,1,1,81,4,Yes,Placed
5985,7.7,1,1,2,64,4.4,Yes,NotPlaced
5986,8.4,2,3,2,77,4.5,Yes,NotPlaced
5987,7.3,1,1,1,65,3.8,Yes,NotPlaced
5988,8.1,2,3,0,86,4.5,Yes,Placed
5989,8.4,0,1,1,82,3.6,Yes,Placed
5990,8.7,1,3,3,90,4.5,Yes,Placed
5991,8.4,0,1,0,77,3.5,Yes,NotPlaced
5992,6.8,1,1,1,68,4.5,Yes,NotPlaced
5993,7.7,1,1,0,78,4.3,Yes,Placed
5994,8.3,1,3,2,90,4.8,Yes,Placed
5995,6.5,1,3,0,72,4.6,Yes,Placed
5996,7.9,1,3,2,90,4.8,Yes,Placed
5997,7.5,1,2,0,79,4.2,Yes,NotPlaced
5998,7.7,1,2,0,78,4,Yes,NotPlaced
5999,7.7,1,2,0,78,4.5,Yes,NotPlaced
6000,7.5,0,1,1,82,4.7,No,NotPlaced
6001,8.2,1,3,3,88,4.8,Yes,Placed
6002,7.2,1,1,0,61,3.5,No,NotPlaced
6003,8.1,2,3,2,85,4.5,Yes,NotPlaced
6004,8.3,1,2,1,76,4.2,Yes,NotPlaced
6005,8.2,0,1,0,76,4.3,No,NotPlaced
6006,7,1,1,1,64,4.1,No,NotPlaced
6007,7.6,1,2,1,73,4.3,Yes,Placed
6008,6.8,0,1,1,68,3.9,No,NotPlaced
6009,7.4,1,2,0,65,4.6,No,NotPlaced
6010,6.5,1,2,0,83,4.6,Yes,NotPlaced
6011,6.6,0,2,1,74,4.6,Yes,NotPlaced
6012,7.5,0,1,0,80,4.1,Yes,NotPlaced
6013,7.5,1,2,0,74,4.6,Yes,NotPlaced
6014,6.7,1,1,0,60,4,No,NotPlaced
6015,7.9,1,2,0,85,4.1,Yes,NotPlaced
6016,7.3,1,1,1,67,4.2,Yes,NotPlaced
6017,8.5,2,3,2,88,4.8,Yes,Placed
6018,7.4,1,2,0,76,4.4,Yes,NotPlaced
6019,7.4,0,2,0,72,3.5,Yes,NotPlaced
6020,8,1,3,2,89,4.8,Yes,Placed
6021,8.1,0,1,1,84,4.6,No,NotPlaced
6022,7.2,0,2,0,77,3.7,Yes,NotPlaced
6023,7.6,1,1,0,72,4.2,Yes,NotPlaced
6024,7.8,1,3,0,89,4.6,Yes,Placed
6025,7.6,2,2,1,72,3.9,No,NotPlaced
6026,8,0,1,1,75,4.1,No,NotPlaced
6027,6.5,0,3,2,84,3.9,Yes,Placed
6028,7.1,0,1,1,69,3.7,No,NotPlaced
6029,6.8,1,2,0,82,4.4,Yes,Placed
6030,7.4,1,2,0,69,3.6,Yes,NotPlaced
6031,7.8,1,2,0,73,4.5,No,NotPlaced
6032,7.6,1,1,0,73,4.2,Yes,NotPlaced
6033,8.6,2,3,2,90,4.8,Yes,Placed
6034,7.5,2,3,2,90,4.1,Yes,Placed
6035,8.2,2,3,2,90,4.8,Yes,Placed
6036,6.5,0,1,0,62,4.1,No,NotPlaced
6037,7.4,1,3,0,88,4.1,Yes,NotPlaced
6038,7.6,1,1,0,74,3.8,No,NotPlaced
6039,8.1,0,3,2,79,4.3,Yes,Placed
6040,8.1,0,1,2,90,4.7,Yes,Placed
6041,8.8,1,3,2,84,4.2,Yes,Placed
6042,8.2,2,3,2,90,4.8,Yes,Placed
6043,8.4,2,3,2,89,4.8,Yes,Placed
6044,6.5,1,1,0,72,4.7,No,NotPlaced
6045,7.5,2,1,1,90,4.1,Yes,NotPlaced
6046,7.5,1,3,2,89,4.8,Yes,NotPlaced
6047,8.2,1,3,1,77,4.2,Yes,Placed
6048,7.6,0,1,1,79,4.2,Yes,NotPlaced
6049,6.7,0,1,0,65,4.3,Yes,NotPlaced
6050,7.8,0,1,0,74,4,No,NotPlaced
6051,6.6,1,1,0,63,3.7,No,NotPlaced
6052,8.1,2,3,2,88,4.4,No,Placed
6053,7.4,0,1,0,79,3.3,Yes,NotPlaced
6054,7.5,1,1,0,76,4.2,No,NotPlaced
6055,8.7,1,2,0,69,4.6,Yes,Placed
6056,7.6,1,3,1,79,3.9,Yes,Placed
6057,6.5,0,2,0,74,4.1,Yes,NotPlaced
6058,7.5,1,3,0,71,4.2,Yes,NotPlaced
6059,7.9,1,2,1,61,4.2,Yes,NotPlaced
6060,8.9,1,3,1,84,4.8,Yes,NotPlaced
6061,7.5,1,1,0,84,4.3,Yes,NotPlaced
6062,8.1,2,3,2,89,4.8,Yes,NotPlaced
6063,7.5,1,3,1,73,4,Yes,NotPlaced
6064,6.7,1,1,0,77,3.8,No,NotPlaced
6065,8.3,1,2,1,79,4.2,No,NotPlaced
6066,7.5,1,1,0,78,3.6,No,NotPlaced
6067,8.3,0,3,1,88,4.2,Yes,Placed
6068,8.4,1,3,2,85,4.6,Yes,Placed
6069,8.1,2,1,3,78,4.2,Yes,Placed
6070,6.9,1,1,0,79,4.7,No,NotPlaced
6071,7.3,1,2,0,80,4.2,No,NotPlaced
6072,7.5,0,2,0,68,4.1,Yes,NotPlaced
6073,6.7,1,1,0,79,4,No,NotPlaced
6074,6.8,0,3,1,74,4.5,Yes,Placed
6075,7.5,1,2,0,63,3.4,Yes,NotPlaced
6076,7.8,2,2,2,65,4.3,Yes,NotPlaced
6077,7.6,1,1,0,72,3.4,No,NotPlaced
6078,7.7,1,2,1,75,4.6,Yes,NotPlaced
6079,7.7,1,1,1,70,4.6,Yes,NotPlaced
6080,8.1,1,3,2,80,4.7,Yes,Placed
6081,8.9,2,3,2,90,4.8,Yes,Placed
6082,8.4,1,3,2,78,4.1,Yes,Placed
6083,8,2,3,2,86,4.7,Yes,Placed
6084,7.4,1,1,1,65,4.5,No,NotPlaced
6085,7.4,1,2,0,76,4,Yes,NotPlaced
6086,8.4,0,3,2,77,4.6,No,Placed
6087,8.1,2,3,2,90,4.8,Yes,Placed
6088,7.7,1,1,0,64,4.1,No,NotPlaced
6089,7.6,1,2,0,72,3.7,No,NotPlaced
6090,8.3,2,3,2,79,4.4,Yes,Placed
6091,7.6,1,1,0,71,4,No,NotPlaced
6092,7.5,2,2,2,85,4.6,Yes,Placed
6093,8,1,3,0,90,4.8,Yes,Placed
6094,8.1,1,2,2,77,3.3,Yes,NotPlaced
6095,8.5,1,3,2,89,4,Yes,NotPlaced
6096,8.2,2,2,0,86,4.5,Yes,Placed
6097,8.3,1,3,2,90,4.8,Yes,Placed
6098,7,1,1,1,69,4.6,Yes,NotPlaced
6099,7.5,1,1,0,72,4.3,No,NotPlaced
6100,7.6,1,2,2,77,4,Yes,NotPlaced
6101,8.4,2,3,2,90,4.6,Yes,Placed
6102,8,1,1,2,82,4.6,Yes,NotPlaced
6103,7.4,0,3,2,75,4.8,Yes,NotPlaced
6104,7.6,2,3,2,90,4.4,Yes,Placed
6105,6.7,1,1,1,71,4,Yes,NotPlaced
6106,8.1,2,3,1,79,3.9,Yes,Placed
6107,8.6,2,3,2,90,4.6,Yes,Placed
6108,7.8,0,3,1,87,4.4,Yes,NotPlaced
6109,7.8,1,1,1,75,3.8,No,NotPlaced
6110,8,1,3,2,87,4.8,Yes,NotPlaced
6111,7.6,1,1,0,69,3.4,Yes,NotPlaced
6112,7.5,2,3,0,87,4.6,No,Placed
6113,8.2,1,3,0,78,4.2,Yes,Placed
6114,8.3,1,3,2,89,4.8,Yes,Placed
6115,7.4,1,1,0,81,3.9,Yes,NotPlaced
6116,7.5,0,3,2,86,4.4,Yes,NotPlaced
6117,7.6,1,2,1,64,3.7,Yes,Placed
6118,7.9,1,3,1,67,4.4,No,NotPlaced
6119,7.5,1,3,0,71,4.7,No,NotPlaced
6120,7.8,1,3,0,90,3.7,Yes,NotPlaced
6121,8.1,2,3,2,87,4.8,Yes,NotPlaced
6122,8.1,2,1,0,76,4.3,No,NotPlaced
6123,7.4,1,1,1,78,4.8,Yes,NotPlaced
6124,7.5,0,1,1,64,3.7,Yes,NotPlaced
6125,8.2,2,3,2,90,4.8,Yes,Placed
6126,7.5,0,1,0,83,3.8,Yes,NotPlaced
6127,6.5,0,1,1,72,4.5,No,NotPlaced
6128,7.5,1,3,2,86,4.8,Yes,Placed
6129,7.6,1,1,0,71,4,Yes,NotPlaced
6130,8.1,1,3,2,90,4.8,Yes,Placed
6131,7.5,0,3,1,77,4.8,Yes,NotPlaced
6132,8.7,1,3,1,90,4,Yes,Placed
6133,6.5,0,1,0,74,4.1,No,NotPlaced
6134,8.4,2,3,2,90,4.8,Yes,Placed
6135,8,1,3,3,90,4.8,Yes,Placed
6136,6.5,1,1,1,69,4.2,No,Placed
6137,7.5,1,2,1,68,4,No,NotPlaced
6138,7.5,1,1,2,78,4.3,No,Placed
6139,7.3,1,1,1,60,4.6,Yes,NotPlaced
6140,8.1,2,3,2,90,4.8,Yes,Placed
6141,6.9,0,2,0,69,3.4,No,NotPlaced
6142,7,1,1,1,74,4.4,Yes,Placed
6143,7.9,1,3,3,86,4.5,Yes,Placed
6144,8.3,1,3,2,88,4.7,Yes,Placed
6145,7.7,1,1,0,90,4.6,No,Placed
6146,7.1,0,3,2,90,4.8,Yes,Placed
6147,8.4,2,3,0,90,4.8,Yes,Placed
6148,8.7,2,3,2,90,4.8,Yes,Placed
6149,7.7,2,3,2,90,4.8,Yes,Placed
6150,8.6,1,1,1,83,4.8,Yes,NotPlaced
6151,8.2,0,3,2,84,4.8,Yes,Placed
6152,8.6,1,1,0,81,4.3,Yes,NotPlaced
6153,7.6,1,2,2,79,4.1,No,NotPlaced
6154,7.9,1,3,0,83,4.3,Yes,NotPlaced
6155,6.5,0,1,1,80,3.4,Yes,NotPlaced
6156,8.3,1,3,2,89,4.7,Yes,Placed
6157,7.8,1,2,0,86,4.6,Yes,NotPlaced
6158,6.9,1,2,1,88,4.6,Yes,NotPlaced
6159,6.9,0,3,1,87,4.6,Yes,NotPlaced
6160,8.2,1,3,2,90,4.7,Yes,Placed
6161,7.7,1,2,1,79,4.6,Yes,NotPlaced
6162,8.3,2,1,2,83,4.8,Yes,Placed
6163,8.5,2,3,2,90,4.8,Yes,Placed
6164,8.4,1,1,0,75,4.8,No,NotPlaced
6165,7.5,1,2,0,74,4.2,No,NotPlaced
6166,8.6,1,2,0,75,3.9,Yes,Placed
6167,8.4,2,3,2,90,4.6,Yes,Placed
6168,6.5,0,3,0,81,3.8,Yes,NotPlaced
6169,6.9,1,1,1,70,4.5,No,NotPlaced
6170,7.7,1,3,2,76,4.8,Yes,Placed
6171,8.3,2,1,1,77,4.1,Yes,NotPlaced
6172,8.4,1,3,2,90,4.5,Yes,Placed
6173,7.6,1,1,0,79,3.7,Yes,Placed
6174,8.6,0,3,2,90,4.8,No,Placed
6175,8.2,0,3,0,87,4.8,Yes,Placed
6176,6.5,1,1,2,85,4.5,Yes,Placed
6177,7.7,2,2,2,90,4.8,Yes,Placed
6178,7.6,1,1,2,85,4.3,Yes,Placed
6179,7.7,1,3,2,90,4.5,Yes,Placed
6180,7.6,2,1,1,66,3.7,No,NotPlaced
6181,8.7,1,2,1,76,4.2,Yes,Placed
6182,6.5,0,2,2,66,4,Yes,NotPlaced
6183,7.6,1,1,0,67,3.6,Yes,NotPlaced
6184,7.9,1,3,1,82,4.5,Yes,Placed
6185,7.6,1,2,1,79,4.3,Yes,NotPlaced
6186,7.6,1,3,0,70,3.9,Yes,NotPlaced
6187,8.3,1,2,1,72,4.7,Yes,NotPlaced
6188,8.8,1,3,2,90,4.8,Yes,Placed
6189,7.6,1,1,1,76,4,Yes,NotPlaced
6190,7.8,1,1,1,83,4.2,Yes,NotPlaced
6191,7.5,1,2,0,80,4.3,No,NotPlaced
6192,6.8,0,3,0,70,3.9,Yes,NotPlaced
6193,8.4,1,3,0,85,4.6,Yes,Placed
6194,8.6,1,3,2,90,4.7,Yes,Placed
6195,8.1,2,3,2,90,4.5,Yes,Placed
6196,7.7,1,2,1,68,4.5,Yes,NotPlaced
6197,6.5,0,1,0,76,4,No,NotPlaced
6198,7.7,1,1,0,72,4.1,No,Placed
6199,7.1,2,1,1,81,4.6,Yes,NotPlaced
6200,7.7,2,3,2,76,4.8,Yes,Placed
6201,6.5,2,1,0,76,3.7,Yes,NotPlaced
6202,6.7,0,1,1,64,4.4,Yes,NotPlaced
6203,8.3,0,3,1,87,3.8,Yes,Placed
6204,8.6,0,3,0,82,4.6,Yes,Placed
6205,8.4,1,3,1,75,4.8,Yes,NotPlaced
6206,8.3,1,1,2,82,4.3,No,NotPlaced
6207,8.4,0,3,2,86,4.8,Yes,Placed
6208,8.5,2,1,2,85,4.7,Yes,Placed
6209,6.8,0,1,0,70,3.9,Yes,NotPlaced
6210,7.7,2,2,1,81,4.8,No,Placed
6211,7.4,1,3,0,82,4.1,Yes,Placed
6212,8.7,2,3,2,90,4.8,Yes,Placed
6213,7.7,1,3,0,89,4.6,Yes,Placed
6214,7.4,1,1,1,76,4,Yes,NotPlaced
6215,8.6,1,2,2,73,4.8,No,Placed
6216,8,1,2,1,73,3.8,Yes,NotPlaced
6217,7.4,0,1,0,65,4.2,No,NotPlaced
6218,8.1,1,1,0,86,3.8,No,NotPlaced
6219,6.8,1,1,0,74,4,No,NotPlaced
6220,7.8,0,3,0,70,4.6,Yes,Placed
6221,7.6,1,1,1,71,4.5,No,Placed
6222,7.8,1,3,1,79,4.2,No,NotPlaced
6223,8.4,2,3,2,89,4.5,Yes,Placed
6224,6.8,1,2,0,74,4.3,Yes,NotPlaced
6225,7.5,1,1,2,68,3.9,Yes,NotPlaced
6226,7.4,1,2,1,75,4.6,Yes,NotPlaced
6227,6.6,1,1,2,72,4.8,No,NotPlaced
6228,7.5,1,2,1,65,4.1,No,NotPlaced
6229,7.7,2,3,0,73,4.6,No,NotPlaced
6230,7,1,3,0,74,4.6,Yes,NotPlaced
6231,7.6,1,1,1,65,3.5,No,NotPlaced
6232,7.7,1,1,2,80,4.5,Yes,NotPlaced
6233,8.6,1,2,2,90,4.8,Yes,Placed
6234,6.5,1,1,1,68,3.9,Yes,NotPlaced
6235,7.3,2,3,2,90,4.3,Yes,NotPlaced
6236,7.8,1,2,0,81,4.1,Yes,Placed
6237,7.8,1,3,0,82,3.9,No,NotPlaced
6238,7.4,1,2,0,78,4.1,Yes,NotPlaced
6239,8.5,2,3,2,83,4.8,Yes,Placed
6240,8.1,1,3,2,82,4.8,Yes,Placed
6241,8.6,2,2,2,81,4.6,Yes,Placed
6242,8.2,1,1,1,73,3.9,No,NotPlaced
6243,7.4,1,1,1,84,4.1,Yes,NotPlaced
6244,7.4,1,2,1,83,3.9,Yes,NotPlaced
6245,8.1,2,3,2,83,4.6,Yes,Placed
6246,8.4,2,3,0,90,4.2,Yes,Placed
6247,8.2,1,3,1,88,4.5,Yes,Placed
6248,8.2,0,2,2,78,4.1,No,NotPlaced
6249,8.1,2,3,2,89,4.5,Yes,Placed
6250,7.5,1,1,0,68,4.1,No,NotPlaced
6251,7.5,0,1,1,71,4.5,Yes,NotPlaced
6252,8.2,0,3,2,87,4.8,No,Placed
6253,7.6,0,1,0,80,3.9,No,NotPlaced
6254,7.5,1,2,0,81,3.6,Yes,Placed
6255,6.6,0,1,1,60,3.9,No,NotPlaced
6256,6.6,1,1,0,61,3,No,NotPlaced
6257,8.4,1,3,2,83,4.8,Yes,NotPlaced
6258,8.7,2,3,0,80,4.7,Yes,Placed
6259,7.5,0,1,0,72,4,Yes,NotPlaced
6260,7.4,1,2,2,69,3.8,Yes,NotPlaced
6261,7,0,1,0,62,4.7,Yes,NotPlaced
6262,8,1,2,2,87,4.6,Yes,Placed
6263,8.2,0,1,2,79,4.4,Yes,Placed
6264,7.8,2,1,1,71,4.3,Yes,Placed
6265,7.5,1,1,1,70,4.1,Yes,NotPlaced
6266,8.7,0,3,0,72,4.7,No,NotPlaced
6267,7.6,1,1,0,73,3.1,Yes,NotPlaced
6268,7.6,1,1,1,85,4.3,Yes,NotPlaced
6269,6.5,2,2,1,61,3.5,No,NotPlaced
6270,6.5,0,2,0,69,4.5,No,NotPlaced
6271,7.4,1,1,0,65,3.7,Yes,NotPlaced
6272,7.5,1,1,0,67,4.2,No,NotPlaced
6273,8.5,2,3,2,90,4.8,Yes,Placed
6274,8,2,3,2,90,4.2,Yes,Placed
6275,8.2,2,3,2,90,4.8,Yes,Placed
6276,7.7,1,2,0,82,4.1,Yes,NotPlaced
6277,8.5,2,3,2,90,4.8,No,Placed
6278,8,0,3,1,83,3.7,Yes,NotPlaced
6279,7.2,0,2,1,77,4,Yes,NotPlaced
6280,7.6,1,3,0,90,4.8,Yes,Placed
6281,7.7,1,2,0,75,4.5,Yes,NotPlaced
6282,7.5,2,1,0,72,3.6,Yes,NotPlaced
6283,7.6,1,1,0,78,4.8,Yes,NotPlaced
6284,7.4,0,1,2,79,3.5,Yes,NotPlaced
6285,6.5,1,1,0,78,3.6,Yes,NotPlaced
6286,6.5,1,1,1,70,3.3,Yes,NotPlaced
6287,7,1,1,1,70,4,No,NotPlaced
6288,8.1,1,1,0,76,3.4,Yes,Placed
6289,8.1,2,3,2,84,4.1,Yes,Placed
6290,7.8,1,2,1,76,4.4,Yes,Placed
6291,7.3,1,1,3,83,4.5,Yes,Placed
6292,6.5,1,1,0,86,3.9,Yes,NotPlaced
6293,6.5,1,1,1,73,3.9,No,NotPlaced
6294,7.8,1,3,2,83,4.8,Yes,Placed
6295,7.5,1,3,1,78,4.3,Yes,NotPlaced
6296,6.5,1,1,0,69,3.9,No,NotPlaced
6297,7.6,1,2,1,90,3.8,Yes,NotPlaced
6298,8.2,1,2,1,77,4.5,Yes,NotPlaced
6299,8.4,2,1,1,87,4.2,Yes,NotPlaced
6300,8.1,2,2,0,72,4.2,Yes,Placed
6301,8,1,1,0,75,3.6,Yes,Placed
6302,7.5,2,3,2,85,4.3,No,NotPlaced
6303,8.4,0,3,2,80,4.8,Yes,Placed
6304,8.4,2,3,2,90,4.8,Yes,Placed
6305,7.5,1,3,0,83,4.6,Yes,NotPlaced
6306,8.2,2,3,2,90,4.8,Yes,Placed
6307,7.6,1,3,0,75,3.9,Yes,Placed
6308,8.9,1,3,2,90,4.3,Yes,Placed
6309,6.6,2,2,0,80,4.8,Yes,NotPlaced
6310,8.1,2,3,2,90,4.8,Yes,Placed
6311,6.8,1,1,0,60,4,Yes,NotPlaced
6312,7.7,0,1,1,67,3.8,No,NotPlaced
6313,7.4,1,1,0,68,4.4,No,NotPlaced
6314,8.5,2,3,2,90,4.7,Yes,Placed
6315,7.3,0,1,0,78,3.3,No,NotPlaced
6316,8.1,0,3,0,88,4.7,No,Placed
6317,6.5,1,1,1,60,4,No,NotPlaced
6318,6.5,1,1,0,72,4.2,Yes,NotPlaced
6319,7.7,0,1,1,83,3.7,Yes,NotPlaced
6320,6.5,1,1,0,87,4.3,No,NotPlaced
6321,7,1,1,0,86,4,Yes,Placed
6322,8,0,3,2,74,4.7,Yes,Placed
6323,7.7,2,1,0,74,3.6,Yes,NotPlaced
6324,7.3,1,1,1,79,3.4,Yes,NotPlaced
6325,8.3,1,1,1,70,4.3,No,NotPlaced
6326,6.7,1,1,2,80,4.4,Yes,Placed
6327,8,0,0,1,85,4.8,Yes,NotPlaced
6328,7.6,0,1,0,72,4,Yes,NotPlaced
6329,7.6,1,2,1,86,4.2,No,NotPlaced
6330,7.7,1,1,3,71,3.6,No,NotPlaced
6331,7.5,1,1,3,79,4.5,No,NotPlaced
6332,8.6,1,3,3,81,3.9,Yes,Placed
6333,7.6,1,2,2,81,4.7,Yes,Placed
6334,7.5,0,2,0,69,4.3,No,NotPlaced
6335,7.6,1,2,1,75,4.1,Yes,NotPlaced
6336,7,1,1,1,73,4.3,Yes,NotPlaced
6337,7.8,1,2,2,90,4.8,Yes,Placed
6338,8.5,2,3,2,90,4.8,No,Placed
6339,8.1,1,2,0,80,4,Yes,Placed
6340,6.5,1,3,2,78,4.3,Yes,NotPlaced
6341,8.5,1,3,2,88,4.6,Yes,Placed
6342,7.4,1,2,2,84,4.2,Yes,NotPlaced
6343,7.8,1,2,1,84,4.7,No,NotPlaced
6344,7.5,1,2,0,66,3.8,No,NotPlaced
6345,8.4,1,3,2,90,4.8,No,NotPlaced
6346,8.1,1,3,0,61,3.9,Yes,NotPlaced
6347,6.8,1,2,0,82,4.4,Yes,Placed
6348,7.7,1,1,0,85,3.9,No,Placed
6349,8.6,2,3,2,88,4.7,Yes,NotPlaced
6350,7.6,1,1,1,82,4,Yes,NotPlaced
6351,7.9,1,3,2,80,4.8,Yes,Placed
6352,8.7,0,2,0,81,4.7,Yes,Placed
6353,7.4,0,1,0,82,4.1,Yes,NotPlaced
6354,6.7,0,1,0,79,4.2,No,NotPlaced
6355,7.3,1,1,0,74,3.7,No,NotPlaced
6356,8.2,1,3,2,90,4.4,Yes,NotPlaced
6357,7.6,0,1,1,70,3.9,No,Placed
6358,7.6,1,1,1,77,4.2,Yes,NotPlaced
6359,6.7,1,1,0,90,4.3,No,Placed
6360,8.3,1,2,0,81,3.6,Yes,NotPlaced
6361,6.5,1,2,0,79,4.4,Yes,Placed
6362,8,1,3,2,90,4.8,Yes,Placed
6363,8.8,2,3,2,90,4.8,Yes,Placed
6364,8.4,0,3,0,90,4.3,No,Placed
6365,7.9,1,2,0,74,4.1,Yes,NotPlaced
6366,7.6,0,2,1,80,4.6,Yes,NotPlaced
6367,7.3,0,1,0,85,4.2,Yes,NotPlaced
6368,6.7,1,3,1,78,4.1,Yes,Placed
6369,7.6,1,2,0,82,4.2,Yes,NotPlaced
6370,7.3,0,2,0,83,4.2,Yes,NotPlaced
6371,8.5,2,3,0,82,4.4,Yes,Placed
6372,8.7,1,3,2,90,4.8,Yes,Placed
6373,7.7,1,3,0,81,4.8,Yes,Placed
6374,6.5,1,1,0,65,4.1,No,NotPlaced
6375,8.2,1,3,2,90,4.8,Yes,Placed
6376,6.5,0,1,0,74,3.5,Yes,Placed
6377,7.5,1,1,0,79,4.3,No,NotPlaced
6378,7.4,1,1,1,67,3.1,Yes,NotPlaced
6379,8.1,1,3,0,82,4.4,Yes,NotPlaced
6380,7.6,0,2,0,74,4,Yes,Placed
6381,6.6,1,1,1,60,3.3,No,NotPlaced
6382,7.4,1,2,0,84,4.1,Yes,NotPlaced
6383,8.9,2,3,2,80,4.4,Yes,Placed
6384,6.5,1,2,1,70,3.9,Yes,NotPlaced
6385,8.4,2,3,2,90,4.7,Yes,Placed
6386,8.2,2,3,2,87,4.7,Yes,Placed
6387,6.5,0,1,0,69,4.4,No,NotPlaced
6388,7,1,3,0,82,4.7,Yes,Placed
6389,6.5,2,2,0,77,3.8,No,Placed
6390,6.5,1,1,0,86,3.4,Yes,NotPlaced
6391,8.6,1,1,1,83,3,No,NotPlaced
6392,8.2,1,3,2,87,4.6,Yes,Placed
6393,7.5,1,1,0,64,3.5,No,NotPlaced
6394,7.4,1,1,0,67,4.4,Yes,NotPlaced
6395,7.4,1,1,0,71,3.9,No,NotPlaced
6396,8.6,2,3,2,86,4.3,Yes,Placed
6397,6.7,1,2,1,81,3.8,No,NotPlaced
6398,8.6,2,3,2,76,4.8,Yes,NotPlaced
6399,7.7,2,2,0,71,4.3,Yes,Placed
6400,6.5,2,2,0,79,4.1,No,NotPlaced
6401,6.5,1,1,1,82,3.9,Yes,NotPlaced
6402,8.2,1,3,2,83,4.5,Yes,Placed
6403,7.7,0,3,0,74,4.2,Yes,Placed
6404,8,2,3,2,71,4.1,Yes,NotPlaced
6405,6.5,0,2,1,87,4.8,Yes,Placed
6406,7.7,1,2,2,78,4.2,Yes,Placed
6407,8.1,1,2,3,85,4.6,Yes,NotPlaced
6408,6.8,1,1,0,74,4.3,Yes,NotPlaced
6409,7.9,1,1,2,80,4.1,Yes,NotPlaced
6410,7.5,0,2,0,72,4.3,No,NotPlaced
6411,7.4,0,2,1,80,4.1,No,NotPlaced
6412,6.9,1,1,1,75,3.7,Yes,NotPlaced
6413,7.5,1,1,0,67,3.8,No,NotPlaced
6414,7.9,2,3,2,90,4.7,Yes,Placed
6415,7.9,2,3,2,90,4.3,Yes,Placed
6416,8.2,0,2,1,83,4.8,Yes,NotPlaced
6417,7.6,1,3,2,75,4.3,No,NotPlaced
6418,8.3,1,3,1,88,4.8,Yes,Placed
6419,9,0,1,1,70,3.5,No,Placed
6420,7.7,0,1,1,75,3.6,Yes,NotPlaced
6421,8.2,0,3,0,84,4.6,Yes,NotPlaced
6422,7.4,1,1,0,83,4.4,Yes,NotPlaced
6423,8.2,1,3,0,90,4.7,Yes,Placed
6424,8.1,1,3,2,82,4.3,Yes,Placed
6425,8.2,2,3,2,90,4.8,Yes,NotPlaced
6426,7.7,1,1,0,78,3.2,No,NotPlaced
6427,7.4,1,3,1,85,3.7,Yes,Placed
6428,8.2,2,3,2,90,4.8,Yes,Placed
6429,8.3,0,3,2,84,4.4,Yes,Placed
6430,8.5,1,1,2,77,4.6,Yes,Placed
6431,8.4,2,3,3,90,4.8,No,NotPlaced
6432,8.1,1,3,2,88,4.8,Yes,NotPlaced
6433,6.5,1,3,0,77,4.4,No,NotPlaced
6434,6.5,1,1,0,70,3.8,Yes,Placed
6435,7.6,0,1,0,67,3.8,No,NotPlaced
6436,6.5,1,1,1,73,3.4,No,NotPlaced
6437,8.3,1,3,2,79,4.4,No,NotPlaced
6438,7.2,2,2,0,88,4.8,Yes,NotPlaced
6439,7.9,2,3,2,90,4.7,Yes,Placed
6440,8.3,1,3,2,89,4.4,Yes,Placed
6441,7.7,0,2,0,72,3.6,Yes,NotPlaced
6442,8.9,2,3,2,85,4.8,Yes,Placed
6443,8.6,0,3,1,87,4.6,Yes,NotPlaced
6444,7.4,1,1,1,71,3.3,No,NotPlaced
6445,9,2,3,3,83,4.8,Yes,Placed
6446,6.5,1,3,0,80,4.3,Yes,NotPlaced
6447,7.7,1,2,0,71,4,Yes,NotPlaced
6448,7.6,1,2,0,88,4.7,Yes,Placed
6449,7.3,1,1,1,70,4.5,Yes,NotPlaced
6450,8.5,1,3,3,87,4.3,Yes,Placed
6451,8.3,1,3,2,86,4.8,No,NotPlaced
6452,8.4,2,3,2,90,4.6,Yes,NotPlaced
6453,6.5,0,1,1,80,3.7,Yes,Placed
6454,8.1,1,1,0,69,4,Yes,NotPlaced
6455,8.6,2,3,1,90,4.8,Yes,Placed
6456,7.6,1,1,1,68,4.3,Yes,NotPlaced
6457,8.7,1,2,1,74,4.2,Yes,Placed
6458,6.5,1,2,0,74,4.1,Yes,NotPlaced
6459,7.4,2,3,2,80,4.6,Yes,NotPlaced
6460,7.4,1,1,1,71,4.3,Yes,NotPlaced
6461,8.5,1,2,3,80,4.3,Yes,NotPlaced
6462,8.3,2,3,2,83,4.2,Yes,NotPlaced
6463,8.4,2,3,1,76,4.8,Yes,NotPlaced
6464,6.7,1,3,0,87,4.4,Yes,NotPlaced
6465,7.4,1,1,0,70,3.1,No,NotPlaced
6466,8.1,1,3,0,72,4,Yes,Placed
6467,7.6,1,1,0,83,4.8,Yes,NotPlaced
6468,7,1,3,0,84,4.8,Yes,Placed
6469,7.5,1,3,0,80,4,Yes,NotPlaced
6470,7.7,0,1,1,90,4.4,Yes,NotPlaced
6471,8.1,2,3,2,86,3.8,Yes,Placed
6472,8.1,0,2,1,79,4.3,Yes,NotPlaced
6473,7.8,2,3,3,80,4.4,Yes,Placed
6474,8.4,1,3,0,88,4.7,Yes,Placed
6475,6.8,1,1,0,90,4.5,Yes,NotPlaced
6476,8.4,1,3,2,77,4.5,Yes,Placed
6477,8.5,2,3,2,90,4.8,Yes,Placed
6478,8.3,1,3,1,82,4.4,Yes,Placed
6479,7.5,1,3,2,90,4.8,Yes,Placed
6480,7.5,0,3,0,88,4.4,Yes,NotPlaced
6481,8.2,1,3,2,81,4.3,Yes,Placed
6482,7.4,1,1,0,71,4.7,Yes,NotPlaced
6483,7.4,1,1,0,64,4.2,Yes,NotPlaced
6484,6.5,0,1,1,60,4.1,No,NotPlaced
6485,7.6,1,1,1,70,3.8,Yes,Placed
6486,8.4,1,3,2,90,4.8,Yes,Placed
6487,7.5,1,1,2,68,3.7,Yes,NotPlaced
6488,8.2,1,3,0,68,3.8,Yes,Placed
6489,6.8,0,2,0,80,4.3,No,Placed
6490,6.9,1,1,0,69,4,Yes,NotPlaced
6491,7.7,2,3,2,90,4.8,Yes,Placed
6492,8.2,1,1,2,79,4.8,Yes,NotPlaced
6493,8,0,2,0,76,3.8,Yes,NotPlaced
6494,8.4,1,2,1,76,4,Yes,Placed
6495,7.6,1,2,2,73,4.7,Yes,NotPlaced
6496,7.8,1,1,1,78,4.2,No,NotPlaced
6497,7.7,1,2,0,78,3.9,Yes,NotPlaced
6498,7.2,0,1,1,76,4.2,No,NotPlaced
6499,6.6,1,2,0,76,3.8,No,NotPlaced
6500,6.9,2,3,2,86,4.8,Yes,Placed
6501,7.9,0,1,1,69,3.6,Yes,NotPlaced
6502,8.4,2,3,0,90,4.8,Yes,Placed
6503,6.8,1,1,0,83,3.9,No,NotPlaced
6504,7.7,0,2,0,90,4.4,Yes,Placed
6505,7.6,1,1,0,77,4.4,Yes,NotPlaced
6506,8.2,2,2,2,78,4,No,NotPlaced
6507,7.7,1,1,0,74,4.5,No,NotPlaced
6508,7.1,1,1,1,76,4.3,Yes,NotPlaced
6509,8.4,1,1,1,74,3.7,Yes,Placed
6510,6.6,1,1,1,81,4,No,NotPlaced
6511,8.5,2,3,2,90,4.6,Yes,Placed
6512,8.8,2,3,2,90,4.7,Yes,Placed
6513,8.3,1,3,0,90,4.8,Yes,Placed
6514,7.7,1,1,0,78,3.9,Yes,NotPlaced
6515,6.5,0,3,0,77,4,No,NotPlaced
6516,7.5,2,1,1,80,4.3,Yes,NotPlaced
6517,7.9,1,3,2,88,4.6,Yes,Placed
6518,8.1,2,3,2,90,4.4,No,NotPlaced
6519,7.6,0,1,1,72,3.7,Yes,NotPlaced
6520,7.8,2,3,2,81,4.8,Yes,NotPlaced
6521,6.5,0,2,0,73,4.1,No,NotPlaced
6522,7.5,0,3,0,89,3.9,Yes,Placed
6523,6.5,2,3,2,66,4.7,No,NotPlaced
6524,7.4,1,2,0,81,4.3,Yes,NotPlaced
6525,7.9,1,2,0,75,3.9,Yes,NotPlaced
6526,6.7,0,3,1,88,4.1,No,NotPlaced
6527,8.1,2,3,2,90,4.8,Yes,Placed
6528,8,1,2,1,85,4.5,Yes,NotPlaced
6529,7.5,0,2,1,82,4.8,Yes,Placed
6530,7.6,1,3,1,74,4.3,Yes,Placed
6531,8.4,2,3,2,88,4.5,Yes,Placed
6532,7.5,1,2,0,64,3.4,Yes,NotPlaced
6533,7.3,1,1,0,65,3.3,Yes,NotPlaced
6534,7.6,1,1,1,66,3.6,Yes,NotPlaced
6535,7.5,1,2,0,81,4.3,Yes,NotPlaced
6536,7.9,1,3,2,83,4.8,Yes,NotPlaced
6537,8.6,1,2,2,81,4.3,Yes,Placed
6538,6.8,1,1,1,81,4.2,Yes,NotPlaced
6539,8.3,2,3,2,84,4.3,Yes,NotPlaced
6540,7.5,1,2,1,74,4.2,No,NotPlaced
6541,7.2,1,1,0,71,3.8,Yes,NotPlaced
6542,7.6,1,3,3,82,4.8,No,NotPlaced
6543,8.6,2,3,2,90,4.8,Yes,Placed
6544,6.5,1,2,1,68,4.5,Yes,NotPlaced
6545,8,1,1,2,86,4.6,Yes,NotPlaced
6546,8.4,0,2,1,70,4,No,NotPlaced
6547,7.4,1,2,0,70,4.1,No,NotPlaced
6548,7.7,0,1,0,82,4.7,Yes,NotPlaced
6549,7.1,0,2,2,89,4.2,Yes,Placed
6550,6.9,0,1,0,72,4.6,Yes,NotPlaced
6551,6.7,0,1,1,60,4.5,No,NotPlaced
6552,8,1,2,1,71,4.1,Yes,NotPlaced
6553,8.1,1,3,3,85,4.8,Yes,Placed
6554,8.5,1,3,2,78,4.8,Yes,Placed
6555,7.7,1,2,1,74,4.8,Yes,NotPlaced
6556,8.4,1,3,3,89,4.8,Yes,Placed
6557,7.1,1,2,2,74,4.3,Yes,NotPlaced
6558,6.9,0,2,0,71,4,Yes,NotPlaced
6559,8.3,2,3,2,90,4.8,Yes,NotPlaced
6560,8.3,2,3,2,86,4.8,Yes,Placed
6561,8.5,2,3,2,87,4.1,Yes,Placed
6562,6.5,1,1,2,74,4.7,Yes,NotPlaced
6563,8.6,2,3,2,90,4.8,Yes,Placed
6564,7.8,1,3,2,77,4.2,No,NotPlaced
6565,8,0,3,2,90,4.8,Yes,Placed
6566,8.3,2,3,2,90,4.8,Yes,Placed
6567,8.3,2,3,2,84,4.5,No,Placed
6568,7.7,2,3,0,90,4.7,No,NotPlaced
6569,6.5,1,1,0,73,3.6,No,NotPlaced
6570,8.7,2,3,2,88,4.8,Yes,Placed
6571,7.5,1,1,0,74,3.4,Yes,NotPlaced
6572,7.4,1,3,1,82,4.4,No,NotPlaced
6573,7.4,1,2,1,79,4.1,Yes,NotPlaced
6574,7.6,1,1,2,74,4.3,Yes,Placed
6575,8.2,0,3,2,90,4.4,Yes,Placed
6576,8.2,2,3,2,90,4.8,Yes,Placed
6577,8.8,0,3,2,77,4.5,Yes,Placed
6578,7.6,0,1,0,78,4.8,No,NotPlaced
6579,7.5,0,3,2,90,4.7,Yes,Placed
6580,7.8,1,2,1,74,4.3,No,NotPlaced
6581,8.4,1,3,0,80,4.7,Yes,Placed
6582,7.9,0,1,0,89,4.8,Yes,Placed
6583,7.6,0,2,2,90,4.6,Yes,Placed
6584,7.5,1,1,2,72,4.3,No,NotPlaced
6585,8,1,1,1,76,3.8,Yes,NotPlaced
6586,8.4,1,3,0,63,4.3,Yes,NotPlaced
6587,7.4,1,2,1,67,3.6,Yes,NotPlaced
6588,8.4,1,3,2,90,4.8,Yes,Placed
6589,7.5,1,1,1,71,4,No,NotPlaced
6590,8.2,1,1,1,88,4.8,Yes,Placed
6591,7.7,1,3,1,90,4.6,Yes,Placed
6592,8.3,1,2,2,85,4.6,Yes,Placed
6593,7.6,0,3,1,86,4.7,No,Placed
6594,8.6,2,2,2,87,4.8,Yes,Placed
6595,8.1,1,2,1,83,4.6,Yes,NotPlaced
6596,8.1,1,3,2,90,4.6,Yes,Placed
6597,8.5,1,3,2,85,4.3,Yes,Placed
6598,7.5,1,1,0,82,3.3,Yes,NotPlaced
6599,7.9,1,1,0,81,4.2,Yes,NotPlaced
6600,7.5,0,2,0,72,4.1,Yes,NotPlaced
6601,6.9,1,1,1,77,4.4,Yes,Placed
6602,7.5,1,3,1,77,4.8,Yes,Placed
6603,8.2,2,3,2,90,4.8,Yes,Placed
6604,7.6,1,2,1,73,3.9,No,NotPlaced
6605,8.3,1,3,2,90,4.6,Yes,Placed
6606,8.6,2,3,2,90,4.8,Yes,NotPlaced
6607,8.5,2,3,3,76,4.7,Yes,Placed
6608,7.9,2,2,0,90,3.6,Yes,NotPlaced
6609,8.5,1,3,2,90,4.8,Yes,NotPlaced
6610,7,1,1,0,69,4.1,No,NotPlaced
6611,7.7,0,3,2,87,4.8,Yes,Placed
6612,8.6,1,3,2,82,4.8,Yes,Placed
6613,8.1,1,3,0,90,4.5,Yes,NotPlaced
6614,7.7,1,2,0,79,4.7,Yes,Placed
6615,6.5,1,1,1,81,4.3,Yes,NotPlaced
6616,6.7,1,2,1,64,3.1,Yes,NotPlaced
6617,7,1,1,2,80,4.1,No,Placed
6618,8.6,1,3,2,90,4.7,Yes,Placed
6619,6.8,1,3,0,80,4.4,No,NotPlaced
6620,7.2,0,1,1,68,4.3,Yes,NotPlaced
6621,7.5,1,1,1,90,4.6,Yes,Placed
6622,7,1,1,0,71,4.1,Yes,NotPlaced
6623,8.6,1,2,0,85,4.2,Yes,Placed
6624,7.6,1,1,1,78,4,Yes,NotPlaced
6625,8.5,1,2,1,60,4.8,No,NotPlaced
6626,8.1,0,3,2,90,4.8,Yes,Placed
6627,8.4,1,2,2,72,4,Yes,Placed
6628,8.2,2,3,2,90,4.8,Yes,NotPlaced
6629,7.3,2,1,1,87,4.2,No,NotPlaced
6630,8.4,2,3,2,90,4.8,Yes,Placed
6631,7.3,1,1,1,76,4.5,Yes,NotPlaced
6632,7.4,0,2,0,85,4.4,No,NotPlaced
6633,6.6,1,2,0,79,3.6,No,NotPlaced
6634,8.6,1,2,1,67,4,Yes,NotPlaced
6635,8.7,1,2,2,86,4.8,Yes,Placed
6636,8,1,2,0,80,4.4,No,NotPlaced
6637,7.6,1,3,1,71,4.8,Yes,NotPlaced
6638,7.6,1,3,0,78,3.9,Yes,Placed
6639,8.2,1,3,1,82,4,Yes,NotPlaced
6640,7.5,1,2,0,65,4.4,No,NotPlaced
6641,8.3,2,3,2,88,4.4,Yes,Placed
6642,6.7,0,1,0,69,4.5,No,NotPlaced
6643,7.5,1,1,1,80,4.5,Yes,NotPlaced
6644,8.3,2,1,0,81,4.3,Yes,NotPlaced
6645,7.4,1,1,0,61,4.1,Yes,Placed
6646,8.2,2,3,0,83,4.3,Yes,Placed
6647,8.5,2,3,2,78,4.8,Yes,Placed
6648,8.3,1,2,1,77,4.2,Yes,NotPlaced
6649,6.7,1,1,0,78,3.7,Yes,NotPlaced
6650,8.1,1,3,2,88,4.2,Yes,NotPlaced
6651,8.4,1,3,3,75,4.7,Yes,NotPlaced
6652,8,1,1,0,82,3.3,No,NotPlaced
6653,8.2,1,0,0,85,4.8,Yes,Placed
6654,7.6,1,1,1,60,4.4,Yes,NotPlaced
6655,8.3,1,3,2,83,4.7,No,Placed
6656,8,1,1,0,83,4.8,Yes,NotPlaced
6657,7.5,1,1,1,81,4,No,NotPlaced
6658,7.8,1,2,0,90,4.8,Yes,NotPlaced
6659,8.5,1,1,1,71,4,Yes,NotPlaced
6660,7.8,2,1,2,83,4.3,Yes,NotPlaced
6661,7.8,1,2,1,67,4.4,Yes,NotPlaced
6662,7.6,2,3,0,81,3.9,Yes,Placed
6663,8.4,0,3,2,88,4.7,Yes,Placed
6664,7.4,1,3,1,78,4.3,Yes,NotPlaced
6665,7.4,1,1,0,69,4.3,Yes,Placed
6666,7.3,0,2,0,83,4.5,No,NotPlaced
6667,7.1,1,3,2,72,3.8,No,NotPlaced
6668,6.6,1,2,0,77,4.4,Yes,NotPlaced
6669,8.1,2,3,2,90,4.8,Yes,Placed
6670,8.5,2,3,2,90,4.8,No,Placed
6671,8.4,1,3,0,88,4.1,Yes,Placed
6672,8.3,2,1,0,79,4,Yes,Placed
6673,7.7,1,3,0,81,4.8,Yes,NotPlaced
6674,7.7,1,1,0,66,3.6,Yes,NotPlaced
6675,7.6,1,1,1,70,4.4,Yes,NotPlaced
6676,6.5,1,1,1,64,3.5,No,NotPlaced
6677,8.1,2,3,2,90,4.7,Yes,Placed
6678,8.6,2,3,1,88,4.8,Yes,Placed
6679,8,1,3,2,90,4,Yes,Placed
6680,8.5,2,3,2,85,4.8,Yes,Placed
6681,7.9,0,3,2,90,4.6,Yes,Placed
6682,8,0,3,2,79,4.6,No,Placed
6683,8.4,1,3,2,82,4.6,Yes,NotPlaced
6684,8.2,1,3,0,83,4.4,Yes,Placed
6685,8.4,1,3,2,86,4.4,No,NotPlaced
6686,8.6,1,3,2,90,4.8,Yes,NotPlaced
6687,7.4,1,1,0,72,4.3,No,NotPlaced
6688,7.9,1,3,0,77,4.1,Yes,NotPlaced
6689,7.6,2,3,2,89,4.7,Yes,Placed
6690,8.5,1,3,0,85,4.8,Yes,Placed
6691,8.3,2,3,2,86,4.8,Yes,Placed
6692,7.4,1,1,0,76,4.3,No,NotPlaced
6693,7.4,1,2,2,78,4.4,Yes,NotPlaced
6694,7.7,1,2,0,75,3.7,Yes,NotPlaced
6695,8.7,1,3,2,90,4.8,Yes,Placed
6696,8.2,0,3,2,85,4.8,Yes,Placed
6697,7.8,1,1,0,70,4,Yes,NotPlaced
6698,7.6,1,1,0,77,4.1,Yes,Placed
6699,8.2,2,3,2,90,4.7,Yes,Placed
6700,6.5,2,1,0,87,4.4,No,NotPlaced
6701,8.2,2,3,2,90,4.8,Yes,Placed
6702,8.6,0,1,0,66,4.4,Yes,NotPlaced
6703,7.8,2,3,2,90,4.8,Yes,Placed
6704,8.1,0,1,1,77,4.1,No,NotPlaced
6705,8.2,1,1,1,64,3.7,No,NotPlaced
6706,8.2,1,3,2,89,4.7,Yes,NotPlaced
6707,8.4,1,1,0,84,4.5,Yes,NotPlaced
6708,8.2,1,3,2,90,4.3,Yes,Placed
6709,8.5,2,2,0,83,4.7,Yes,NotPlaced
6710,8.1,2,1,2,80,4.2,No,Placed
6711,8.1,1,3,3,90,4.8,Yes,Placed
6712,7.8,1,1,1,72,4.2,Yes,NotPlaced
6713,8.3,2,1,0,89,4.6,No,Placed
6714,7.6,2,3,2,90,4.7,Yes,Placed
6715,8.4,1,3,3,78,4.7,Yes,NotPlaced
6716,8.7,0,3,2,87,4.2,Yes,Placed
6717,8.9,0,1,1,90,4.6,Yes,Placed
6718,8.1,1,1,0,77,4.4,No,NotPlaced
6719,8.3,0,3,0,87,4.5,Yes,Placed
6720,7.5,2,2,2,78,4.2,No,NotPlaced
6721,8.8,0,3,1,90,4.8,Yes,Placed
6722,7.4,2,1,2,75,4.4,No,NotPlaced
6723,8.5,2,3,2,89,4.8,Yes,Placed
6724,7.3,1,2,0,80,4.1,Yes,NotPlaced
6725,7.8,2,2,0,73,4.2,Yes,NotPlaced
6726,6.7,1,1,1,67,4.3,No,NotPlaced
6727,7.6,1,2,1,75,4.2,Yes,NotPlaced
6728,6.5,1,2,0,78,3.8,No,NotPlaced
6729,7.3,1,2,1,74,3.9,Yes,NotPlaced
6730,7.9,0,1,0,69,4.2,Yes,NotPlaced
6731,8.4,1,2,1,80,4.8,Yes,NotPlaced
6732,7.5,2,2,0,86,3.9,Yes,NotPlaced
6733,7,1,1,1,75,4.8,No,NotPlaced
6734,7.3,1,2,3,81,3.8,Yes,NotPlaced
6735,7.6,1,3,0,80,4.7,Yes,Placed
6736,7.9,0,1,0,78,4.4,Yes,NotPlaced
6737,6.6,1,1,0,73,4.2,No,NotPlaced
6738,7.7,1,3,2,74,3.6,Yes,NotPlaced
6739,7.6,1,2,0,80,4,Yes,NotPlaced
6740,7.6,2,3,3,77,4.1,Yes,Placed
6741,7.5,2,1,0,82,4.3,Yes,NotPlaced
6742,8.4,0,3,2,90,4.8,Yes,Placed
6743,7.8,1,2,0,80,3.8,Yes,Placed
6744,6.7,1,1,1,79,3.5,Yes,NotPlaced
6745,7.5,1,1,0,70,3.7,Yes,NotPlaced
6746,8.2,2,3,2,83,4.5,Yes,Placed
6747,7.6,1,1,1,79,4.2,No,NotPlaced
6748,7.8,1,3,2,77,4.7,Yes,Placed
6749,8.2,1,2,0,82,4.5,Yes,NotPlaced
6750,7.7,0,2,0,68,4.4,Yes,NotPlaced
6751,8.7,2,3,2,87,4.6,Yes,Placed
6752,8.3,2,3,1,83,4.5,Yes,Placed
6753,8.2,1,1,1,82,4.1,Yes,NotPlaced
6754,7.8,1,3,0,83,4.8,Yes,NotPlaced
6755,7.7,1,1,1,75,4.2,Yes,Placed
6756,8.2,2,3,2,90,4.8,Yes,Placed
6757,8,0,2,2,73,4.8,No,NotPlaced
6758,7.9,1,2,0,86,4.5,Yes,NotPlaced
6759,7.8,0,3,1,90,4.7,No,Placed
6760,7.6,2,3,0,90,4.8,Yes,Placed
6761,8.3,2,3,2,90,4.8,Yes,Placed
6762,7.4,0,2,0,81,3.8,Yes,NotPlaced
6763,7.4,1,2,2,77,4.1,No,Placed
6764,6.9,1,2,1,72,3.5,Yes,NotPlaced
6765,8,1,1,0,75,4,No,NotPlaced
6766,7.1,2,3,2,88,4.7,Yes,Placed
6767,8.6,1,3,2,83,4.8,Yes,Placed
6768,8.7,2,3,2,90,4.8,Yes,Placed
6769,8.3,1,2,0,70,4.3,Yes,NotPlaced
6770,7.9,1,3,3,77,4.3,No,NotPlaced
6771,8,1,3,2,79,3.7,Yes,Placed
6772,8,2,3,0,75,4.4,Yes,NotPlaced
6773,7.4,0,1,0,76,4.3,Yes,NotPlaced
6774,8.4,0,1,3,72,4.2,Yes,NotPlaced
6775,8.6,2,2,0,70,4.1,Yes,Placed
6776,7.7,2,3,2,90,4.8,Yes,Placed
6777,8.4,1,1,1,70,3.8,Yes,NotPlaced
6778,7.6,0,1,0,79,4,No,NotPlaced
6779,6.5,1,1,1,67,4.3,Yes,NotPlaced
6780,8.5,2,3,2,90,4.8,Yes,Placed
6781,7,2,3,2,84,4.8,Yes,Placed
6782,7.1,1,1,3,83,4.2,Yes,Placed
6783,7.7,0,1,2,83,4.4,Yes,Placed
6784,8.2,1,2,3,83,4.4,Yes,Placed
6785,7.4,1,2,2,74,4.5,Yes,NotPlaced
6786,8.5,0,3,0,89,4.7,Yes,Placed
6787,7.9,1,3,3,81,4.5,Yes,Placed
6788,7.8,2,3,2,90,4.8,Yes,Placed
6789,8.2,1,3,2,88,4.8,Yes,NotPlaced
6790,6.8,1,1,1,77,4.2,No,NotPlaced
6791,8.7,1,3,2,74,4.6,Yes,Placed
6792,6.7,0,1,0,63,3.4,No,NotPlaced
6793,7.6,1,2,0,84,4.4,Yes,Placed
6794,8.3,1,3,0,75,4.6,Yes,Placed
6795,7.9,1,1,1,62,3.9,No,NotPlaced
6796,7.6,0,3,2,83,4.8,Yes,Placed
6797,8.4,2,3,2,83,4.7,Yes,Placed
6798,7.5,1,1,0,68,3.6,Yes,NotPlaced
6799,7.9,1,1,1,81,4.7,No,NotPlaced
6800,7.8,1,2,0,79,4,Yes,NotPlaced
6801,7.6,1,1,0,77,4,Yes,NotPlaced
6802,8.4,2,3,2,88,4.8,Yes,Placed
6803,7.9,1,2,2,89,4.8,Yes,Placed
6804,6.5,1,3,1,83,4.8,Yes,NotPlaced
6805,7.3,1,1,1,71,3.8,Yes,NotPlaced
6806,7.8,1,2,1,80,4.2,Yes,NotPlaced
6807,8.1,1,3,2,90,4.8,Yes,Placed
6808,7.7,1,1,1,74,4.5,Yes,Placed
6809,8.1,0,1,1,76,3.3,No,NotPlaced
6810,7.6,1,3,2,78,4.4,Yes,Placed
6811,8,2,3,0,84,4.1,No,Placed
6812,8.2,0,3,2,90,4.7,Yes,Placed
6813,6.8,1,2,0,79,4.1,Yes,Placed
6814,8,1,1,0,80,4.4,Yes,NotPlaced
6815,8.3,1,3,2,90,4.8,No,Placed
6816,8.1,0,3,2,89,4.8,Yes,Placed
6817,8.1,1,3,1,80,4,Yes,NotPlaced
6818,6.9,1,3,0,81,4.5,No,Placed
6819,7.5,0,1,0,81,4.7,Yes,NotPlaced
6820,7.8,2,3,2,83,4.5,No,NotPlaced
6821,7.6,1,1,1,70,4.6,Yes,NotPlaced
6822,7.8,0,2,2,77,3.6,Yes,Placed
6823,8.4,2,2,2,78,4.5,Yes,Placed
6824,7.8,1,1,0,71,4.1,Yes,Placed
6825,8,1,1,2,83,4.4,No,NotPlaced
6826,7.8,1,3,2,73,4.1,Yes,Placed
6827,8.7,2,3,2,90,4.8,Yes,Placed
6828,8.4,1,1,0,72,4.6,Yes,Placed
6829,8.2,0,1,1,67,4.2,Yes,NotPlaced
6830,7.8,1,1,0,72,3.6,Yes,NotPlaced
6831,7.7,0,1,2,84,3.9,Yes,NotPlaced
6832,8.5,2,3,2,90,4.8,Yes,NotPlaced
6833,8.1,2,2,1,76,4,Yes,Placed
6834,8.1,0,3,2,85,4.7,No,NotPlaced
6835,7,1,2,0,74,4.2,Yes,Placed
6836,8,2,3,2,90,4.8,Yes,Placed
6837,7.7,2,3,2,90,4.8,Yes,NotPlaced
6838,8.4,2,3,2,90,4.8,Yes,Placed
6839,7.5,1,2,1,90,4.6,Yes,Placed
6840,6.8,1,1,0,69,3.3,No,NotPlaced
6841,8.6,1,1,2,77,4.6,Yes,Placed
6842,8.2,2,3,2,90,4.8,Yes,Placed
6843,6.5,1,3,0,79,4.3,Yes,Placed
6844,7.6,2,1,2,79,4.5,Yes,Placed
6845,8.4,1,1,1,73,4.3,Yes,NotPlaced
6846,8.3,1,3,2,88,4.8,Yes,Placed
6847,7.4,1,1,1,70,4.5,No,NotPlaced
6848,7.9,0,1,0,87,4.5,Yes,Placed
6849,7.6,1,2,1,80,4.8,Yes,NotPlaced
6850,8,2,3,2,90,4.8,Yes,Placed
6851,7.9,2,3,2,87,4.8,Yes,Placed
6852,7.6,1,3,2,81,4.8,Yes,Placed
6853,7.6,1,1,1,72,4.5,No,NotPlaced
6854,8.2,0,2,2,71,4.4,Yes,Placed
6855,7.4,1,2,1,82,4.5,Yes,NotPlaced
6856,8.3,2,3,1,83,4.5,Yes,Placed
6857,7.8,2,1,1,77,4.2,No,NotPlaced
6858,8.4,1,3,2,88,4.8,Yes,NotPlaced
6859,8.5,1,3,2,76,4.8,Yes,Placed
6860,7.6,1,3,0,80,4.8,Yes,NotPlaced
6861,6.8,0,2,1,74,3.7,Yes,NotPlaced
6862,8,0,3,0,86,4.5,Yes,Placed
6863,6.6,2,3,2,85,4.8,Yes,Placed
6864,7.8,1,2,0,73,4.6,Yes,NotPlaced
6865,6.5,1,2,0,78,4,Yes,NotPlaced
6866,8.8,2,3,2,90,4.8,Yes,Placed
6867,8.3,1,1,1,73,4.3,Yes,NotPlaced
6868,7.5,1,2,1,90,4.8,Yes,Placed
6869,8.7,1,3,2,85,4.8,Yes,Placed
6870,6.5,1,1,1,81,4.8,Yes,NotPlaced
6871,6.7,2,2,2,78,4.5,Yes,NotPlaced
6872,7.6,0,2,0,60,3.8,No,NotPlaced
6873,6.5,2,1,0,85,4.8,Yes,NotPlaced
6874,6.5,0,2,1,75,3.5,Yes,NotPlaced
6875,7.4,1,2,0,88,4.6,Yes,NotPlaced
6876,7.4,0,2,0,65,4.4,Yes,NotPlaced
6877,6.5,1,1,0,79,4.2,Yes,NotPlaced
6878,7.9,0,1,0,64,3.6,No,NotPlaced
6879,6.5,1,2,0,70,4,Yes,NotPlaced
6880,7.3,0,3,0,70,4.3,No,Placed
6881,8,1,1,2,81,3.8,Yes,Placed
6882,8.4,2,3,1,78,4.8,Yes,NotPlaced
6883,7.5,1,1,2,80,4.5,No,NotPlaced
6884,8.3,2,3,3,88,4.8,Yes,Placed
6885,7.4,1,1,0,75,4.3,No,NotPlaced
6886,6.9,1,1,1,83,4.6,No,Placed
6887,7.5,0,2,0,86,4.2,Yes,Placed
6888,7.7,1,1,1,69,4.5,Yes,NotPlaced
6889,7.6,1,1,1,80,3.6,Yes,NotPlaced
6890,8.2,2,3,2,85,4.8,No,Placed
6891,7.9,0,1,0,68,4.1,Yes,NotPlaced
6892,6.6,1,1,1,69,4.5,Yes,NotPlaced
6893,7.2,1,2,0,71,3.2,No,NotPlaced
6894,6.5,0,2,0,85,4.8,Yes,Placed
6895,7.3,2,3,1,87,4.8,Yes,Placed
6896,8.7,1,3,2,81,4.7,Yes,Placed
6897,7.7,1,3,3,90,4.8,Yes,NotPlaced
6898,8,0,3,2,80,4.1,Yes,Placed
6899,8.6,1,3,2,90,4.8,Yes,Placed
6900,8.5,1,3,0,88,4.7,Yes,Placed
6901,8.8,2,3,2,88,4.7,Yes,Placed
6902,8,1,1,0,79,3.8,No,NotPlaced
6903,7.2,1,2,0,79,4.1,Yes,NotPlaced
6904,8.3,1,3,2,90,4.7,No,Placed
6905,8.2,1,3,0,79,4.6,Yes,NotPlaced
6906,8.3,2,3,2,87,4.3,Yes,Placed
6907,7.3,1,1,0,73,4,Yes,NotPlaced
6908,7.6,1,1,1,66,3.6,Yes,NotPlaced
6909,7.8,1,2,0,81,4.8,Yes,NotPlaced
6910,8.5,2,3,2,90,4.8,Yes,Placed
6911,7.9,1,2,0,90,4.2,Yes,NotPlaced
6912,6.7,1,3,2,71,3.7,Yes,NotPlaced
6913,8.8,2,3,2,83,4.1,Yes,Placed
6914,7.6,1,2,0,63,4.7,No,NotPlaced
6915,8.2,2,3,2,90,4.8,Yes,Placed
6916,7.6,1,1,0,82,4,No,NotPlaced
6917,6.5,1,1,1,70,3.5,Yes,NotPlaced
6918,8.6,2,3,2,87,4.8,Yes,Placed
6919,7.9,0,3,2,90,4.5,No,Placed
6920,7.3,0,1,1,69,3.7,Yes,NotPlaced
6921,8.2,1,1,0,79,4.6,No,NotPlaced
6922,8,0,3,1,73,4.8,Yes,NotPlaced
6923,8.3,2,3,2,90,4.8,Yes,Placed
6924,7.7,1,2,1,68,4.3,No,NotPlaced
6925,6.5,1,1,1,63,4.5,No,NotPlaced
6926,8.4,0,3,0,77,4.6,Yes,Placed
6927,6.6,1,3,2,86,4.4,Yes,Placed
6928,8.2,1,3,0,90,4.7,Yes,Placed
6929,6.6,1,2,1,66,4.8,No,NotPlaced
6930,6.7,1,1,1,63,4.6,No,NotPlaced
6931,7.6,0,1,1,76,3.8,No,NotPlaced
6932,8.1,2,1,0,71,3.4,No,NotPlaced
6933,8.1,1,3,1,90,4.8,No,Placed
6934,7.6,1,1,0,76,3.9,Yes,Placed
6935,7.6,1,1,1,83,4.3,Yes,Placed
6936,6.5,1,1,0,80,4.4,Yes,NotPlaced
6937,7.6,1,2,0,63,4.1,Yes,NotPlaced
6938,6.6,0,1,1,72,3.9,No,NotPlaced
6939,8,0,2,1,78,4.2,Yes,NotPlaced
6940,8.2,0,3,1,86,4.1,Yes,Placed
6941,6.5,1,2,0,74,4.6,Yes,Placed
6942,7.2,1,2,2,66,4.1,Yes,Placed
6943,6.5,1,1,0,72,4,Yes,NotPlaced
6944,8.2,2,3,2,86,4.5,No,NotPlaced
6945,8.5,2,3,2,84,4,Yes,Placed
6946,7.5,0,3,1,79,4.4,Yes,NotPlaced
6947,8.2,1,3,0,90,3.9,Yes,NotPlaced
6948,6.7,1,1,1,82,4.4,Yes,NotPlaced
6949,7.6,0,3,2,90,4.7,Yes,Placed
6950,7.6,1,2,1,72,3.8,Yes,NotPlaced
6951,7.5,1,1,1,67,3.8,No,NotPlaced
6952,6.9,2,3,1,68,3.7,No,NotPlaced
6953,6.7,2,3,0,76,4.2,Yes,NotPlaced
6954,7.6,0,1,0,80,3.8,No,NotPlaced
6955,8.1,1,3,0,86,4.5,Yes,Placed
6956,8.1,2,3,2,90,4.6,Yes,Placed
6957,7.4,0,2,1,77,4.8,Yes,NotPlaced
6958,8.4,1,3,2,90,4.3,Yes,Placed
6959,8,0,1,0,82,4.3,Yes,NotPlaced
6960,7.5,1,1,1,66,4.4,No,NotPlaced
6961,8.3,2,3,2,90,4.7,Yes,Placed
6962,8.8,1,3,0,86,4.6,Yes,Placed
6963,6.5,1,3,1,70,4.1,No,NotPlaced
6964,7.5,1,1,1,87,4.7,Yes,Placed
6965,8.2,2,3,2,90,4.8,Yes,Placed
6966,6.5,1,1,1,60,3.8,Yes,NotPlaced
6967,6.8,1,2,0,75,4.3,Yes,NotPlaced
6968,8.4,2,3,2,82,4.7,Yes,Placed
6969,8.4,0,3,2,90,4.8,Yes,Placed
6970,7.9,1,1,0,66,4.5,No,NotPlaced
6971,7.8,0,2,1,82,4.4,Yes,Placed
6972,7.3,1,2,0,75,3.9,Yes,NotPlaced
6973,8,2,2,2,90,4.8,Yes,Placed
6974,6.8,0,1,0,82,4,Yes,Placed
6975,8.2,2,3,2,90,4.5,Yes,Placed
6976,6.7,1,2,1,69,4,Yes,NotPlaced
6977,8.5,2,3,2,90,4.7,Yes,Placed
6978,7.4,1,1,1,64,4.3,Yes,NotPlaced
6979,7.6,0,2,0,74,4.1,Yes,NotPlaced
6980,8.5,1,3,2,81,4.2,Yes,NotPlaced
6981,6.5,1,1,0,61,4.1,No,NotPlaced
6982,7.9,2,1,0,73,4.4,No,Placed
6983,8.3,1,3,2,84,4.4,Yes,Placed
6984,8.6,1,3,2,90,4.8,Yes,Placed
6985,8.2,2,2,0,90,4.2,Yes,Placed
6986,7,1,1,0,72,4.4,Yes,NotPlaced
6987,7.6,0,1,1,64,4.1,No,NotPlaced
6988,6.7,1,2,0,80,3.5,No,NotPlaced
6989,6.8,1,2,0,88,4.8,Yes,Placed
6990,8,2,3,1,87,4.3,No,NotPlaced
6991,8,1,3,2,90,4.8,Yes,NotPlaced
6992,7.8,1,2,1,73,4,Yes,NotPlaced
6993,7.9,1,2,1,68,4,Yes,NotPlaced
6994,7.9,1,2,0,73,4.5,No,Placed
6995,7.5,1,2,1,74,4,Yes,Placed
6996,7.6,1,3,1,80,4.3,Yes,NotPlaced
6997,8.6,2,3,2,90,4.8,Yes,NotPlaced
6998,7.7,1,3,3,79,3.6,Yes,NotPlaced
6999,8.1,1,3,2,85,4.8,Yes,Placed
7000,7.1,1,2,1,68,4.2,No,NotPlaced
7001,8.2,0,2,0,86,4.5,Yes,Placed
7002,8.4,1,3,1,75,4.3,No,NotPlaced
7003,7.3,1,2,1,76,4.7,Yes,NotPlaced
7004,8.8,2,3,2,90,4.8,Yes,Placed
7005,7.4,1,1,0,78,3.8,Yes,NotPlaced
7006,7.7,1,3,2,84,4.8,Yes,NotPlaced
7007,7.7,0,2,1,71,4.4,Yes,NotPlaced
7008,6.5,2,3,0,77,4.3,Yes,NotPlaced
7009,8.1,2,1,3,79,4,Yes,Placed
7010,6.5,0,1,2,71,3.2,No,NotPlaced
7011,8.4,1,3,2,90,4.8,Yes,Placed
7012,6.5,0,1,0,65,4.5,No,NotPlaced
7013,7.6,1,1,0,84,3.7,No,NotPlaced
7014,8.1,1,3,0,85,3.7,Yes,Placed
7015,6.6,0,1,0,71,3.8,Yes,NotPlaced
7016,7.8,1,1,1,76,3.8,Yes,NotPlaced
7017,7.9,2,3,0,90,4.8,Yes,Placed
7018,7.3,1,1,0,73,3.8,No,NotPlaced
7019,7.4,1,2,1,67,3.1,Yes,NotPlaced
7020,8.2,0,3,2,90,4.7,Yes,Placed
7021,6.6,1,1,0,63,3.8,No,NotPlaced
7022,8.1,2,3,2,81,4.5,Yes,Placed
7023,8.3,2,1,2,79,4.2,Yes,Placed
7024,7.3,0,1,0,70,4.4,No,NotPlaced
7025,8.3,1,2,0,84,4.2,Yes,Placed
7026,6.8,1,1,0,60,3.7,No,NotPlaced
7027,6.5,1,1,0,65,3.7,No,NotPlaced
7028,8.5,2,3,1,89,4.5,No,Placed
7029,6.5,2,1,2,73,4.2,No,NotPlaced
7030,8.3,1,1,0,69,4.8,No,Placed
7031,6.5,1,1,1,75,4.5,No,NotPlaced
7032,7.8,1,1,1,90,3.9,Yes,Placed
7033,7.5,1,1,0,85,4.1,Yes,NotPlaced
7034,7.4,1,3,1,78,3.9,Yes,NotPlaced
7035,7.6,1,3,0,81,4.3,Yes,Placed
7036,8.3,1,2,2,79,4.6,Yes,Placed
7037,6.5,0,1,0,75,4.2,No,NotPlaced
7038,7.8,1,3,1,70,4.3,No,NotPlaced
7039,7.5,1,2,0,90,4.6,Yes,NotPlaced
7040,7.3,1,2,1,66,3.7,No,NotPlaced
7041,8.6,1,3,2,70,4.3,Yes,Placed
7042,7.6,1,2,0,87,4.2,Yes,NotPlaced
7043,7.4,1,3,0,83,4.7,Yes,NotPlaced
7044,7.9,1,3,2,83,4.7,Yes,Placed
7045,8.6,1,3,2,86,4.7,Yes,Placed
7046,7.9,2,3,2,90,4.8,Yes,Placed
7047,6.5,1,1,1,61,4.2,Yes,NotPlaced
7048,7.8,2,3,2,83,4.7,Yes,Placed
7049,6.7,0,1,0,68,3.5,No,NotPlaced
7050,7.7,1,2,0,83,4,Yes,NotPlaced
7051,8,2,2,0,84,4.7,Yes,Placed
7052,6.5,1,1,0,76,3.7,No,NotPlaced
7053,7.9,2,3,2,90,4.5,No,NotPlaced
7054,7.9,1,1,2,74,3.5,No,NotPlaced
7055,8.2,2,3,2,87,4.8,Yes,Placed
7056,6.5,2,1,2,85,4.7,Yes,NotPlaced
7057,7.9,2,3,2,90,4.8,Yes,Placed
7058,7.6,1,2,1,72,4,Yes,NotPlaced
7059,7.6,1,1,1,70,3.9,Yes,NotPlaced
7060,7.5,1,1,1,70,4,Yes,NotPlaced
7061,7.3,2,2,1,76,3.8,Yes,Placed
7062,7.8,0,1,0,71,4.3,No,NotPlaced
7063,8.1,1,1,1,83,4.7,Yes,NotPlaced
7064,6.9,0,2,2,75,4.3,Yes,NotPlaced
7065,6.8,0,1,0,78,4.7,Yes,NotPlaced
7066,6.9,1,1,1,60,3.3,No,NotPlaced
7067,7.6,1,3,0,82,4.8,Yes,Placed
7068,8.5,2,3,2,90,4.8,Yes,Placed
7069,8.5,0,3,2,77,4.8,Yes,Placed
7070,7.8,1,1,1,74,3.4,Yes,NotPlaced
7071,8,1,3,2,78,4.2,No,NotPlaced
7072,7.4,1,1,0,69,3.6,Yes,NotPlaced
7073,7.4,1,2,1,77,4.3,Yes,NotPlaced
7074,8.7,1,3,1,90,4.7,Yes,Placed
7075,8.1,1,2,1,77,4.4,Yes,NotPlaced
7076,8.5,1,2,2,90,4.8,Yes,Placed
7077,8,0,1,1,86,4,Yes,NotPlaced
7078,8,2,3,2,90,4.7,Yes,NotPlaced
7079,8.5,2,2,1,87,4.4,Yes,Placed
7080,7.6,1,3,0,81,4.2,Yes,Placed
7081,7.8,1,3,0,76,4.7,Yes,Placed
7082,8.8,0,3,0,90,4.4,Yes,NotPlaced
7083,6.5,1,3,1,87,4.7,Yes,NotPlaced
7084,7.7,0,3,0,90,4.8,Yes,NotPlaced
7085,6.7,1,1,1,77,4.7,No,NotPlaced
7086,7.6,1,2,0,77,4,Yes,NotPlaced
7087,7.4,0,1,0,77,3.8,Yes,NotPlaced
7088,8.3,2,3,2,90,4.8,Yes,Placed
7089,7.6,1,1,0,81,4.2,No,NotPlaced
7090,7.6,1,2,1,90,3.8,Yes,NotPlaced
7091,8,0,3,2,81,4.5,Yes,Placed
7092,7.8,1,2,0,76,4,Yes,NotPlaced
7093,8.5,0,2,0,89,4.5,Yes,NotPlaced
7094,7.5,1,1,0,87,4.6,No,Placed
7095,6.5,0,1,0,66,3.5,No,NotPlaced
7096,7.1,1,1,2,73,4.2,No,NotPlaced
7097,8.2,2,3,2,90,4.8,Yes,Placed
7098,6.8,0,1,0,86,4,No,NotPlaced
7099,7.6,1,3,2,90,4.8,Yes,NotPlaced
7100,8.3,1,3,0,88,4.8,Yes,Placed
7101,6.5,0,2,0,75,4.3,Yes,NotPlaced
7102,7.8,0,3,3,71,4.8,Yes,Placed
7103,8.5,1,1,0,79,4.1,Yes,NotPlaced
7104,8.6,2,3,2,89,4.8,Yes,Placed
7105,7,1,1,0,65,3.8,No,NotPlaced
7106,8.2,2,3,2,89,4,No,Placed
7107,8.4,1,3,2,90,4.8,Yes,Placed
7108,8,2,3,2,83,4.5,Yes,Placed
7109,7.5,2,1,0,77,4.3,No,NotPlaced
7110,6.5,2,2,0,68,4,No,NotPlaced
7111,8.5,2,3,0,87,4.8,Yes,Placed
7112,8.2,1,1,0,73,4.5,Yes,NotPlaced
7113,8.4,1,1,0,80,4.6,Yes,Placed
7114,8.2,1,3,1,86,4.5,Yes,Placed
7115,6.9,1,3,2,78,3.8,Yes,NotPlaced
7116,8,2,3,2,90,4.7,Yes,Placed
7117,7.8,2,1,1,78,4.1,Yes,Placed
7118,7.6,1,3,1,75,3.9,Yes,Placed
7119,8.4,1,2,0,77,4.1,No,NotPlaced
7120,7.5,1,1,0,65,3.3,Yes,NotPlaced
7121,8.2,2,3,2,90,4.8,Yes,Placed
7122,7.7,1,3,2,90,4,Yes,Placed
7123,7.6,1,3,2,90,4.8,Yes,Placed
7124,8.6,2,3,2,90,4.8,Yes,Placed
7125,7.6,1,3,0,79,4.5,No,NotPlaced
7126,8.4,2,3,2,87,4.7,Yes,Placed
7127,6.9,0,2,0,65,3.6,No,NotPlaced
7128,7.4,0,1,1,65,4.1,Yes,NotPlaced
7129,6.6,1,1,0,77,4.2,No,NotPlaced
7130,8.4,1,2,2,89,4.8,Yes,Placed
7131,6.6,1,1,0,80,4.2,Yes,NotPlaced
7132,7.3,1,3,0,81,4.8,Yes,Placed
7133,8.2,1,3,1,85,4.7,Yes,Placed
7134,8.2,2,2,2,90,4.6,Yes,Placed
7135,6.5,0,2,0,84,4.8,No,NotPlaced
7136,7.4,1,1,1,79,4.3,Yes,NotPlaced
7137,8.8,2,2,0,83,4.4,Yes,NotPlaced
7138,6.6,0,1,2,81,4,Yes,NotPlaced
7139,8.2,1,2,0,90,4.3,No,Placed
7140,7.5,1,1,1,84,4.4,Yes,Placed
7141,7.5,1,1,0,78,4.4,Yes,NotPlaced
7142,8.1,2,3,2,90,4.5,Yes,Placed
7143,8.2,0,2,0,67,3.6,No,NotPlaced
7144,8.2,2,3,2,90,4.8,No,Placed
7145,8.5,1,3,0,75,4.8,Yes,NotPlaced
7146,8.5,1,3,2,90,4.3,Yes,Placed
7147,7.2,1,2,1,65,4.4,No,NotPlaced
7148,8.1,0,2,0,82,4.2,No,Placed
7149,8.3,0,3,2,90,4.8,Yes,Placed
7150,8.6,1,3,2,85,4.8,Yes,Placed
7151,8.2,2,3,2,90,4.8,Yes,Placed
7152,6.5,2,1,3,81,4.2,No,NotPlaced
7153,6.7,1,1,0,67,4.6,Yes,NotPlaced
7154,7.9,2,1,0,88,4.5,Yes,NotPlaced
7155,8,1,3,2,90,4.5,Yes,Placed
7156,8.2,1,3,0,86,4.5,Yes,Placed
7157,6.7,2,2,1,71,4.4,No,NotPlaced
7158,7.6,1,1,0,62,3.4,No,NotPlaced
7159,7.4,0,1,0,71,3.7,No,NotPlaced
7160,8.1,2,1,1,78,4.4,Yes,NotPlaced
7161,7.9,2,3,2,84,4,No,NotPlaced
7162,8.8,2,3,2,90,4.8,Yes,Placed
7163,7.5,1,2,1,73,4.4,Yes,NotPlaced
7164,8.7,1,3,0,90,4.5,Yes,Placed
7165,7.2,2,3,0,85,4.8,Yes,NotPlaced
7166,7.4,1,1,0,87,3.2,No,NotPlaced
7167,6.5,1,2,0,72,4.3,Yes,Placed
7168,7.8,2,3,0,78,4.8,No,Placed
7169,6.8,1,1,1,77,3.3,Yes,NotPlaced
7170,8,2,1,2,78,4.4,Yes,Placed
7171,8.7,1,3,3,87,4.7,Yes,Placed
7172,6.5,1,1,0,74,3.9,Yes,NotPlaced
7173,7.3,1,2,0,80,3.7,Yes,Placed
7174,6.8,0,1,0,84,4,Yes,NotPlaced
7175,7.5,2,3,3,86,4.1,Yes,NotPlaced
7176,7.7,2,1,0,65,3.5,No,NotPlaced
7177,7.3,1,1,0,72,3.7,No,NotPlaced
7178,6.8,1,1,1,80,3.5,Yes,NotPlaced
7179,7.5,1,2,1,76,4.1,Yes,NotPlaced
7180,6.6,2,1,2,90,4.8,No,NotPlaced
7181,7.4,0,2,0,69,4.2,Yes,NotPlaced
7182,7.4,1,3,0,84,4.1,Yes,NotPlaced
7183,8,2,2,2,85,4.7,Yes,Placed
7184,7.5,1,1,0,84,4.7,Yes,Placed
7185,7.6,0,1,1,77,4.6,Yes,NotPlaced
7186,8.2,2,3,2,90,4.8,Yes,Placed
7187,8,2,3,2,89,3.7,Yes,Placed
7188,8.4,2,2,3,82,4.3,No,NotPlaced
7189,7.6,1,1,0,88,3.9,Yes,NotPlaced
7190,6.5,0,2,0,90,4.5,No,NotPlaced
7191,7.8,2,3,2,90,4.8,Yes,Placed
7192,7.4,0,1,0,73,4.1,No,NotPlaced
7193,8.5,2,3,2,90,4.8,Yes,Placed
7194,7.6,1,2,0,73,3.7,Yes,NotPlaced
7195,7.6,1,1,1,71,4.1,Yes,NotPlaced
7196,8.2,1,2,2,90,4.8,Yes,Placed
7197,8.4,2,3,2,90,4.8,Yes,Placed
7198,6.9,1,1,0,76,4,Yes,NotPlaced
7199,6.5,1,1,0,68,4,No,NotPlaced
7200,7.6,2,3,2,77,4.8,Yes,NotPlaced
7201,7.4,1,0,2,73,4.2,Yes,NotPlaced
7202,6.5,1,1,0,72,4,No,NotPlaced
7203,8.3,1,3,1,90,4.8,Yes,NotPlaced
7204,7.4,1,3,0,77,4.8,Yes,NotPlaced
7205,7.7,1,1,1,66,3.9,No,NotPlaced
7206,7.4,1,3,2,74,4.1,Yes,Placed
7207,6.6,0,3,0,84,4.8,Yes,Placed
7208,8.3,1,1,1,70,4.3,No,NotPlaced
7209,8.3,2,3,2,90,4.6,Yes,Placed
7210,7.9,1,3,0,64,4.1,Yes,NotPlaced
7211,8.1,1,3,2,90,4.8,Yes,Placed
7212,8,1,1,2,79,4.6,No,NotPlaced
7213,7.9,0,3,2,82,4.4,Yes,Placed
7214,7.6,2,1,0,84,4.4,No,NotPlaced
7215,7.5,1,1,3,77,4.4,Yes,NotPlaced
7216,8.4,1,2,1,87,3.6,Yes,NotPlaced
7217,8.3,0,1,1,73,4.3,Yes,Placed
7218,6.5,1,1,0,74,3.5,Yes,NotPlaced
7219,7.7,1,3,2,90,4.8,Yes,Placed
7220,8.1,0,2,1,85,4.8,No,NotPlaced
7221,6.5,1,1,0,84,4,Yes,NotPlaced
7222,8.3,2,3,0,83,4.8,Yes,Placed
7223,7.3,1,2,0,82,4.4,No,NotPlaced
7224,7.5,1,1,1,67,4,No,NotPlaced
7225,7.7,1,2,0,82,4.4,Yes,NotPlaced
7226,7.7,0,1,2,68,4.2,No,NotPlaced
7227,8.2,1,3,0,90,4.4,Yes,NotPlaced
7228,8.7,2,1,2,81,4.5,Yes,NotPlaced
7229,6.5,1,1,1,70,4.3,No,NotPlaced
7230,6.7,1,2,0,72,4.3,Yes,NotPlaced
7231,8,2,2,3,82,4,Yes,Placed
7232,7.1,0,1,0,71,3.8,No,NotPlaced
7233,7.4,1,1,1,75,3.5,No,NotPlaced
7234,7.2,0,1,1,75,4.1,No,NotPlaced
7235,8.4,1,3,0,86,4.7,Yes,Placed
7236,8.3,2,2,2,85,4.8,Yes,Placed
7237,7.7,1,2,0,77,3.9,Yes,NotPlaced
7238,6.8,1,2,1,79,4.6,No,NotPlaced
7239,8.2,1,3,0,80,4.6,Yes,Placed
7240,8.2,2,3,2,81,4.8,Yes,Placed
7241,8.3,2,3,2,90,4.7,Yes,Placed
7242,7.6,1,2,1,77,4.6,Yes,NotPlaced
7243,8.6,1,3,2,88,4.8,Yes,Placed
7244,8,1,1,2,82,4.8,No,NotPlaced
7245,7.6,1,1,1,88,4,Yes,NotPlaced
7246,8.2,1,1,0,76,4.8,Yes,Placed
7247,6.5,0,1,0,64,3.9,Yes,NotPlaced
7248,7.6,2,3,2,90,4.8,Yes,Placed
7249,8.4,0,3,2,90,4.8,Yes,Placed
7250,6.5,1,1,1,62,3.5,No,NotPlaced
7251,7.5,2,2,0,72,4.2,Yes,Placed
7252,8.5,2,2,2,85,4.5,Yes,NotPlaced
7253,7.6,1,2,0,77,4.1,Yes,NotPlaced
7254,8.5,1,2,0,89,4.8,Yes,Placed
7255,7.5,0,1,0,76,4,Yes,NotPlaced
7256,6.6,2,3,2,79,4.4,Yes,Placed
7257,8,2,1,1,77,3.8,Yes,NotPlaced
7258,6.6,1,1,0,71,3.1,Yes,NotPlaced
7259,7.5,1,1,1,72,3.8,Yes,NotPlaced
7260,8.5,2,3,2,90,4.8,Yes,Placed
7261,6.8,2,2,0,76,4.2,Yes,NotPlaced
7262,8.1,2,3,3,90,4.7,No,NotPlaced
7263,7.6,1,3,0,87,3.9,Yes,NotPlaced
7264,6.8,1,1,0,60,3.5,Yes,NotPlaced
7265,7.7,1,1,1,67,3.7,No,NotPlaced
7266,8.1,1,3,0,88,4.8,Yes,Placed
7267,7.4,1,1,0,85,3.9,Yes,NotPlaced
7268,7.4,1,1,0,81,4.3,Yes,NotPlaced
7269,7.6,0,1,0,72,3.6,No,NotPlaced
7270,7.9,1,1,0,70,4.3,Yes,NotPlaced
7271,8.2,1,3,0,90,4.8,Yes,Placed
7272,7.6,1,2,0,66,4.5,Yes,NotPlaced
7273,6.5,1,3,0,82,4.7,Yes,Placed
7274,6.5,2,3,0,76,3.8,Yes,NotPlaced
7275,7.6,1,1,0,64,3.4,No,NotPlaced
7276,8.3,1,2,1,77,3.5,Yes,NotPlaced
7277,6.5,2,3,2,87,4.8,Yes,Placed
7278,6.8,1,2,0,83,4.3,No,NotPlaced
7279,7.6,0,3,0,80,4.4,Yes,NotPlaced
7280,8,1,1,2,78,4.3,No,NotPlaced
7281,8.2,2,3,2,90,4.8,Yes,Placed
7282,6.5,0,1,0,66,3.8,No,NotPlaced
7283,8.3,2,3,2,90,4.8,Yes,Placed
7284,7.3,1,1,0,74,4.3,No,NotPlaced
7285,7.8,1,1,1,76,4.8,No,NotPlaced
7286,7.8,1,1,1,77,4.1,No,NotPlaced
7287,8.6,1,3,2,85,4.8,Yes,Placed
7288,6.5,1,2,3,81,4.2,Yes,NotPlaced
7289,6.9,1,1,1,81,4,Yes,Placed
7290,6.5,1,2,1,68,4.3,Yes,NotPlaced
7291,8.5,2,2,2,90,4.8,Yes,Placed
7292,8.1,1,2,2,84,4.5,Yes,Placed
7293,6.7,0,1,0,76,4.2,Yes,NotPlaced
7294,7.4,2,3,1,81,4.8,Yes,NotPlaced
7295,7.6,1,1,2,81,4.8,No,NotPlaced
7296,7.7,0,1,1,67,4.4,No,NotPlaced
7297,8,2,3,2,90,4.5,Yes,Placed
7298,8.1,2,3,2,90,4.7,Yes,Placed
7299,6.5,2,1,1,78,3.5,Yes,NotPlaced
7300,8.4,2,2,0,79,4.6,Yes,Placed
7301,7.4,1,2,1,69,4.6,Yes,NotPlaced
7302,7.5,0,2,1,73,3.6,Yes,NotPlaced
7303,8.1,2,3,1,90,4.7,No,Placed
7304,7.6,0,2,0,61,3.8,Yes,NotPlaced
7305,7,1,1,0,76,4.8,No,Placed
7306,6.8,1,1,0,72,4.2,Yes,NotPlaced
7307,7.8,2,2,1,79,4.6,No,NotPlaced
7308,8.5,0,3,0,90,4.8,Yes,Placed
7309,6.5,1,1,0,66,4.8,No,NotPlaced
7310,8.5,0,1,0,73,4.3,Yes,NotPlaced
7311,8.5,1,1,2,85,4.3,Yes,NotPlaced
7312,8.5,2,3,2,90,4.8,Yes,Placed
7313,6.5,1,2,0,86,4.4,Yes,NotPlaced
7314,6.6,1,1,0,74,3.6,No,NotPlaced
7315,8.5,1,3,0,88,4.7,Yes,Placed
7316,6.8,1,3,0,80,3.9,No,NotPlaced
7317,8.3,2,3,2,84,4.7,Yes,Placed
7318,8.4,1,3,0,73,4.5,Yes,NotPlaced
7319,8.4,1,1,2,76,3.7,Yes,NotPlaced
7320,8.5,0,3,0,90,4.8,Yes,Placed
7321,6.5,1,1,0,71,4.3,Yes,NotPlaced
7322,8.3,1,3,2,82,4.3,Yes,NotPlaced
7323,8.4,1,1,1,70,4.2,No,NotPlaced
7324,8.1,2,3,0,87,4.4,Yes,Placed
7325,7.3,1,2,1,61,4.7,Yes,NotPlaced
7326,7.5,0,1,0,81,4.2,No,NotPlaced
7327,7.4,0,2,1,75,4.1,Yes,Placed
7328,7.7,1,3,2,78,4.6,Yes,NotPlaced
7329,6.6,1,1,0,83,4.4,No,NotPlaced
7330,7.9,1,3,0,82,4.7,No,NotPlaced
7331,8.4,0,2,2,87,4.3,Yes,NotPlaced
7332,8,1,2,1,78,3.6,Yes,NotPlaced
7333,8,0,3,2,90,4.1,Yes,NotPlaced
7334,8.3,1,3,2,90,4.8,Yes,Placed
7335,7.8,0,1,0,74,4.5,No,NotPlaced
7336,7.8,1,2,1,68,3.9,No,NotPlaced
7337,7.6,1,1,2,89,4.8,Yes,NotPlaced
7338,6.6,1,2,0,81,4.5,Yes,Placed
7339,7.4,0,3,1,83,4.3,Yes,Placed
7340,7.6,1,3,2,90,4.8,Yes,NotPlaced
7341,6.6,0,1,2,81,4.3,Yes,NotPlaced
7342,8.3,1,1,0,90,4.3,Yes,NotPlaced
7343,8.5,0,1,1,64,3.8,No,NotPlaced
7344,7.4,1,2,1,61,4.4,Yes,Placed
7345,8.3,2,3,2,90,4.8,Yes,Placed
7346,7.7,1,1,0,82,3.8,Yes,Placed
7347,8.2,2,3,0,76,4.2,Yes,Placed
7348,8.1,2,3,2,90,4.8,Yes,Placed
7349,8.3,2,3,3,89,4.8,No,NotPlaced
7350,7.7,1,1,1,76,4.6,Yes,NotPlaced
7351,8.3,1,3,2,89,4.8,Yes,Placed
7352,7.5,0,3,2,85,4.5,Yes,Placed
7353,8.3,0,3,0,86,4.3,No,NotPlaced
7354,8,1,3,1,75,4.2,Yes,NotPlaced
7355,7.5,1,2,0,66,4.2,Yes,NotPlaced
7356,8,1,1,0,90,4.4,Yes,NotPlaced
7357,7.7,2,2,2,85,4.7,Yes,Placed
7358,8.1,1,3,0,87,4.7,Yes,Placed
7359,7.3,1,1,0,83,3.7,No,NotPlaced
7360,6.5,0,2,1,81,4.8,Yes,NotPlaced
7361,7.3,1,1,0,70,4.3,Yes,NotPlaced
7362,7.8,0,2,2,80,3.9,Yes,NotPlaced
7363,6.7,0,1,0,78,3,No,NotPlaced
7364,7.5,1,1,1,66,4.1,Yes,NotPlaced
7365,7.6,2,3,1,87,4.4,No,NotPlaced
7366,6.8,1,1,0,68,4.2,Yes,NotPlaced
7367,7.2,1,3,3,88,4.6,Yes,Placed
7368,7.4,1,1,1,73,3.6,Yes,NotPlaced
7369,8,2,3,0,88,4.5,No,NotPlaced
7370,7.3,1,1,1,74,4.8,No,NotPlaced
7371,6.5,1,1,0,86,4.2,Yes,NotPlaced
7372,8.5,2,3,2,87,4.6,Yes,Placed
7373,6.6,1,1,0,73,4.5,No,NotPlaced
7374,8.4,1,2,0,90,4.8,Yes,Placed
7375,8.4,1,3,1,85,4.8,Yes,NotPlaced
7376,8.3,0,1,2,81,4.4,Yes,Placed
7377,6.6,1,1,0,78,4.6,Yes,NotPlaced
7378,7.7,2,2,0,71,4,Yes,Placed
7379,8.5,1,3,2,86,4.5,Yes,Placed
7380,7.7,1,2,0,74,4.7,Yes,Placed
7381,8.5,0,3,2,90,4.6,Yes,Placed
7382,7.5,0,1,1,74,4,Yes,NotPlaced
7383,8.4,2,3,2,90,4.5,Yes,Placed
7384,6.6,1,2,0,70,4,No,NotPlaced
7385,8.6,2,3,2,90,4.8,Yes,Placed
7386,8.7,2,3,2,90,4.8,Yes,Placed
7387,8.2,2,3,2,87,4.8,Yes,Placed
7388,8,2,3,2,90,4.7,Yes,Placed
7389,8.4,0,1,1,64,3.6,Yes,NotPlaced
7390,8.2,0,3,1,90,4.8,No,NotPlaced
7391,7.5,1,1,0,71,3.6,No,NotPlaced
7392,8.5,2,3,2,90,4.7,Yes,Placed
7393,7.8,1,3,1,89,4.8,Yes,Placed
7394,7.7,0,1,0,83,4.7,Yes,NotPlaced
7395,8.3,1,2,0,80,3.6,Yes,NotPlaced
7396,7.1,1,3,1,77,4.2,Yes,NotPlaced
7397,7.2,1,2,2,75,4.2,Yes,NotPlaced
7398,8,2,3,2,90,4.8,Yes,Placed
7399,7.9,2,3,2,84,4.7,Yes,Placed
7400,7.8,1,3,2,78,4.8,No,NotPlaced
7401,7.9,1,1,0,89,4.5,Yes,Placed
7402,6.7,1,1,0,73,3.5,Yes,NotPlaced
7403,8.1,0,3,2,82,4.8,No,Placed
7404,7.5,2,3,0,81,4.8,Yes,Placed
7405,6.5,1,1,2,68,4.2,No,NotPlaced
7406,7.5,0,1,0,65,3.9,No,NotPlaced
7407,6.7,1,1,2,74,4.3,No,Placed
7408,7.6,2,1,0,70,4.4,Yes,NotPlaced
7409,6.8,1,1,0,82,4.6,Yes,Placed
7410,7.8,2,2,2,80,4.6,Yes,Placed
7411,7.6,1,1,0,60,3.6,No,NotPlaced
7412,8.1,2,3,2,90,4.7,Yes,Placed
7413,7.4,0,1,1,69,4.3,Yes,NotPlaced
7414,7.6,1,1,0,63,3.3,No,NotPlaced
7415,7.6,1,2,3,81,4,Yes,NotPlaced
7416,8.3,1,3,2,85,4.7,Yes,NotPlaced
7417,8.3,1,3,2,90,4.8,Yes,Placed
7418,7.5,1,1,1,72,4.5,Yes,NotPlaced
7419,7.5,1,1,1,77,4.4,No,NotPlaced
7420,6.5,1,1,0,67,3.9,No,NotPlaced
7421,7.7,1,1,0,65,3.9,No,NotPlaced
7422,8.1,1,3,2,89,4.7,Yes,NotPlaced
7423,7.5,0,1,1,66,4.1,Yes,NotPlaced
7424,6.5,0,3,1,69,4.5,No,NotPlaced
7425,6.5,1,1,0,60,3.5,Yes,NotPlaced
7426,7.5,0,1,0,64,4.4,Yes,NotPlaced
7427,8.2,1,3,2,88,4.8,Yes,Placed
7428,8.1,1,2,2,83,4.8,Yes,Placed
7429,7.4,1,2,0,71,4.6,No,NotPlaced
7430,8.3,2,3,1,80,4.6,No,NotPlaced
7431,8,1,1,1,80,4.2,Yes,NotPlaced
7432,8.7,2,3,0,82,4.8,Yes,Placed
7433,7.1,1,1,0,69,3.6,Yes,NotPlaced
7434,7.3,1,1,0,69,3.7,Yes,NotPlaced
7435,7.4,1,1,1,66,3.5,Yes,NotPlaced
7436,7.7,1,2,1,70,4.8,Yes,NotPlaced
7437,6.5,0,1,0,74,4.2,No,NotPlaced
7438,8.9,2,3,2,90,4.8,Yes,Placed
7439,8.2,1,3,0,80,4.3,Yes,Placed
7440,8.1,0,2,0,84,4,Yes,NotPlaced
7441,7.2,1,1,0,69,4.1,No,NotPlaced
7442,7.9,0,3,1,82,4,Yes,Placed
7443,6.5,1,2,0,61,4.5,No,NotPlaced
7444,7.6,1,3,3,79,4.2,Yes,NotPlaced
7445,8.2,2,3,2,85,4,Yes,Placed
7446,6.8,1,1,1,64,3.3,No,NotPlaced
7447,6.5,1,1,0,61,3.5,Yes,NotPlaced
7448,7.7,1,1,1,75,3.5,No,Placed
7449,7.6,1,2,1,67,4.6,Yes,NotPlaced
7450,7.5,1,2,0,78,3.9,No,NotPlaced
7451,6.5,1,1,1,73,4.5,No,NotPlaced
7452,7.4,1,1,1,69,4.2,No,NotPlaced
7453,8,1,2,1,82,4.8,Yes,Placed
7454,7.5,2,3,0,84,4.5,Yes,NotPlaced
7455,8.7,0,3,2,88,4.7,Yes,Placed
7456,7.8,1,2,0,73,4.5,Yes,NotPlaced
7457,7.4,1,1,0,69,3.9,No,NotPlaced
7458,8.2,2,3,2,88,4.3,No,Placed
7459,8.9,1,2,1,84,4.1,Yes,NotPlaced
7460,7.5,1,2,2,78,4.5,Yes,Placed
7461,7.1,1,1,1,71,4.2,Yes,NotPlaced
7462,8.1,0,3,2,90,4.8,Yes,Placed
7463,7.5,0,1,2,72,4.4,Yes,NotPlaced
7464,7.7,1,3,2,90,4.6,Yes,Placed
7465,8.3,0,2,0,90,4.6,Yes,Placed
7466,6.5,1,1,1,76,3.8,Yes,NotPlaced
7467,8.4,1,2,2,86,4.2,Yes,NotPlaced
7468,6.5,2,1,1,86,3.7,Yes,NotPlaced
7469,8.5,0,2,2,85,4.1,Yes,Placed
7470,7.8,1,1,0,86,4.6,Yes,NotPlaced
7471,8.2,1,3,1,79,4.6,Yes,NotPlaced
7472,7.6,1,2,0,70,3.6,Yes,NotPlaced
7473,6.5,2,1,0,78,4.4,Yes,NotPlaced
7474,7.4,1,1,1,62,4.8,Yes,NotPlaced
7475,8.5,1,3,2,86,4.7,Yes,Placed
7476,7.7,1,2,1,76,4.1,Yes,NotPlaced
7477,8.1,1,2,0,86,4.8,Yes,NotPlaced
7478,6.9,2,2,0,68,3.2,Yes,NotPlaced
7479,7.7,0,2,0,72,4.5,Yes,NotPlaced
7480,7.5,1,1,0,81,3.6,Yes,NotPlaced
7481,8.3,2,3,2,90,4.2,Yes,Placed
7482,7.6,1,1,0,73,4.2,No,NotPlaced
7483,7.7,1,2,1,74,4.6,Yes,Placed
7484,8.4,1,2,1,77,4,Yes,NotPlaced
7485,7.5,1,2,0,70,4.2,Yes,Placed
7486,7.4,1,1,0,81,4.6,No,NotPlaced
7487,6.9,1,1,1,61,4.6,Yes,NotPlaced
7488,8.1,1,2,0,84,4.3,No,Placed
7489,8,0,2,0,85,3.8,Yes,NotPlaced
7490,6.5,1,1,1,81,4.8,Yes,NotPlaced
7491,8.4,1,1,2,81,4.6,Yes,Placed
7492,7.5,1,1,1,65,4.5,No,NotPlaced
7493,7.7,1,3,0,74,4.3,Yes,NotPlaced
7494,8.3,2,3,2,90,4.8,Yes,Placed
7495,6.5,0,3,0,77,3.6,No,NotPlaced
7496,7.6,1,1,1,89,4.8,Yes,Placed
7497,7.4,0,1,1,70,4.3,Yes,NotPlaced
7498,6.6,1,1,0,73,3.1,No,NotPlaced
7499,6.5,1,1,1,70,4.1,No,NotPlaced
7500,8.2,1,2,1,79,4.4,Yes,Placed
7501,6.5,1,2,1,74,3.9,Yes,NotPlaced
7502,6.7,1,1,0,74,4.4,Yes,NotPlaced
7503,8.8,2,3,2,90,4.7,Yes,Placed
7504,8,2,3,2,87,3.7,Yes,Placed
7505,6.7,1,2,0,73,3.4,Yes,NotPlaced
7506,8.8,0,2,1,78,4.5,Yes,NotPlaced
7507,7.5,1,1,0,74,3.5,Yes,Placed
7508,7.9,1,2,0,64,3.7,No,NotPlaced
7509,8.2,2,2,3,84,4.8,Yes,NotPlaced
7510,7.8,2,2,2,79,4.5,No,NotPlaced
7511,6.5,1,3,2,75,3.8,Yes,NotPlaced
7512,8.2,0,1,1,64,3.9,Yes,NotPlaced
7513,6.9,1,2,1,74,4,Yes,NotPlaced
7514,8.5,0,3,2,88,4.5,Yes,Placed
7515,7.4,1,1,1,70,4,Yes,NotPlaced
7516,8.1,2,3,2,90,4.8,No,Placed
7517,7.8,0,1,0,71,3.7,No,NotPlaced
7518,6.5,1,2,0,81,4.1,Yes,NotPlaced
7519,8.4,0,1,1,78,3.8,No,NotPlaced
7520,7.8,1,1,1,85,4.8,Yes,Placed
7521,7.9,1,3,2,87,4.8,Yes,Placed
7522,6.5,1,1,0,82,4.3,Yes,NotPlaced
7523,8,2,3,0,90,4.5,Yes,Placed
7524,8.1,2,3,2,83,4.5,Yes,Placed
7525,7.4,1,1,2,63,3.6,Yes,NotPlaced
7526,8.1,2,3,0,89,4.1,No,NotPlaced
7527,7.8,1,3,2,90,4.8,Yes,Placed
7528,6.6,2,1,0,67,3.9,No,NotPlaced
7529,7.3,1,1,2,82,4,Yes,NotPlaced
7530,8.3,1,1,2,90,4.5,Yes,Placed
7531,6.5,1,1,0,70,4.1,No,NotPlaced
7532,8.4,2,3,2,90,4.8,Yes,Placed
7533,7.7,1,3,0,75,4,Yes,Placed
7534,6.5,2,3,2,71,3.8,Yes,Placed
7535,7.6,1,3,2,79,3.8,Yes,Placed
7536,8.5,1,2,0,84,4.5,Yes,NotPlaced
7537,6.5,2,2,2,80,4.6,Yes,Placed
7538,6.7,1,1,0,71,4.1,No,NotPlaced
7539,7.5,1,1,1,66,4,Yes,NotPlaced
7540,7.5,0,2,1,82,4.2,Yes,NotPlaced
7541,7.9,1,2,0,77,4.2,Yes,NotPlaced
7542,7.7,1,3,2,85,4.5,Yes,NotPlaced
7543,7.8,2,3,1,90,4,Yes,NotPlaced
7544,8.6,2,3,2,90,4.8,Yes,Placed
7545,8.1,2,3,2,85,4.8,Yes,Placed
7546,6.6,1,1,0,77,3.8,Yes,NotPlaced
7547,8,2,3,2,87,4.8,Yes,Placed
7548,8.6,1,3,2,90,4.5,Yes,Placed
7549,8.3,1,3,2,90,4.7,Yes,Placed
7550,8,2,1,0,90,4.7,Yes,Placed
7551,7.5,1,2,0,82,4.1,No,NotPlaced
7552,7.8,0,1,0,63,4.2,Yes,NotPlaced
7553,7.5,0,2,0,81,3.6,Yes,Placed
7554,7.8,1,1,1,63,4.1,Yes,NotPlaced
7555,6.7,1,1,0,66,4.3,No,NotPlaced
7556,7.6,1,3,1,81,3.9,Yes,Placed
7557,7.6,0,2,1,77,4.7,Yes,NotPlaced
7558,8.1,1,3,2,85,4.5,No,NotPlaced
7559,8.2,1,2,2,81,4.8,Yes,Placed
7560,7.6,1,2,0,74,4.1,Yes,NotPlaced
7561,7.5,1,1,1,69,3.9,Yes,NotPlaced
7562,7.3,1,2,1,88,4.8,No,NotPlaced
7563,6.7,0,2,0,75,4.2,Yes,NotPlaced
7564,8.7,0,1,0,87,4.8,No,Placed
7565,8,2,1,2,88,4.7,Yes,Placed
7566,8.3,0,1,0,69,4.3,No,NotPlaced
7567,7.6,0,3,1,81,4.6,Yes,NotPlaced
7568,6.5,2,1,0,86,3.4,Yes,NotPlaced
7569,7.4,1,1,1,70,3.5,Yes,NotPlaced
7570,8.7,2,3,2,76,4.3,Yes,Placed
7571,6.5,1,1,0,79,3.7,No,NotPlaced
7572,8.4,1,3,2,70,3.8,No,NotPlaced
7573,7.4,1,1,0,67,3.7,No,NotPlaced
7574,7.4,0,1,0,63,4.2,Yes,NotPlaced
7575,6.7,0,2,0,70,3,Yes,NotPlaced
7576,8.3,2,3,2,90,4.4,Yes,Placed
7577,8.3,2,3,0,90,4.8,Yes,Placed
7578,6.5,1,2,0,60,4.3,No,NotPlaced
7579,7.4,1,2,0,80,4.7,Yes,NotPlaced
7580,7.1,0,1,0,90,4.5,No,NotPlaced
7581,6.5,0,3,2,73,4.5,Yes,Placed
7582,8.6,2,3,2,90,4.5,Yes,Placed
7583,6.5,2,1,0,69,3.7,No,NotPlaced
7584,8.5,1,3,0,90,4.5,Yes,Placed
7585,6.9,1,1,0,75,3.8,Yes,NotPlaced
7586,6.5,1,1,2,84,4.5,Yes,NotPlaced
7587,8.1,2,3,2,87,4.8,No,Placed
7588,7.5,0,1,1,70,4.4,No,NotPlaced
7589,6.8,1,2,1,75,4,Yes,NotPlaced
7590,7.9,1,0,3,90,4.8,Yes,NotPlaced
7591,8.2,1,3,0,82,4.7,Yes,NotPlaced
7592,7.7,1,1,0,75,4,Yes,Placed
7593,8.3,2,2,0,81,4.7,Yes,NotPlaced
7594,6.8,0,2,0,78,4.1,Yes,NotPlaced
7595,7.7,1,1,0,69,4.4,No,NotPlaced
7596,6.5,2,1,3,83,4.5,Yes,NotPlaced
7597,8.2,1,1,2,89,4.8,Yes,Placed
7598,7,1,1,2,83,4.8,Yes,Placed
7599,7.5,1,1,0,66,3.9,No,NotPlaced
7600,7.3,1,1,0,60,3.2,No,NotPlaced
7601,7.3,1,1,0,80,3.8,Yes,Placed
7602,7,1,2,1,61,4,Yes,NotPlaced
7603,7.4,1,1,0,86,4.5,Yes,NotPlaced
7604,6.7,1,3,1,86,4.8,Yes,Placed
7605,8,0,3,2,90,4.8,Yes,Placed
7606,8,2,3,2,80,4.8,No,Placed
7607,8.4,1,3,2,90,4.8,Yes,Placed
7608,7.6,1,1,0,69,4,Yes,NotPlaced
7609,8.2,1,2,0,81,4.4,Yes,NotPlaced
7610,7.5,1,1,0,71,4,No,NotPlaced
7611,8.2,2,1,2,90,4.6,Yes,Placed
7612,8.1,0,2,0,77,3.8,Yes,NotPlaced
7613,7.7,1,2,0,80,3.5,Yes,NotPlaced
7614,7.4,1,2,0,74,4.5,Yes,Placed
7615,8.4,2,3,2,90,4.8,Yes,Placed
7616,7.4,1,1,0,74,3.9,Yes,NotPlaced
7617,7.6,0,2,0,75,3.6,No,NotPlaced
7618,7.7,1,2,0,81,4.4,Yes,NotPlaced
7619,7.4,2,3,2,79,4.7,No,Placed
7620,7.7,1,2,0,80,4,Yes,NotPlaced
7621,7.6,0,2,0,84,4,Yes,Placed
7622,8.5,1,3,2,90,4.7,Yes,Placed
7623,7.5,0,2,0,81,4.1,No,NotPlaced
7624,7.4,1,1,1,73,4.2,No,NotPlaced
7625,6.5,1,1,0,73,4,No,Placed
7626,8.3,2,1,2,75,3.9,No,NotPlaced
7627,7.4,1,2,0,73,4.2,No,NotPlaced
7628,8.7,1,3,2,80,4.1,Yes,Placed
7629,8.4,2,3,2,84,3.7,No,NotPlaced
7630,7.6,0,1,0,75,4.2,No,NotPlaced
7631,8.5,1,3,3,84,4.6,Yes,Placed
7632,7.5,1,1,0,71,3.7,Yes,NotPlaced
7633,7.5,1,1,0,77,4,Yes,NotPlaced
7634,7.6,0,2,0,70,3.8,Yes,NotPlaced
7635,8.1,1,2,0,90,4.5,No,NotPlaced
7636,7.7,1,2,1,80,4.4,Yes,NotPlaced
7637,7.5,1,1,1,80,4.1,Yes,NotPlaced
7638,8.5,1,2,0,87,4.3,Yes,Placed
7639,7.6,0,1,1,71,4.3,No,NotPlaced
7640,6.5,0,1,1,69,3.9,No,NotPlaced
7641,8.2,2,3,3,82,4,Yes,Placed
7642,6.9,1,2,0,70,4.8,Yes,NotPlaced
7643,8.4,2,3,2,84,4.7,No,NotPlaced
7644,7.6,1,2,2,76,4.5,Yes,Placed
7645,7.7,1,1,0,81,4.6,Yes,NotPlaced
7646,8,1,2,2,90,4.7,Yes,NotPlaced
7647,8.3,2,3,0,90,4.8,Yes,Placed
7648,8.3,2,3,2,90,4.8,Yes,Placed
7649,7.5,1,1,0,61,3.9,No,NotPlaced
7650,8.3,1,3,2,89,3.4,Yes,Placed
7651,6.5,0,1,0,66,4,Yes,NotPlaced
7652,8.6,1,1,2,90,4.7,Yes,Placed
7653,7.3,0,1,1,70,3.9,No,NotPlaced
7654,8.2,2,3,2,87,4.8,Yes,Placed
7655,8.5,1,1,2,78,4.5,Yes,NotPlaced
7656,7.7,0,2,0,74,4.2,Yes,NotPlaced
7657,8.4,1,3,2,80,4.5,Yes,NotPlaced
7658,8.6,1,1,2,90,4.7,Yes,Placed
7659,7.3,0,2,2,86,4.8,Yes,Placed
7660,8.3,0,3,3,89,4.8,Yes,Placed
7661,6.5,1,1,0,66,3.9,No,NotPlaced
7662,6.8,0,1,0,72,4.2,No,NotPlaced
7663,8.3,0,3,2,90,4.5,Yes,Placed
7664,8.5,1,2,0,81,4.4,Yes,Placed
7665,6.5,1,1,1,71,4.5,No,NotPlaced
7666,7.9,2,3,2,83,4.5,Yes,NotPlaced
7667,6.7,0,1,1,71,4.2,No,NotPlaced
7668,8.1,1,1,0,70,4.3,Yes,NotPlaced
7669,7.5,0,2,0,70,4.1,Yes,NotPlaced
7670,6.7,0,2,1,71,3.7,No,NotPlaced
7671,8.4,2,3,2,90,4.8,Yes,Placed
7672,6.7,2,1,0,78,4.4,Yes,NotPlaced
7673,6.5,1,1,1,75,3.8,Yes,NotPlaced
7674,6.5,1,2,0,71,4,Yes,NotPlaced
7675,7.7,1,3,2,88,4.5,Yes,NotPlaced
7676,7.3,0,3,1,82,3.8,No,NotPlaced
7677,7.6,0,1,2,72,3.7,No,NotPlaced
7678,6.8,1,1,1,73,3.9,Yes,NotPlaced
7679,7.6,1,2,3,81,4.6,Yes,NotPlaced
7680,6.5,1,2,0,61,4,No,NotPlaced
7681,6.9,1,1,1,74,4.1,Yes,NotPlaced
7682,6.8,1,1,0,74,4.3,Yes,Placed
7683,7.4,1,1,0,82,4.7,Yes,NotPlaced
7684,8.2,2,3,1,90,3.9,Yes,Placed
7685,7.9,0,2,0,81,4.5,Yes,NotPlaced
7686,6.7,1,2,1,81,4.5,Yes,Placed
7687,8.2,1,1,0,71,4.4,Yes,NotPlaced
7688,7.6,1,1,1,71,3.8,No,NotPlaced
7689,7.3,1,3,0,71,4.5,No,NotPlaced
7690,8.4,1,2,2,73,4.3,No,Placed
7691,7.6,1,1,0,83,4.1,No,NotPlaced
7692,6.5,0,1,1,70,4.4,Yes,NotPlaced
7693,8.3,1,1,1,75,4.8,No,NotPlaced
7694,8.2,2,1,2,90,4.5,No,NotPlaced
7695,7.4,1,1,1,80,4.2,Yes,Placed
7696,8.1,2,3,0,79,4.8,Yes,NotPlaced
7697,7.5,0,3,0,73,4.5,No,NotPlaced
7698,6.6,0,1,1,71,3.4,No,NotPlaced
7699,7.6,1,2,1,69,4.2,No,NotPlaced
7700,7.5,1,2,1,85,4.8,Yes,NotPlaced
7701,8.2,1,2,0,88,4.3,No,Placed
7702,8.4,1,1,2,76,4.6,Yes,NotPlaced
7703,8.5,2,3,2,90,4.8,Yes,Placed
7704,6.8,1,1,0,74,4,No,NotPlaced
7705,6.5,1,3,1,76,4.6,Yes,Placed
7706,8,1,2,0,78,4.8,Yes,NotPlaced
7707,8.4,1,1,2,85,4.8,Yes,Placed
7708,6.6,1,1,1,85,4.1,Yes,NotPlaced
7709,8.2,2,3,0,65,4.3,Yes,Placed
7710,7.7,1,1,2,83,4.5,Yes,Placed
7711,8.3,2,3,1,85,4.8,Yes,Placed
7712,6.5,1,1,0,67,4,No,NotPlaced
7713,8.4,1,3,2,77,4.5,Yes,NotPlaced
7714,8.3,1,3,0,84,4.6,Yes,Placed
7715,6.5,1,2,1,84,4.7,Yes,NotPlaced
7716,7.6,0,2,0,84,4.4,Yes,NotPlaced
7717,7.4,0,2,1,66,3.7,No,NotPlaced
7718,8.2,1,2,2,69,4,No,NotPlaced
7719,6.5,1,2,0,81,3.5,Yes,Placed
7720,8.8,1,2,0,76,4.2,No,NotPlaced
7721,8.5,1,0,2,77,4.6,Yes,Placed
7722,8.3,1,2,0,78,4.6,Yes,NotPlaced
7723,8,0,3,2,90,4.8,Yes,Placed
7724,8.5,2,3,0,86,4.6,Yes,Placed
7725,8.5,1,3,2,90,4.8,Yes,Placed
7726,8.1,1,3,2,81,4.5,Yes,NotPlaced
7727,8.6,1,3,2,90,4.6,Yes,Placed
7728,8.2,2,3,2,90,4.7,No,Placed
7729,7.5,0,1,0,82,4.1,Yes,NotPlaced
7730,8.3,2,3,0,90,4.8,Yes,Placed
7731,7.7,1,1,2,79,3.9,Yes,NotPlaced
7732,7.4,1,1,1,73,4.8,Yes,NotPlaced
7733,8.3,2,3,2,90,4.8,Yes,Placed
7734,7.4,1,1,0,75,4.5,Yes,Placed
7735,8.3,1,2,1,70,4.8,Yes,Placed
7736,6.6,0,1,1,64,4.6,Yes,NotPlaced
7737,7.8,1,2,1,66,3.7,Yes,NotPlaced
7738,6.6,0,3,1,90,4.4,Yes,NotPlaced
7739,7.7,0,3,1,74,4.3,Yes,NotPlaced
7740,7.4,1,1,0,80,3.4,No,NotPlaced
7741,7.5,2,3,1,79,4.4,Yes,Placed
7742,8.4,1,3,3,90,4.8,Yes,Placed
7743,8.7,1,1,0,85,3.8,Yes,NotPlaced
7744,8.4,1,2,0,82,4.5,Yes,NotPlaced
7745,8,1,2,1,80,4.7,Yes,NotPlaced
7746,7.5,0,1,1,70,3.9,Yes,NotPlaced
7747,6.5,0,2,0,74,4.5,No,NotPlaced
7748,6.7,0,1,1,76,3.9,Yes,NotPlaced
7749,7.4,0,1,0,73,4.4,No,NotPlaced
7750,8.4,2,3,1,83,4.4,Yes,NotPlaced
7751,8,1,3,0,79,4.3,Yes,NotPlaced
7752,8.7,2,3,0,82,4.1,Yes,Placed
7753,7.5,1,2,0,79,4.4,No,NotPlaced
7754,7.4,1,2,1,82,3.9,Yes,NotPlaced
7755,7.7,0,2,0,77,4.1,No,NotPlaced
7756,7.6,0,3,0,85,4.7,Yes,Placed
7757,7.5,0,3,1,74,4.8,Yes,NotPlaced
7758,8.1,1,3,0,76,4,Yes,Placed
7759,8.4,0,3,0,90,4.8,Yes,Placed
7760,7.5,1,1,1,60,4.8,Yes,NotPlaced
7761,8,1,3,0,86,4.2,Yes,Placed
7762,7.5,1,1,0,67,4.1,No,NotPlaced
7763,6.5,1,2,1,69,4.3,No,NotPlaced
7764,8.4,0,1,2,80,4,Yes,Placed
7765,7.7,2,3,3,84,4.2,Yes,NotPlaced
7766,8,1,3,0,90,4.8,Yes,Placed
7767,6.5,1,3,2,85,4.8,Yes,NotPlaced
7768,6.8,0,1,0,60,3.9,No,NotPlaced
7769,7.4,1,3,0,75,4.6,No,NotPlaced
7770,7.7,1,1,1,73,4,Yes,NotPlaced
7771,8.1,1,1,0,84,3.7,No,NotPlaced
7772,7.9,2,1,0,75,3.4,Yes,NotPlaced
7773,8.5,1,2,3,77,4.8,Yes,NotPlaced
7774,8.3,1,2,0,75,3.8,Yes,NotPlaced
7775,6.6,1,3,1,79,3.2,Yes,NotPlaced
7776,8.6,2,3,2,90,4.8,Yes,Placed
7777,8.1,1,3,2,87,4.5,Yes,Placed
7778,6.5,1,2,0,76,3.8,Yes,NotPlaced
7779,8.4,1,1,1,74,3.8,No,NotPlaced
7780,8.1,1,3,2,78,3.7,Yes,Placed
7781,8.1,1,3,0,87,4.1,Yes,Placed
7782,8,1,3,2,90,4.8,Yes,Placed
7783,7.4,0,1,1,80,4.2,No,NotPlaced
7784,8.2,1,3,2,90,4.4,Yes,Placed
7785,8.4,0,3,1,86,4,Yes,NotPlaced
7786,7.3,0,1,2,74,4,No,NotPlaced
7787,6.7,1,1,1,81,4.1,No,NotPlaced
7788,6.5,0,2,1,72,3,Yes,NotPlaced
7789,6.5,0,1,3,76,4.4,No,NotPlaced
7790,7.9,2,1,1,70,4.7,No,NotPlaced
7791,7.4,1,1,0,60,4.2,Yes,NotPlaced
7792,7.3,1,1,1,71,4.4,Yes,NotPlaced
7793,6.5,1,3,0,74,4,Yes,Placed
7794,6.5,1,1,0,66,4.2,No,NotPlaced
7795,8.2,2,3,2,90,4.8,Yes,Placed
7796,8.5,2,3,2,90,4.8,Yes,Placed
7797,7.8,2,3,2,90,4.8,No,NotPlaced
7798,7.5,1,1,0,76,4.7,No,NotPlaced
7799,7.5,1,1,0,82,4.1,No,NotPlaced
7800,6.9,1,3,0,81,4.6,Yes,Placed
7801,8.6,2,3,2,90,4.8,Yes,Placed
7802,8.5,2,3,1,84,4.4,Yes,Placed
7803,8.5,2,3,2,85,4.7,Yes,Placed
7804,8.1,1,2,1,86,4.8,Yes,Placed
7805,6.6,2,3,1,85,4.1,No,NotPlaced
7806,8.2,1,1,2,79,4.7,Yes,Placed
7807,6.5,1,1,1,65,3,No,NotPlaced
7808,7.5,1,2,3,73,3.5,Yes,NotPlaced
7809,7.4,1,1,1,79,4.4,Yes,NotPlaced
7810,7.2,1,1,0,61,4.4,Yes,NotPlaced
7811,7.6,1,1,0,71,4.1,Yes,NotPlaced
7812,8.4,1,1,1,79,4.1,No,NotPlaced
7813,7.7,2,3,0,79,3.9,Yes,Placed
7814,7.7,2,3,0,90,4.6,No,NotPlaced
7815,8.1,2,2,1,76,4.8,Yes,NotPlaced
7816,8.5,1,3,2,90,4.7,Yes,Placed
7817,7.6,1,3,2,90,4.5,No,Placed
7818,7.4,1,3,1,87,4.6,No,NotPlaced
7819,6.6,1,1,0,74,4.7,No,NotPlaced
7820,8.3,2,3,2,90,4.8,Yes,NotPlaced
7821,8.3,2,3,0,85,4.8,Yes,Placed
7822,8,2,3,2,90,4.8,Yes,Placed
7823,8.3,1,3,1,81,4.8,Yes,NotPlaced
7824,7.8,1,2,0,79,4.4,Yes,NotPlaced
7825,6.9,0,1,2,72,4.8,Yes,Placed
7826,7.8,1,1,1,67,3.5,No,NotPlaced
7827,8.8,2,3,2,90,4.7,Yes,Placed
7828,7.5,0,2,0,67,3.1,No,NotPlaced
7829,7,0,1,3,86,4.2,Yes,NotPlaced
7830,8.4,1,1,0,75,3.7,No,NotPlaced
7831,6.5,1,1,1,78,4.3,Yes,NotPlaced
7832,7.4,1,2,2,80,3.9,Yes,Placed
7833,7.6,1,1,2,81,3.9,Yes,NotPlaced
7834,6.5,1,2,0,78,4.7,Yes,NotPlaced
7835,6.5,1,3,1,76,4.1,Yes,NotPlaced
7836,6.5,1,1,0,78,4.4,Yes,NotPlaced
7837,8.5,1,2,2,81,3.8,Yes,NotPlaced
7838,6.5,1,1,0,78,4.4,No,NotPlaced
7839,7.4,1,3,2,90,4,Yes,Placed
7840,7.7,1,1,1,71,4.2,No,NotPlaced
7841,7.7,1,1,1,78,4.8,No,NotPlaced
7842,6.5,1,3,1,70,4.2,Yes,NotPlaced
7843,7.9,2,3,2,76,4.5,No,Placed
7844,8,2,3,2,79,4.8,Yes,Placed
7845,8.6,2,2,1,77,4.5,Yes,NotPlaced
7846,7.5,0,1,1,83,4.4,Yes,NotPlaced
7847,8.4,0,1,0,84,4.8,Yes,Placed
7848,7.2,2,3,0,86,4.8,Yes,Placed
7849,6.9,0,1,0,78,4.5,Yes,NotPlaced
7850,8,1,3,0,82,3.8,No,NotPlaced
7851,6.9,0,1,0,71,3.6,No,NotPlaced
7852,7.9,0,2,1,72,4.3,Yes,NotPlaced
7853,8.4,1,1,2,90,4.8,Yes,Placed
7854,8.4,1,3,2,90,4.8,Yes,Placed
7855,6.7,1,2,1,85,4.8,Yes,Placed
7856,8,0,3,2,86,4.3,Yes,Placed
7857,8.3,1,3,0,84,4.4,Yes,NotPlaced
7858,8.1,1,3,1,78,4.1,Yes,NotPlaced
7859,6.8,1,2,0,79,4,Yes,NotPlaced
7860,7.5,1,3,0,78,4.5,Yes,NotPlaced
7861,7.7,1,1,0,74,4.2,Yes,NotPlaced
7862,8,2,3,2,86,4.8,Yes,Placed
7863,7.5,1,2,1,82,4,No,NotPlaced
7864,6.6,1,3,1,82,4.6,Yes,NotPlaced
7865,6.5,1,1,1,69,4.3,No,NotPlaced
7866,8.3,1,2,2,89,4.8,Yes,Placed
7867,6.8,1,1,0,71,4.4,No,NotPlaced
7868,8.1,1,1,1,79,4.5,No,NotPlaced
7869,8.9,1,3,0,85,4.8,Yes,Placed
7870,8.3,2,3,2,90,4.7,Yes,Placed
7871,8.5,2,3,2,86,4.7,Yes,Placed
7872,7.8,1,1,0,83,3.8,Yes,NotPlaced
7873,8.2,1,1,0,80,3.9,Yes,NotPlaced
7874,7.9,1,2,2,87,3.6,No,Placed
7875,7.6,0,1,0,83,4,Yes,NotPlaced
7876,7.3,0,1,0,75,3.4,No,NotPlaced
7877,6.6,0,2,0,68,3.8,No,NotPlaced
7878,8.5,1,2,0,87,4,Yes,Placed
7879,8.3,1,1,0,73,3.6,Yes,NotPlaced
7880,7.4,1,2,1,73,4,Yes,NotPlaced
7881,8.4,0,1,0,80,4.5,Yes,NotPlaced
7882,8.5,2,1,0,83,4.7,Yes,NotPlaced
7883,6.5,1,1,0,66,4.1,No,NotPlaced
7884,7.5,1,3,1,87,4.6,Yes,Placed
7885,8.4,2,3,2,90,4.8,Yes,Placed
7886,7.6,1,3,2,72,4.8,Yes,NotPlaced
7887,8.2,2,3,2,90,4.8,Yes,Placed
7888,6.5,1,3,2,84,4.5,Yes,Placed
7889,8.5,2,3,2,90,4.8,Yes,Placed
7890,7.6,1,1,1,73,3.7,No,NotPlaced
7891,7.6,1,1,1,66,3.8,No,NotPlaced
7892,8.1,2,3,2,90,4.8,Yes,Placed
7893,7.3,1,3,2,90,4.5,Yes,Placed
7894,6.6,2,3,0,77,4.4,Yes,Placed
7895,8.9,2,3,2,88,4.8,Yes,NotPlaced
7896,7.9,2,2,1,90,4.8,Yes,Placed
7897,7.7,1,2,0,87,4,Yes,Placed
7898,7.1,1,1,1,64,4.5,No,NotPlaced
7899,7.6,1,2,0,80,4.6,Yes,NotPlaced
7900,7.9,1,3,0,71,3.9,Yes,NotPlaced
7901,7.6,1,2,1,67,3.9,No,NotPlaced
7902,8,1,2,0,90,4.5,Yes,NotPlaced
7903,7.4,2,1,0,73,4.1,Yes,NotPlaced
7904,6.5,0,1,1,68,3.5,Yes,NotPlaced
7905,8.1,2,3,2,83,4.3,Yes,Placed
7906,8.2,1,3,2,83,4.4,Yes,Placed
7907,7.9,1,2,1,80,4.3,No,NotPlaced
7908,7.8,2,3,2,90,4.7,Yes,Placed
7909,7.3,0,1,0,78,3.7,Yes,NotPlaced
7910,8.1,1,2,2,86,4.8,Yes,Placed
7911,7.6,1,2,0,79,4.1,Yes,Placed
7912,7.6,1,2,1,68,4,Yes,NotPlaced
7913,7.8,2,2,2,81,4.5,Yes,Placed
7914,7.6,0,2,0,69,4.2,No,NotPlaced
7915,7.5,1,3,2,80,4.6,No,Placed
7916,8,1,3,3,85,4.7,Yes,NotPlaced
7917,8,2,3,2,85,4.8,Yes,Placed
7918,8.3,0,3,1,73,4.4,Yes,NotPlaced
7919,6.8,1,1,0,79,4.3,Yes,Placed
7920,7.2,1,3,2,84,4.4,Yes,NotPlaced
7921,8.6,1,1,2,89,4.3,Yes,NotPlaced
7922,7.5,2,1,3,79,3.4,No,NotPlaced
7923,8.7,2,3,3,90,4.7,Yes,Placed
7924,6.6,0,2,1,67,4.2,Yes,NotPlaced
7925,8.3,2,2,2,75,3.8,Yes,NotPlaced
7926,7.6,1,1,0,74,3.8,No,NotPlaced
7927,6.7,1,1,1,72,4.2,Yes,NotPlaced
7928,6.7,1,2,1,86,4.8,Yes,Placed
7929,7.3,1,2,0,80,4.5,Yes,Placed
7930,8.5,1,2,2,77,4.3,Yes,Placed
7931,8.3,2,3,2,90,4.8,Yes,Placed
7932,7.5,1,1,0,84,4.5,No,NotPlaced
7933,7.9,1,1,0,71,4.4,Yes,Placed
7934,8,0,2,0,60,4.2,No,NotPlaced
7935,8,2,3,2,90,4.8,Yes,Placed
7936,7.7,1,1,1,65,3.5,No,NotPlaced
7937,8.9,1,3,2,90,4.8,Yes,Placed
7938,8.2,2,3,2,85,4.8,No,NotPlaced
7939,8.3,1,2,0,76,4.5,Yes,Placed
7940,7.6,1,2,1,72,4.4,No,NotPlaced
7941,7.8,0,2,0,79,4.3,Yes,Placed
7942,7.4,0,2,1,71,4.7,Yes,NotPlaced
7943,7.9,1,1,1,76,3.8,Yes,Placed
7944,8.1,1,2,1,88,4.8,Yes,Placed
7945,8.1,2,3,2,90,4.8,Yes,Placed
7946,8,1,3,2,90,4.8,Yes,Placed
7947,7.5,1,1,1,82,4.6,Yes,NotPlaced
7948,8.5,0,3,2,90,4.6,Yes,Placed
7949,7.6,1,2,0,88,4.8,Yes,NotPlaced
7950,8.3,1,3,1,90,4.5,Yes,Placed
7951,8.3,1,3,2,88,4.8,Yes,Placed
7952,8.2,2,3,2,90,4.7,Yes,Placed
7953,8.5,2,3,0,89,4.5,Yes,Placed
7954,6.6,1,1,2,67,4,No,NotPlaced
7955,8.2,1,1,2,71,4.2,Yes,NotPlaced
7956,8.6,1,2,2,77,4.3,No,Placed
7957,6.7,0,1,1,77,3.7,No,NotPlaced
7958,7.6,1,1,0,69,4.5,No,NotPlaced
7959,8.1,1,3,2,90,4.7,Yes,Placed
7960,7.7,0,1,1,72,3.5,Yes,NotPlaced
7961,7.6,1,2,0,72,4.8,Yes,NotPlaced
7962,8,0,3,3,84,4.8,Yes,Placed
7963,8.3,0,1,0,87,4.5,Yes,Placed
7964,7.2,1,2,0,80,4.6,Yes,NotPlaced
7965,7.4,1,1,0,67,4.1,No,NotPlaced
7966,7.3,1,2,1,68,4.3,Yes,NotPlaced
7967,6.5,0,1,0,64,4.1,No,NotPlaced
7968,8.7,1,3,2,90,4.7,Yes,Placed
7969,7.7,1,1,1,75,4,Yes,NotPlaced
7970,8.4,2,3,2,90,4.8,Yes,Placed
7971,6.6,1,1,0,76,4.2,No,NotPlaced
7972,7.7,1,3,0,80,4.8,Yes,Placed
7973,8.2,1,2,3,84,4,Yes,NotPlaced
7974,6.5,2,3,2,80,4.2,Yes,NotPlaced
7975,8.1,1,1,0,81,3.5,Yes,NotPlaced
7976,8.7,2,3,2,90,4.8,Yes,Placed
7977,7.5,0,1,0,68,4.1,No,NotPlaced
7978,6.7,0,1,1,80,3.7,Yes,NotPlaced
7979,8.4,2,2,0,90,4.5,Yes,NotPlaced
7980,6.7,1,1,0,76,3.8,Yes,Placed
7981,8.3,0,3,0,90,4.6,Yes,Placed
7982,6.8,1,3,0,66,3.6,Yes,Placed
7983,6.5,1,2,0,85,4.7,Yes,Placed
7984,7.5,0,1,0,64,3.7,Yes,Placed
7985,8.3,1,3,2,82,4.8,Yes,Placed
7986,7.3,0,1,3,81,4.8,Yes,NotPlaced
7987,6.7,0,1,1,70,4.6,Yes,NotPlaced
7988,7.2,0,1,0,63,3.8,No,NotPlaced
7989,8.7,2,2,2,90,4.8,Yes,Placed
7990,7.7,1,2,0,77,4.3,Yes,Placed
7991,7.9,0,2,0,80,3.6,No,NotPlaced
7992,6.5,0,3,2,84,4.6,Yes,Placed
7993,8.9,2,3,2,90,4.8,Yes,Placed
7994,7.3,1,2,1,83,4.2,No,NotPlaced
7995,8.3,0,1,0,71,4.1,Yes,Placed
7996,6.5,0,1,0,80,3.9,Yes,NotPlaced
7997,7.5,2,3,0,85,4.3,No,Placed
7998,8.5,2,2,0,79,3.7,Yes,NotPlaced
7999,7.6,1,1,0,80,3.9,No,NotPlaced
8000,7.4,1,2,0,76,4.4,Yes,NotPlaced
8001,8.6,2,3,2,90,4.8,Yes,Placed
8002,8.1,2,3,2,90,4.6,Yes,Placed
8003,7.5,1,1,0,88,4.3,No,NotPlaced
8004,7.5,1,1,1,67,4.5,No,NotPlaced
8005,7.4,1,2,0,80,4.2,Yes,NotPlaced
8006,8.6,1,3,0,89,4.8,Yes,Placed
8007,6.8,1,1,1,75,3.8,Yes,NotPlaced
8008,8.6,2,1,2,90,4.8,Yes,Placed
8009,8,1,3,1,76,4.6,No,NotPlaced
8010,7.9,1,3,1,82,4.3,Yes,Placed
8011,8.1,1,3,2,89,4.6,Yes,Placed
8012,6.5,1,3,2,81,4.5,No,Placed
8013,7,1,2,0,69,4.3,Yes,NotPlaced
8014,8,2,3,2,88,4.8,Yes,Placed
8015,6.9,1,2,1,90,3.9,Yes,NotPlaced
8016,8.3,2,3,2,90,4.8,No,Placed
8017,7.8,1,2,0,84,3,Yes,NotPlaced
8018,7.4,0,1,0,76,4,No,NotPlaced
8019,6.7,1,2,0,67,3.9,No,NotPlaced
8020,6.6,1,3,0,62,3.8,Yes,NotPlaced
8021,6.6,1,3,2,81,4.5,No,NotPlaced
8022,7.5,1,1,1,74,3.9,Yes,NotPlaced
8023,7.2,1,2,2,75,4.3,Yes,NotPlaced
8024,7.5,1,2,0,69,3.5,No,NotPlaced
8025,8.1,1,3,2,81,4.5,Yes,Placed
8026,8.3,2,3,2,90,4.7,Yes,Placed
8027,8.1,1,1,1,77,4.1,Yes,Placed
8028,8.2,1,2,1,84,4.8,Yes,NotPlaced
8029,8.1,2,2,0,83,4.7,Yes,Placed
8030,7.5,0,1,0,71,4.1,Yes,NotPlaced
8031,8.3,0,1,2,85,4.7,Yes,Placed
8032,6.9,0,1,1,65,4.1,Yes,Placed
8033,8,1,3,2,90,4.7,Yes,Placed
8034,8.1,1,3,0,88,4,Yes,Placed
8035,8.3,0,3,2,83,4.3,Yes,Placed
8036,8.4,2,3,1,73,4.2,Yes,NotPlaced
8037,7.6,1,2,1,68,4.1,Yes,NotPlaced
8038,8.1,1,2,0,83,4.1,No,NotPlaced
8039,8.4,0,1,2,74,4.2,Yes,NotPlaced
8040,8.2,2,3,2,86,4.8,Yes,Placed
8041,6.5,1,1,1,76,4.1,Yes,NotPlaced
8042,8.4,0,1,2,89,4.8,Yes,Placed
8043,8.1,2,3,2,90,4.8,Yes,Placed
8044,8.2,0,3,2,90,4.5,Yes,Placed
8045,6.9,1,1,0,75,4.1,Yes,NotPlaced
8046,8.2,1,2,2,89,4.8,Yes,Placed
8047,7.6,0,1,1,66,4.2,Yes,NotPlaced
8048,8.3,1,1,0,83,4,Yes,NotPlaced
8049,8.3,1,1,1,72,4.7,Yes,NotPlaced
8050,7.9,0,3,2,83,4.8,Yes,Placed
8051,6.5,0,2,0,73,3.7,Yes,NotPlaced
8052,6.5,1,1,0,80,3.8,Yes,NotPlaced
8053,6.6,0,1,0,74,3.9,Yes,NotPlaced
8054,7.6,1,1,0,84,4.1,Yes,NotPlaced
8055,7.9,1,2,2,63,3.8,Yes,NotPlaced
8056,7.6,2,3,2,90,4.8,Yes,Placed
8057,6.6,0,2,0,75,3.9,Yes,Placed
8058,8.3,1,3,2,90,4.7,Yes,Placed
8059,8.4,2,3,2,90,4.8,Yes,Placed
8060,6.5,0,2,0,80,4.2,No,NotPlaced
8061,7.4,2,3,0,81,4.6,No,NotPlaced
8062,7.7,0,1,1,70,3.6,Yes,NotPlaced
8063,8.2,1,1,1,69,4.2,Yes,NotPlaced
8064,6.5,1,1,1,83,4.2,No,NotPlaced
8065,7,1,1,1,68,3.7,No,NotPlaced
8066,8.7,2,3,2,90,4.8,Yes,Placed
8067,8.5,2,3,2,81,4.5,Yes,Placed
8068,6.7,1,1,0,64,3.7,Yes,NotPlaced
8069,8.9,1,3,2,90,4.6,Yes,Placed
8070,7.4,1,1,1,73,3.6,Yes,NotPlaced
8071,8.8,1,3,2,90,4.8,Yes,Placed
8072,7.4,0,1,0,65,4.2,No,NotPlaced
8073,7.5,2,3,2,90,4.7,Yes,Placed
8074,8.3,1,2,2,89,4.6,Yes,Placed
8075,8.5,2,1,2,87,4.8,Yes,Placed
8076,8,2,3,2,90,4.8,Yes,Placed
8077,8.2,2,3,2,88,4.5,Yes,Placed
8078,8.4,1,2,2,84,4.7,Yes,NotPlaced
8079,8.1,2,3,2,87,4.6,Yes,Placed
8080,6.7,1,2,2,68,4.1,No,NotPlaced
8081,8.1,1,3,3,77,4.1,Yes,Placed
8082,7.6,1,3,2,90,4.8,Yes,Placed
8083,7.3,1,1,0,82,3.9,No,NotPlaced
8084,7.9,1,1,0,75,4.3,No,Placed
8085,6.5,1,2,0,67,4.1,Yes,NotPlaced
8086,7.7,1,1,0,70,4.4,Yes,NotPlaced
8087,8.5,2,3,2,90,4.8,Yes,Placed
8088,8.2,1,2,0,71,4.7,Yes,NotPlaced
8089,8.3,2,3,2,90,4.8,Yes,Placed
8090,8.2,2,3,2,90,4.4,Yes,Placed
8091,8.7,1,1,2,82,4.2,Yes,NotPlaced
8092,8.5,1,1,1,84,4.6,Yes,NotPlaced
8093,7.6,1,1,0,82,3.7,Yes,NotPlaced
8094,8.1,1,3,0,90,4.8,Yes,Placed
8095,8.6,1,3,0,86,3.8,Yes,NotPlaced
8096,7.5,1,1,1,76,3.6,No,NotPlaced
8097,7.4,1,1,1,79,4.3,No,NotPlaced
8098,8.2,1,3,0,86,4.7,Yes,Placed
8099,7.6,1,1,0,71,3.3,Yes,NotPlaced
8100,7.4,1,1,0,74,4,Yes,NotPlaced
8101,8.3,2,3,2,84,4.4,Yes,Placed
8102,7.8,1,3,0,81,4.3,Yes,Placed
8103,8.5,2,3,1,86,4.5,Yes,Placed
8104,8.1,1,1,1,67,3.8,No,NotPlaced
8105,7.4,0,2,1,72,4.4,Yes,Placed
8106,8.1,1,3,0,69,3.9,No,NotPlaced
8107,7.6,1,1,1,76,3.8,Yes,Placed
8108,7.6,1,3,1,73,4.8,Yes,Placed
8109,7.8,2,1,0,70,3.5,No,NotPlaced
8110,7.3,1,1,1,68,4.7,Yes,NotPlaced
8111,8.6,1,3,2,72,4,Yes,Placed
8112,8.3,2,3,2,90,4.8,Yes,Placed
8113,8.2,2,3,2,90,4.6,Yes,Placed
8114,7.9,1,2,0,90,4.1,Yes,Placed
8115,6.5,0,1,0,73,3.7,No,NotPlaced
8116,7.7,0,1,0,66,4.2,Yes,NotPlaced
8117,8.1,2,3,0,83,3.8,No,Placed
8118,7.5,2,3,2,77,4.8,Yes,Placed
8119,7.2,0,2,0,69,4.1,Yes,NotPlaced
8120,7.7,2,1,1,80,4.7,No,NotPlaced
8121,8,1,3,1,89,4.8,No,Placed
8122,7.8,1,3,0,75,4.2,Yes,Placed
8123,8.2,1,1,0,77,3.8,No,NotPlaced
8124,7.6,1,3,0,77,4.3,Yes,NotPlaced
8125,8.5,1,3,1,84,4.8,Yes,Placed
8126,8.4,1,3,2,90,4.8,Yes,Placed
8127,7.6,0,3,0,79,4.6,Yes,NotPlaced
8128,8.2,2,3,2,90,4.8,Yes,NotPlaced
8129,7.4,1,3,0,80,4.6,Yes,NotPlaced
8130,6.6,1,1,0,82,3.9,No,NotPlaced
8131,7.4,2,2,2,86,4,Yes,NotPlaced
8132,6.5,0,1,0,67,3.5,Yes,NotPlaced
8133,7.7,2,2,2,90,4.8,Yes,Placed
8134,7.5,1,2,0,69,4.1,Yes,NotPlaced
8135,7.4,0,2,1,89,4.3,Yes,NotPlaced
8136,8.2,0,3,0,77,4,No,NotPlaced
8137,7.5,0,3,0,83,3.8,Yes,Placed
8138,8.1,2,3,1,85,4.8,Yes,Placed
8139,7.9,0,1,1,61,4.4,No,NotPlaced
8140,7.7,1,1,0,64,3.8,No,NotPlaced
8141,8.3,2,3,2,90,4.4,Yes,Placed
8142,7.4,2,1,1,80,4.1,No,NotPlaced
8143,7.9,2,3,2,85,4.8,Yes,Placed
8144,7.4,1,2,1,86,4.5,Yes,NotPlaced
8145,7.7,1,2,0,71,4.4,Yes,NotPlaced
8146,8.5,1,3,2,90,4.8,No,Placed
8147,7.7,1,1,2,76,4,Yes,Placed
8148,7.5,1,2,1,66,4,Yes,NotPlaced
8149,8.2,2,3,2,87,4.8,Yes,Placed
8150,7.9,1,2,1,85,4.8,No,Placed
8151,7.5,0,1,1,72,4.6,Yes,NotPlaced
8152,7.8,1,3,1,75,4.6,Yes,Placed
8153,7.6,1,2,1,87,4.3,No,NotPlaced
8154,7.5,1,1,1,66,4.3,No,NotPlaced
8155,7.8,2,3,2,90,4.7,Yes,Placed
8156,8.3,1,1,0,86,4.2,Yes,Placed
8157,8.3,2,3,3,90,4.8,Yes,Placed
8158,8.2,2,3,2,90,4.6,Yes,Placed
8159,7,1,1,0,79,4.3,No,NotPlaced
8160,6.6,1,1,0,73,3.9,Yes,NotPlaced
8161,8.6,2,3,2,90,4.8,Yes,Placed
8162,8,2,3,0,90,4.8,Yes,NotPlaced
8163,7.7,2,3,2,87,4.8,Yes,Placed
8164,8.2,0,3,0,81,4.2,Yes,Placed
8165,8.4,2,3,2,90,4.8,Yes,Placed
8166,6.5,0,1,0,76,4.7,Yes,NotPlaced
8167,6.9,0,1,0,60,4.6,No,NotPlaced
8168,8.1,2,3,2,90,4.8,Yes,Placed
8169,6.6,1,1,1,75,3.9,Yes,NotPlaced
8170,7.9,1,1,2,87,4.2,Yes,NotPlaced
8171,7.5,1,2,0,83,4.7,Yes,Placed
8172,8.6,0,3,3,90,4.8,Yes,Placed
8173,8.4,1,3,2,78,4.5,Yes,Placed
8174,7.9,2,3,2,90,4.6,Yes,Placed
8175,7.5,0,2,0,70,3.5,Yes,Placed
8176,9,2,3,0,90,4.8,Yes,Placed
8177,7.9,0,3,2,80,4.7,Yes,Placed
8178,6.5,1,1,0,88,3.9,No,NotPlaced
8179,7.3,1,1,1,67,4.4,Yes,NotPlaced
8180,7.9,0,3,1,86,4.6,Yes,Placed
8181,7,1,1,0,74,4.5,No,NotPlaced
8182,7.1,1,1,3,75,4.4,Yes,NotPlaced
8183,7.3,1,2,0,83,4.5,Yes,Placed
8184,6.7,0,1,0,70,4.7,Yes,Placed
8185,8.6,1,2,1,90,4.2,Yes,Placed
8186,8.4,0,3,2,88,4.3,Yes,Placed
8187,8.4,2,3,0,89,4.8,Yes,NotPlaced
8188,7.9,0,2,0,69,4,Yes,NotPlaced
8189,7.6,1,1,1,74,3.9,No,NotPlaced
8190,7.9,1,3,1,90,4.8,Yes,Placed
8191,7.6,1,2,0,67,4.2,Yes,NotPlaced
8192,6.5,1,2,0,89,4.5,Yes,NotPlaced
8193,7.4,1,2,1,84,4.6,Yes,NotPlaced
8194,8.2,0,2,2,86,4.5,No,NotPlaced
8195,8.1,2,3,2,77,4.5,Yes,NotPlaced
8196,7.6,1,1,1,70,4.4,No,NotPlaced
8197,8.4,2,3,2,90,4.8,Yes,Placed
8198,8.6,2,3,2,87,4.7,Yes,Placed
8199,7.4,1,1,0,74,3.8,No,NotPlaced
8200,7.6,1,1,1,71,4.2,No,NotPlaced
8201,7.6,0,1,0,77,3,No,NotPlaced
8202,8,2,3,3,90,4.8,Yes,Placed
8203,6.5,1,2,0,67,3.9,No,NotPlaced
8204,7.6,1,2,1,77,4.4,Yes,NotPlaced
8205,7.3,0,2,0,82,4.5,Yes,NotPlaced
8206,6.5,1,1,2,69,4.2,No,NotPlaced
8207,8.4,2,3,0,90,4.8,Yes,Placed
8208,8.3,0,1,1,72,3.8,No,NotPlaced
8209,6.9,1,2,0,80,3.4,No,NotPlaced
8210,7.5,0,2,1,70,3.8,Yes,Placed
8211,8.1,2,3,0,84,4.8,Yes,Placed
8212,8,2,1,2,90,4.6,Yes,NotPlaced
8213,7.7,1,1,1,75,4.5,Yes,NotPlaced
8214,8.3,2,3,2,86,4.6,Yes,Placed
8215,8.4,2,3,2,90,4.8,Yes,Placed
8216,7.7,2,3,1,85,4.2,Yes,NotPlaced
8217,6.5,1,1,1,80,3.6,No,NotPlaced
8218,8.3,2,1,1,71,3.9,Yes,NotPlaced
8219,7.7,1,2,1,61,3.7,Yes,NotPlaced
8220,7.4,0,2,1,79,3.6,Yes,NotPlaced
8221,8,2,1,2,77,4.4,Yes,NotPlaced
8222,6.8,1,3,0,61,4.3,No,NotPlaced
8223,7.5,1,1,0,75,4.1,Yes,NotPlaced
8224,7.6,1,1,0,84,4.2,Yes,NotPlaced
8225,7.7,1,1,0,69,4,No,NotPlaced
8226,7.8,1,1,0,61,3.4,No,NotPlaced
8227,8.3,1,1,2,83,4,Yes,Placed
8228,8.3,2,1,2,83,4.4,Yes,NotPlaced
8229,8.5,1,3,2,90,4.7,Yes,Placed
8230,6.5,1,1,0,70,4,Yes,NotPlaced
8231,8.7,2,3,2,90,4.8,Yes,Placed
8232,6.6,0,1,3,84,3.7,No,NotPlaced
8233,6.7,0,1,1,78,4.3,No,NotPlaced
8234,8.3,1,2,1,80,4.3,Yes,Placed
8235,7.4,1,1,1,70,4,No,NotPlaced
8236,7.7,1,1,2,88,4.2,Yes,Placed
8237,6.8,0,1,1,67,3.4,Yes,NotPlaced
8238,8,1,2,0,88,4.4,Yes,Placed
8239,7.4,1,1,1,72,4,No,NotPlaced
8240,6.6,0,1,1,66,3.8,No,NotPlaced
8241,7.5,1,1,0,64,4.3,No,NotPlaced
8242,8.3,0,3,1,80,4.8,Yes,Placed
8243,7.5,1,3,2,72,4.5,Yes,NotPlaced
8244,8,2,2,2,88,4.4,No,NotPlaced
8245,8.4,1,3,2,84,4.8,Yes,NotPlaced
8246,7.7,1,3,2,86,4.7,Yes,Placed
8247,7.7,1,2,0,86,4.5,Yes,Placed
8248,7.8,1,2,2,85,4.3,Yes,Placed
8249,8.4,1,3,2,80,4.5,Yes,Placed
8250,6.7,0,1,1,68,4.3,No,NotPlaced
8251,7.5,1,1,1,79,3.9,No,NotPlaced
8252,7.5,2,1,1,78,4.3,Yes,NotPlaced
8253,8.5,2,3,2,90,4.8,Yes,Placed
8254,8.3,0,3,1,86,4.3,Yes,Placed
8255,8.3,2,3,0,73,4.5,Yes,NotPlaced
8256,8.5,1,3,2,89,4.8,Yes,Placed
8257,8,0,3,0,88,4.4,Yes,NotPlaced
8258,8.7,1,3,2,90,4.8,Yes,Placed
8259,8.1,0,3,0,76,3.9,Yes,NotPlaced
8260,8,2,3,2,86,3.8,Yes,Placed
8261,8.5,2,3,0,85,4.5,Yes,Placed
8262,8.5,2,3,3,90,4.7,Yes,Placed
8263,7.5,1,3,3,90,4.8,No,Placed
8264,8.1,2,3,2,90,3.8,Yes,Placed
8265,8.3,1,3,2,76,4.5,Yes,Placed
8266,8.3,2,3,2,89,4.8,No,Placed
8267,7.5,1,3,1,79,3.8,Yes,NotPlaced
8268,7.5,0,1,1,75,4.3,No,NotPlaced
8269,7,1,1,0,70,4.1,No,NotPlaced
8270,7.8,0,2,2,82,4.8,Yes,NotPlaced
8271,7.4,1,3,2,73,4.1,Yes,Placed
8272,8.1,2,3,2,90,4.7,No,NotPlaced
8273,7.6,2,2,2,80,4.8,Yes,Placed
8274,6.7,1,1,0,74,3.5,No,NotPlaced
8275,8,2,3,2,90,4.8,Yes,Placed
8276,7.6,1,2,1,81,4.4,Yes,Placed
8277,8.6,1,3,2,90,4.8,Yes,Placed
8278,8.6,0,3,2,90,4.7,Yes,Placed
8279,7.8,1,3,2,78,4.8,Yes,NotPlaced
8280,7.5,1,3,0,83,4.8,Yes,Placed
8281,8.7,2,3,2,90,4.6,Yes,Placed
8282,7.7,1,2,1,74,4.5,No,NotPlaced
8283,7.4,1,1,1,70,4.3,Yes,NotPlaced
8284,7.8,2,1,1,87,4.4,Yes,NotPlaced
8285,6.7,1,3,2,86,4.1,Yes,Placed
8286,6.5,1,2,0,81,4.1,No,NotPlaced
8287,8.4,2,3,2,90,4.3,Yes,Placed
8288,7.5,1,1,0,71,4.1,Yes,NotPlaced
8289,7.9,1,2,2,86,4.8,Yes,NotPlaced
8290,7.4,0,2,2,82,4.8,Yes,Placed
8291,7.5,1,1,0,77,4.1,Yes,NotPlaced
8292,7.7,1,3,2,87,4.5,Yes,Placed
8293,6.5,1,1,1,83,4.4,No,NotPlaced
8294,8.3,2,1,2,84,4.8,Yes,Placed
8295,7.6,1,1,1,80,3.7,Yes,NotPlaced
8296,6.7,2,2,1,76,3.9,Yes,Placed
8297,7.6,0,1,1,83,3.4,Yes,Placed
8298,7.7,1,2,3,78,4.4,No,NotPlaced
8299,8.4,0,1,0,78,4.5,Yes,NotPlaced
8300,6.8,2,1,0,65,4.6,Yes,NotPlaced
8301,8.2,2,3,2,73,4.3,Yes,NotPlaced
8302,7.5,0,1,0,72,4.5,Yes,NotPlaced
8303,7.8,1,2,0,84,4.4,Yes,NotPlaced
8304,8.4,2,3,2,90,4.7,Yes,Placed
8305,7.7,1,1,0,71,3.9,No,NotPlaced
8306,7.8,1,3,2,83,4.6,Yes,Placed
8307,8.3,2,3,2,85,4.8,Yes,NotPlaced
8308,7.5,0,1,0,82,4.6,Yes,Placed
8309,6.5,0,2,1,65,4.2,No,NotPlaced
8310,7.9,1,3,2,75,4.6,Yes,Placed
8311,7.7,0,2,1,75,4.1,Yes,Placed
8312,8.4,2,3,2,90,4.7,Yes,Placed
8313,8.1,0,3,2,77,4.8,No,NotPlaced
8314,7.6,2,3,2,87,4.3,Yes,Placed
8315,8,1,3,2,78,3.7,No,NotPlaced
8316,7.6,1,2,1,74,4.7,Yes,NotPlaced
8317,6.5,1,2,1,69,4.5,Yes,NotPlaced
8318,6.7,0,1,0,74,4,No,NotPlaced
8319,7.9,0,2,2,81,4.3,No,NotPlaced
8320,8.5,1,3,0,90,4.8,Yes,Placed
8321,6.5,1,1,0,78,4.5,Yes,NotPlaced
8322,7.9,2,3,2,90,4.8,Yes,Placed
8323,6.5,1,2,1,65,4.6,Yes,NotPlaced
8324,7,1,1,1,86,3.8,No,NotPlaced
8325,6.5,1,2,1,79,3.1,Yes,Placed
8326,8.7,1,3,2,79,4.6,Yes,NotPlaced
8327,7.6,1,2,2,76,4.5,Yes,Placed
8328,8.2,2,3,2,90,4.8,Yes,Placed
8329,6.5,1,1,1,66,3.3,No,NotPlaced
8330,6.7,1,2,1,76,4.6,Yes,NotPlaced
8331,8.6,2,3,2,84,4.6,Yes,Placed
8332,7.4,1,2,0,64,4.7,Yes,NotPlaced
8333,6.5,1,1,2,85,4.3,Yes,NotPlaced
8334,7.5,1,1,0,75,3.6,No,NotPlaced
8335,6.5,2,3,0,81,3.5,Yes,NotPlaced
8336,8.6,1,3,0,89,4.5,Yes,Placed
8337,7.9,2,3,2,82,4.8,Yes,Placed
8338,7.5,1,1,1,68,4.4,No,NotPlaced
8339,7.9,2,3,2,90,4.6,No,NotPlaced
8340,8.3,1,3,2,90,4.8,Yes,Placed
8341,7.5,0,1,0,63,3.6,No,NotPlaced
8342,8.5,1,3,1,72,3.8,Yes,Placed
8343,7.6,0,3,2,87,4.8,Yes,Placed
8344,6.5,1,2,2,81,3.6,Yes,Placed
8345,8.4,1,3,0,75,4.4,Yes,Placed
8346,7.9,0,3,1,84,4.3,No,Placed
8347,7.6,0,1,1,62,4.1,No,NotPlaced
8348,8.4,2,3,1,86,4.7,Yes,Placed
8349,7.2,2,3,2,90,4.7,Yes,Placed
8350,7.9,0,1,0,79,4.4,No,NotPlaced
8351,6.6,0,1,0,71,4.3,Yes,NotPlaced
8352,8.3,0,3,2,79,3.7,Yes,Placed
8353,8.1,2,3,0,81,4.7,Yes,Placed
8354,8.6,2,3,2,90,4.8,Yes,Placed
8355,7.7,1,3,1,82,4.5,Yes,NotPlaced
8356,6.5,1,1,0,77,4.7,No,NotPlaced
8357,8.6,2,2,1,90,4.6,Yes,Placed
8358,7.2,1,2,2,70,4.1,No,NotPlaced
8359,7.8,1,2,0,77,4.4,Yes,NotPlaced
8360,6.5,1,3,2,78,4.2,Yes,NotPlaced
8361,7.5,0,1,2,78,4.6,Yes,NotPlaced
8362,8.3,2,2,2,90,4.6,Yes,Placed
8363,8.3,1,3,2,89,4.7,Yes,Placed
8364,8.5,2,3,0,90,4.8,Yes,Placed
8365,6.6,1,2,0,71,4.6,No,NotPlaced
8366,8.1,2,3,1,90,4.7,Yes,NotPlaced
8367,7.3,0,1,1,71,4.6,No,NotPlaced
8368,7.6,0,1,1,72,4.4,Yes,NotPlaced
8369,8.6,1,3,3,84,4.5,Yes,Placed
8370,6.9,1,1,0,68,3.7,No,NotPlaced
8371,7.5,1,2,0,65,4.1,Yes,NotPlaced
8372,8.3,2,3,2,90,4.3,Yes,NotPlaced
8373,8.4,1,1,2,69,4.4,No,NotPlaced
8374,8.5,2,3,2,90,4.1,Yes,Placed
8375,8.5,1,1,2,88,4.5,Yes,Placed
8376,9,2,3,2,90,4.8,Yes,Placed
8377,8.4,2,3,1,83,4.8,No,Placed
8378,8.4,0,3,0,90,4.8,Yes,Placed
8379,8.6,2,3,2,90,4.8,Yes,NotPlaced
8380,8.3,2,3,1,79,4.4,Yes,NotPlaced
8381,7.6,1,1,0,79,4.2,No,NotPlaced
8382,7.6,1,1,1,77,4.8,Yes,NotPlaced
8383,7.5,1,1,1,68,4.5,Yes,NotPlaced
8384,7.4,1,3,2,80,4.4,Yes,Placed
8385,6.5,1,1,0,79,4.3,Yes,NotPlaced
8386,6.5,0,2,2,82,4.3,Yes,NotPlaced
8387,7.7,1,1,0,72,4.5,Yes,Placed
8388,8.4,1,3,2,90,4.8,Yes,NotPlaced
8389,7.4,1,1,0,72,4.1,Yes,NotPlaced
8390,8.3,1,3,2,90,4.7,Yes,Placed
8391,6.8,1,3,2,78,4.5,Yes,NotPlaced
8392,6.7,2,3,0,85,4.4,Yes,Placed
8393,7.4,1,2,3,83,4.7,Yes,Placed
8394,7.3,0,2,1,70,3.7,Yes,Placed
8395,7.8,1,2,2,90,4.5,Yes,Placed
8396,8.3,2,3,2,90,4.8,Yes,Placed
8397,7.6,1,1,1,66,4.3,No,NotPlaced
8398,6.5,1,2,0,76,4.5,Yes,NotPlaced
8399,8.4,1,0,0,75,4.7,Yes,Placed
8400,8.2,2,3,2,90,4.8,Yes,Placed
8401,8.2,1,3,0,82,4.7,Yes,Placed
8402,8.2,0,3,2,83,4.7,Yes,NotPlaced
8403,7,1,2,0,77,4.1,Yes,NotPlaced
8404,8,2,3,2,90,4.8,Yes,Placed
8405,7.5,1,2,1,77,4.7,Yes,Placed
8406,8,2,1,2,80,4.6,No,Placed
8407,8.5,2,3,2,82,4.4,Yes,Placed
8408,8.2,1,3,2,88,4.8,Yes,Placed
8409,8.2,1,3,2,81,4.8,Yes,Placed
8410,8.2,0,3,2,90,4.2,No,NotPlaced
8411,8.3,2,3,2,90,4.3,Yes,Placed
8412,7.7,1,3,2,76,4.4,Yes,NotPlaced
8413,7.5,2,3,1,73,4.3,Yes,NotPlaced
8414,7.4,1,1,0,72,3.6,No,NotPlaced
8415,7.9,1,3,0,85,4.8,Yes,Placed
8416,7.7,2,3,2,90,4.8,No,Placed
8417,7.4,2,1,0,80,4,Yes,NotPlaced
8418,7.6,1,3,0,78,3.9,Yes,NotPlaced
8419,7.8,1,1,1,83,3.7,Yes,NotPlaced
8420,7,0,3,0,75,3.9,No,Placed
8421,8,1,3,1,90,4.4,Yes,NotPlaced
8422,8.3,2,3,2,90,4.8,Yes,Placed
8423,8.3,0,1,0,90,4.1,No,NotPlaced
8424,7.4,1,1,0,88,4,Yes,NotPlaced
8425,8.3,1,2,0,78,4.6,Yes,Placed
8426,7.3,1,2,1,73,4,No,NotPlaced
8427,7.9,0,3,2,80,4.2,Yes,Placed
8428,8.7,2,3,2,90,4.8,Yes,Placed
8429,6.9,1,1,1,64,4.6,No,NotPlaced
8430,7.6,0,1,1,60,3.2,No,NotPlaced
8431,6.5,0,1,1,66,4.6,No,NotPlaced
8432,7.5,1,1,0,88,4.6,No,NotPlaced
8433,7,1,1,1,73,4.6,No,NotPlaced
8434,7.5,0,1,0,89,4.5,No,NotPlaced
8435,7.9,0,1,0,80,4.8,Yes,NotPlaced
8436,7.4,1,3,0,70,3.8,No,NotPlaced
8437,6.5,1,2,1,84,3.8,Yes,NotPlaced
8438,7.5,1,3,1,84,4.6,No,NotPlaced
8439,6.8,1,1,0,69,3.9,No,NotPlaced
8440,7.6,1,2,0,70,4.2,No,NotPlaced
8441,8.5,2,3,2,90,4.8,Yes,Placed
8442,6.5,1,1,0,68,4,Yes,NotPlaced
8443,7.4,2,2,0,65,3.9,No,NotPlaced
8444,6.6,1,3,3,65,4.2,Yes,Placed
8445,6.5,1,2,0,78,4.5,No,NotPlaced
8446,8.1,1,3,2,80,4.5,No,Placed
8447,6.6,2,1,0,74,4.3,Yes,NotPlaced
8448,8,2,3,2,90,4.7,Yes,NotPlaced
8449,6.6,1,1,0,69,3.9,Yes,NotPlaced
8450,8.4,2,3,3,89,4.6,Yes,Placed
8451,7.5,1,1,0,74,4.7,No,NotPlaced
8452,7.4,0,1,0,68,4.1,Yes,NotPlaced
8453,8.2,2,3,2,90,4.8,No,Placed
8454,7.6,1,1,0,74,4.5,Yes,NotPlaced
8455,8.3,0,2,0,85,4.2,No,NotPlaced
8456,7.4,1,3,2,76,3.7,Yes,NotPlaced
8457,7.6,1,1,0,77,3.7,Yes,Placed
8458,7.3,1,2,1,83,3.2,Yes,NotPlaced
8459,8.3,1,3,3,88,4,Yes,Placed
8460,7.4,2,0,0,69,4.4,No,NotPlaced
8461,8.2,1,3,2,85,4.6,Yes,Placed
8462,8.5,1,3,2,90,4.8,Yes,Placed
8463,8.2,1,3,0,88,4.2,Yes,Placed
8464,6.5,2,3,1,76,4.3,No,NotPlaced
8465,7.1,0,1,0,73,4.1,Yes,NotPlaced
8466,7.6,0,1,1,65,4.1,No,NotPlaced
8467,8.4,2,3,2,90,4.8,No,Placed
8468,8.5,1,3,2,85,4.6,Yes,Placed
8469,6.6,0,1,0,68,4.8,No,Placed
8470,7.9,1,1,0,90,4.5,Yes,Placed
8471,7.6,1,2,1,88,4.2,Yes,Placed
8472,8.4,1,3,2,90,4.2,Yes,Placed
8473,6.5,1,1,0,77,4.3,No,NotPlaced
8474,7.3,0,3,0,72,4.4,No,NotPlaced
8475,8.3,1,3,2,88,4.8,Yes,Placed
8476,6.5,1,1,0,83,4.6,Yes,NotPlaced
8477,7.6,1,1,1,63,3.8,No,NotPlaced
8478,7.2,0,2,0,82,4.8,Yes,NotPlaced
8479,8.3,2,2,2,87,4.7,Yes,Placed
8480,7.6,1,2,0,70,3.7,Yes,Placed
8481,8.2,1,3,2,90,4.6,Yes,Placed
8482,6.5,1,1,0,89,3.7,Yes,NotPlaced
8483,8.2,2,3,2,90,4.5,Yes,Placed
8484,8.2,0,3,2,81,4.6,Yes,NotPlaced
8485,8.5,2,3,2,90,4.8,Yes,Placed
8486,7.8,1,3,1,82,4.8,Yes,Placed
8487,7.4,1,1,0,60,4.3,Yes,Placed
8488,7.3,1,2,1,80,4.3,Yes,Placed
8489,7.8,1,1,0,73,4.6,Yes,NotPlaced
8490,7.6,0,3,1,70,4.1,No,NotPlaced
8491,6.5,1,1,0,65,3.6,No,NotPlaced
8492,8.5,2,2,2,87,4.8,Yes,Placed
8493,8.3,1,1,0,88,4.1,No,NotPlaced
8494,6.5,0,3,0,66,3.5,No,NotPlaced
8495,8.5,2,3,0,87,4.6,Yes,Placed
8496,8.2,2,2,2,87,4.8,Yes,Placed
8497,8.2,2,3,2,90,4.6,Yes,Placed
8498,8.3,1,2,2,76,4,Yes,NotPlaced
8499,7.4,2,2,1,82,4.6,Yes,NotPlaced
8500,7.8,0,1,1,90,4.2,Yes,Placed
8501,6.7,1,1,0,74,3.7,Yes,NotPlaced
8502,8.1,2,2,1,79,4.5,Yes,NotPlaced
8503,7.5,1,1,0,78,3.8,No,NotPlaced
8504,6.5,1,2,0,77,4,No,NotPlaced
8505,8.3,2,2,2,73,3.9,Yes,NotPlaced
8506,6.5,1,3,2,87,4.7,Yes,Placed
8507,7.7,0,1,1,67,3.4,No,NotPlaced
8508,6.5,0,3,1,82,4.6,No,NotPlaced
8509,7.3,1,1,0,80,3.6,Yes,Placed
8510,8.4,1,3,0,75,4.6,Yes,NotPlaced
8511,7.9,2,3,2,88,4.6,Yes,Placed
8512,6.8,1,3,1,86,4.8,Yes,NotPlaced
8513,7.5,1,2,2,68,4,Yes,Placed
8514,7.4,1,1,1,69,3.9,No,NotPlaced
8515,7.7,0,1,0,89,4.2,No,NotPlaced
8516,7.7,0,1,0,81,3.8,Yes,NotPlaced
8517,7.4,2,3,2,80,4.8,Yes,NotPlaced
8518,7.7,1,2,0,75,4.4,No,NotPlaced
8519,7.5,1,1,1,74,4.5,Yes,NotPlaced
8520,6.5,1,1,0,73,4.1,Yes,NotPlaced
8521,8.2,2,3,2,90,4.8,Yes,Placed
8522,7.4,1,1,3,70,4.5,Yes,NotPlaced
8523,8.5,2,3,2,90,4.8,Yes,Placed
8524,7.5,1,1,1,81,4,Yes,NotPlaced
8525,7.9,2,2,0,77,4.4,Yes,Placed
8526,7.9,1,2,2,83,4.8,Yes,Placed
8527,8.2,2,3,2,88,4.5,No,Placed
8528,7.6,1,3,2,90,4,Yes,NotPlaced
8529,6.5,1,1,0,82,4.6,Yes,NotPlaced
8530,6.5,1,1,1,72,3.8,Yes,NotPlaced
8531,8,0,1,2,89,4.7,Yes,Placed
8532,7.5,0,2,0,80,3.8,Yes,NotPlaced
8533,7.6,1,2,1,83,4.8,Yes,NotPlaced
8534,6.5,1,1,1,66,3.7,Yes,NotPlaced
8535,8.3,2,2,1,87,4.5,Yes,NotPlaced
8536,6.5,1,1,1,66,3.8,Yes,NotPlaced
8537,8.2,1,2,0,88,4.8,Yes,Placed
8538,7.6,1,1,3,76,3.8,Yes,NotPlaced
8539,7.7,1,2,0,81,4.8,No,NotPlaced
8540,8.3,1,3,2,87,4.7,Yes,Placed
8541,7.1,1,3,1,74,4.3,Yes,Placed
8542,7.8,1,3,2,90,4.8,Yes,NotPlaced
8543,7.4,1,2,1,90,4.4,Yes,NotPlaced
8544,6.6,1,1,0,74,3.8,Yes,Placed
8545,8.7,2,3,2,90,4.8,Yes,Placed
8546,6.5,2,3,2,84,4.5,No,NotPlaced
8547,8.1,1,2,0,79,4.3,Yes,NotPlaced
8548,7.4,0,2,2,80,4.8,Yes,Placed
8549,8.6,2,3,2,89,4.7,Yes,Placed
8550,7.7,2,3,2,82,4.8,Yes,NotPlaced
8551,6.9,1,1,0,78,4.3,Yes,NotPlaced
8552,6.9,1,2,0,69,4,Yes,NotPlaced
8553,7.7,2,2,0,80,3.8,Yes,NotPlaced
8554,8.1,0,3,2,90,4.8,Yes,Placed
8555,8.6,2,3,2,90,4.8,Yes,Placed
8556,7.4,1,2,1,71,4.7,Yes,NotPlaced
8557,7.5,1,1,1,76,4,Yes,NotPlaced
8558,7.6,1,3,1,85,4.4,Yes,NotPlaced
8559,7.9,0,2,0,80,4.2,Yes,NotPlaced
8560,7.7,1,2,1,72,4.5,Yes,NotPlaced
8561,6.6,1,1,0,72,3.2,Yes,NotPlaced
8562,7.6,1,2,2,86,4.3,Yes,NotPlaced
8563,7.9,1,1,1,75,4.5,Yes,NotPlaced
8564,8.2,2,2,0,74,4.1,No,NotPlaced
8565,7.3,0,1,0,76,4,No,NotPlaced
8566,8.4,1,3,0,86,3.6,Yes,Placed
8567,8,2,3,2,89,4.5,Yes,Placed
8568,8,1,3,2,90,4.8,Yes,Placed
8569,7.9,1,2,0,68,3.6,Yes,NotPlaced
8570,7.3,1,1,2,71,4,Yes,NotPlaced
8571,7.7,1,3,1,83,4.8,Yes,Placed
8572,8.7,2,3,2,90,4.8,Yes,Placed
8573,8.7,0,3,2,90,4.8,Yes,Placed
8574,6.7,1,1,1,75,3.7,No,NotPlaced
8575,8.3,1,2,0,73,4.8,Yes,NotPlaced
8576,8.2,1,3,2,73,4.5,Yes,Placed
8577,8.4,2,3,2,90,4.7,Yes,Placed
8578,6.5,1,2,1,72,4.5,No,NotPlaced
8579,7.7,1,1,2,70,3.9,No,NotPlaced
8580,6.8,2,3,0,80,4.4,Yes,Placed
8581,8.5,0,1,0,71,4,No,NotPlaced
8582,8.1,1,2,2,90,4,Yes,NotPlaced
8583,7.8,2,1,2,90,4.8,Yes,Placed
8584,7.8,0,1,0,74,3.3,No,NotPlaced
8585,8.8,2,3,2,90,4.8,Yes,Placed
8586,8.2,2,3,2,88,4.8,Yes,Placed
8587,8.1,1,3,0,74,4,Yes,Placed
8588,8.1,1,2,0,89,4.7,Yes,Placed
8589,7.5,1,1,3,78,4.5,No,NotPlaced
8590,8.1,2,1,2,78,4.7,Yes,Placed
8591,7.2,1,2,0,60,4.6,No,NotPlaced
8592,7.8,0,3,1,90,3.8,Yes,NotPlaced
8593,6.5,2,3,2,80,4.8,Yes,NotPlaced
8594,7.4,1,1,0,62,3.6,No,NotPlaced
8595,7.6,1,1,2,69,3.9,Yes,NotPlaced
8596,7.5,0,1,1,83,4,Yes,NotPlaced
8597,8,0,3,2,76,4.8,Yes,Placed
8598,8.3,2,2,0,90,4.8,Yes,Placed
8599,7.2,2,2,2,87,4.7,Yes,Placed
8600,7.7,1,3,2,90,4.4,Yes,Placed
8601,7.9,1,3,2,90,4.5,Yes,Placed
8602,8.5,2,3,2,90,4.6,Yes,Placed
8603,8,1,1,0,90,4.5,Yes,Placed
8604,8,2,3,0,90,4.8,Yes,Placed
8605,8.2,1,1,0,69,4.5,Yes,NotPlaced
8606,7.5,1,1,0,76,4,No,NotPlaced
8607,6.5,1,1,1,68,4.4,No,NotPlaced
8608,8.4,1,2,1,79,3.8,Yes,Placed
8609,7.4,0,1,0,79,3.8,No,NotPlaced
8610,7,2,1,1,88,4.8,Yes,Placed
8611,8.3,1,3,2,77,4,Yes,NotPlaced
8612,7.7,0,1,1,64,3.9,Yes,NotPlaced
8613,8.1,2,2,2,87,4.8,Yes,Placed
8614,7.3,1,2,1,86,4.3,Yes,NotPlaced
8615,8.6,1,3,0,90,4.8,Yes,Placed
8616,8.5,1,3,1,90,4.8,Yes,NotPlaced
8617,8.6,2,3,0,84,4.8,Yes,Placed
8618,7.6,1,0,1,75,4.8,Yes,Placed
8619,8.3,2,3,2,85,4.7,No,Placed
8620,8.2,1,1,2,90,4.8,Yes,Placed
8621,8.5,2,3,2,90,4.8,Yes,Placed
8622,7.7,0,2,0,79,4,No,NotPlaced
8623,7.6,1,2,1,61,3.2,No,NotPlaced
8624,7.5,1,3,2,82,4.8,No,Placed
8625,7.8,0,3,0,89,4.8,Yes,Placed
8626,8.4,0,3,0,83,4,No,NotPlaced
8627,8.2,2,3,2,90,4.8,Yes,Placed
8628,8.5,2,3,2,90,4.8,Yes,Placed
8629,8,1,1,2,87,4.1,Yes,Placed
8630,6.5,2,3,2,80,4,Yes,Placed
8631,6.5,1,1,1,73,4,No,NotPlaced
8632,7.3,1,3,0,80,4.2,No,NotPlaced
8633,7.8,0,2,1,62,3.6,No,NotPlaced
8634,8.4,2,3,2,90,4.6,Yes,Placed
8635,8.5,2,3,2,90,4.5,Yes,Placed
8636,7.3,0,1,0,75,4.7,Yes,Placed
8637,8.5,2,3,2,90,4.8,Yes,Placed
8638,8.3,1,3,1,87,4.5,No,NotPlaced
8639,6.9,1,2,0,67,3.7,Yes,NotPlaced
8640,7.4,0,2,1,71,4.7,Yes,NotPlaced
8641,8.3,1,3,2,90,4.5,Yes,Placed
8642,6.8,1,2,0,74,3.9,No,NotPlaced
8643,8.4,0,3,3,85,4.8,Yes,Placed
8644,6.5,1,1,0,74,4.7,Yes,NotPlaced
8645,8.5,2,3,0,90,3.8,Yes,Placed
8646,7.5,1,2,0,76,4,Yes,Placed
8647,7.3,0,1,1,69,4.6,Yes,NotPlaced
8648,8,1,2,2,83,4.3,Yes,NotPlaced
8649,8.2,1,2,3,83,4.2,Yes,NotPlaced
8650,8,0,2,1,74,4.1,Yes,Placed
8651,8.4,1,2,1,73,4.5,Yes,NotPlaced
8652,7.7,0,2,1,68,4,Yes,Placed
8653,7.6,1,2,1,80,3.9,Yes,NotPlaced
8654,7.7,2,2,1,84,4.7,Yes,Placed
8655,8.5,2,3,2,88,4.8,Yes,Placed
8656,8,2,3,0,83,4.1,Yes,NotPlaced
8657,7.6,2,2,0,77,4.4,Yes,NotPlaced
8658,7.8,2,3,0,86,4.6,Yes,Placed
8659,7.9,1,3,3,83,4.7,Yes,Placed
8660,6.5,1,1,0,87,4.8,No,Placed
8661,7.3,1,3,0,84,4.6,No,NotPlaced
8662,8.5,2,3,2,90,4.8,Yes,Placed
8663,8.5,0,3,0,81,4.4,Yes,NotPlaced
8664,8.6,2,3,2,88,4.8,Yes,Placed
8665,6.5,0,1,2,89,3.8,No,Placed
8666,8.3,1,2,2,86,4.8,Yes,Placed
8667,8,1,3,1,90,4.8,Yes,Placed
8668,6.7,0,1,1,75,3.2,No,NotPlaced
8669,7.7,1,1,2,76,4.7,No,NotPlaced
8670,6.6,1,3,2,90,4.6,Yes,NotPlaced
8671,7.6,0,3,0,87,4.1,Yes,Placed
8672,8.3,1,2,0,72,3.9,Yes,Placed
8673,6.5,1,1,0,70,4.2,No,NotPlaced
8674,8.2,0,3,2,76,4.7,Yes,NotPlaced
8675,6.5,1,1,0,77,4.2,Yes,NotPlaced
8676,8.4,1,2,0,79,3.4,Yes,Placed
8677,6.6,1,1,0,71,3,No,NotPlaced
8678,7.7,1,3,0,80,4.8,Yes,NotPlaced
8679,7.9,2,3,1,75,4.5,Yes,NotPlaced
8680,8,0,3,2,87,4.7,Yes,Placed
8681,7.6,1,1,1,79,4.1,Yes,Placed
8682,8.1,0,2,0,73,4.7,Yes,NotPlaced
8683,8.6,1,2,0,68,3.9,Yes,Placed
8684,8.1,1,3,0,75,4.5,Yes,Placed
8685,8.6,2,3,2,90,4.8,Yes,Placed
8686,8.5,2,3,2,85,4.7,No,Placed
8687,8.6,2,2,1,78,4,Yes,NotPlaced
8688,6.8,1,2,2,70,3.8,Yes,NotPlaced
8689,7.2,0,1,0,70,3.5,No,NotPlaced
8690,8.7,1,2,2,84,4.8,Yes,Placed
8691,6.7,0,1,1,68,3.4,No,NotPlaced
8692,7.8,2,3,2,90,4.5,Yes,Placed
8693,8.3,0,3,0,90,4.7,Yes,Placed
8694,7.7,1,2,0,78,4.6,Yes,Placed
8695,6.6,0,1,0,70,4.3,No,NotPlaced
8696,7.5,1,1,0,90,4.6,Yes,NotPlaced
8697,6.8,2,1,0,77,4,No,NotPlaced
8698,8.4,0,3,2,69,4.5,Yes,Placed
8699,8.2,1,3,2,79,4.8,Yes,Placed
8700,7.8,2,2,1,84,4,Yes,NotPlaced
8701,8.7,2,3,2,90,4.8,Yes,Placed
8702,7.9,0,3,1,81,4.6,No,NotPlaced
8703,7.5,1,2,2,80,4.3,Yes,Placed
8704,6.5,0,1,0,62,4.6,No,NotPlaced
8705,8.4,2,3,1,86,4.4,Yes,Placed
8706,6.6,1,1,1,68,3.5,No,Placed
8707,6.7,0,1,0,79,4.4,No,NotPlaced
8708,6.7,2,1,2,71,4,Yes,NotPlaced
8709,6.5,1,1,0,67,3.1,No,NotPlaced
8710,7.5,1,1,2,67,3.5,Yes,NotPlaced
8711,8.5,1,2,2,74,4,Yes,NotPlaced
8712,6.7,0,1,0,63,3.8,No,NotPlaced
8713,8.2,1,1,1,68,3.9,Yes,Placed
8714,8.7,2,1,2,80,3.9,No,NotPlaced
8715,8.4,2,3,2,87,4.7,Yes,Placed
8716,6.9,0,2,1,82,3.9,Yes,NotPlaced
8717,7.1,0,1,0,70,4.4,No,NotPlaced
8718,7.3,0,1,0,72,4.3,No,NotPlaced
8719,8.3,1,1,1,73,4.1,No,NotPlaced
8720,6.5,0,1,1,85,4.2,Yes,Placed
8721,8.6,2,2,2,76,4.7,No,Placed
8722,7.5,0,1,1,82,3.8,Yes,NotPlaced
8723,7,0,1,0,69,4.4,Yes,Placed
8724,7.5,1,2,1,73,4.2,Yes,NotPlaced
8725,8.3,2,3,2,90,4.6,No,Placed
8726,6.5,2,1,0,75,4,No,NotPlaced
8727,8,2,3,2,89,4.8,Yes,NotPlaced
8728,7.5,1,1,0,77,4,Yes,NotPlaced
8729,8.5,1,3,2,90,4.8,Yes,Placed
8730,9,2,3,2,90,4.8,Yes,Placed
8731,6.6,1,2,1,67,4.1,Yes,NotPlaced
8732,7.7,1,2,1,69,3.3,Yes,NotPlaced
8733,8,2,3,2,90,4.8,Yes,Placed
8734,6.5,2,1,0,74,4.5,No,NotPlaced
8735,6.5,1,3,0,81,3.8,Yes,NotPlaced
8736,7.2,2,2,2,87,4.4,Yes,Placed
8737,8.3,1,3,1,88,4.8,Yes,Placed
8738,7.3,1,1,0,71,4.4,No,Placed
8739,7.3,1,1,0,77,4,Yes,NotPlaced
8740,7.9,2,3,2,90,4.8,Yes,Placed
8741,7.3,1,1,0,79,4.5,Yes,NotPlaced
8742,7.7,1,1,1,64,4.5,No,NotPlaced
8743,7.5,1,1,1,70,3.3,No,NotPlaced
8744,7.7,0,1,2,72,4.3,No,NotPlaced
8745,7.6,0,1,1,80,3.9,No,NotPlaced
8746,7,1,1,1,73,4.3,No,NotPlaced
8747,6.5,0,3,0,72,4.2,Yes,NotPlaced
8748,8,2,3,2,90,4.8,Yes,Placed
8749,6.5,1,2,2,76,4.8,Yes,NotPlaced
8750,7.5,0,2,0,68,4,Yes,Placed
8751,7.3,0,1,0,78,3.6,No,NotPlaced
8752,7.5,2,2,1,68,3.7,No,NotPlaced
8753,8.6,1,2,1,78,4.3,Yes,Placed
8754,8.6,2,3,2,82,4.4,Yes,Placed
8755,8.4,2,3,2,90,4.8,Yes,Placed
8756,7.5,2,1,0,69,4.5,No,NotPlaced
8757,8.3,1,1,2,82,4.2,No,Placed
8758,8.4,0,2,0,71,3.8,Yes,NotPlaced
8759,8.3,2,3,2,90,4.8,Yes,Placed
8760,6.5,1,1,0,67,4.3,Yes,NotPlaced
8761,8.3,2,3,0,88,4.8,Yes,NotPlaced
8762,7.7,1,3,2,78,4.4,No,NotPlaced
8763,8.1,1,2,0,87,4.3,Yes,NotPlaced
8764,7.9,1,2,0,77,3.8,Yes,NotPlaced
8765,8.8,2,3,2,90,4.7,Yes,Placed
8766,7.4,1,2,1,76,4.4,Yes,NotPlaced
8767,8.3,1,0,0,85,4.3,Yes,Placed
8768,6.5,0,3,0,77,4.2,No,NotPlaced
8769,7.6,1,2,0,82,3.9,No,NotPlaced
8770,8.3,1,3,2,90,4.8,Yes,Placed
8771,8.2,1,1,1,79,4.1,Yes,NotPlaced
8772,6.8,1,2,0,80,4.5,Yes,Placed
8773,7.5,2,2,1,74,4.4,Yes,NotPlaced
8774,7.6,0,1,0,71,3.9,No,NotPlaced
8775,8.4,1,2,1,74,4.3,No,NotPlaced
8776,8.4,2,3,2,90,4.5,Yes,NotPlaced
8777,8.2,2,3,0,90,4.8,Yes,Placed
8778,7.6,0,3,2,82,4.5,No,Placed
8779,6.9,0,1,0,79,4.8,No,NotPlaced
8780,8.4,0,1,0,85,3.7,Yes,Placed
8781,7.4,1,2,1,74,4.3,No,NotPlaced
8782,7.5,1,2,0,81,4.7,Yes,NotPlaced
8783,8.4,0,1,0,90,4.8,Yes,Placed
8784,8.3,1,3,0,90,4.7,Yes,Placed
8785,7.9,1,1,2,72,4.8,No,Placed
8786,8.4,0,3,2,75,4.8,Yes,NotPlaced
8787,7.7,0,1,1,85,4.4,Yes,Placed
8788,6.8,1,1,1,78,3.8,No,NotPlaced
8789,8.6,2,3,2,90,4.6,Yes,Placed
8790,7.7,2,3,0,81,4.7,Yes,Placed
8791,8.4,1,0,2,81,4.2,Yes,Placed
8792,6.5,1,1,1,76,4.8,No,NotPlaced
8793,8.3,2,2,3,87,4.8,Yes,NotPlaced
8794,7.3,2,1,0,83,3.7,Yes,Placed
8795,6.5,0,2,0,85,4.8,No,Placed
8796,8.2,1,2,2,80,4.4,Yes,Placed
8797,7.6,1,1,1,71,4.2,No,NotPlaced
8798,8.5,2,2,2,82,4.5,Yes,NotPlaced
8799,7.4,2,3,2,89,4.8,No,NotPlaced
8800,7,2,3,2,90,4.8,Yes,Placed
8801,8.2,1,1,1,78,4,Yes,NotPlaced
8802,6.9,1,3,2,80,4.6,Yes,Placed
8803,6.8,0,1,0,63,3.6,No,NotPlaced
8804,8.5,0,3,2,90,4.8,Yes,Placed
8805,8.2,1,3,2,90,4.8,Yes,Placed
8806,6.5,1,1,1,69,3.7,No,NotPlaced
8807,7.4,1,1,0,74,4.5,No,Placed
8808,7.9,0,2,2,87,3.9,Yes,NotPlaced
8809,8.1,2,3,2,86,4.7,Yes,Placed
8810,8.7,2,3,0,87,4.8,Yes,Placed
8811,7.5,1,2,0,78,4.4,Yes,NotPlaced
8812,8.2,2,3,2,90,4.7,Yes,Placed
8813,7.8,1,3,0,76,4.4,Yes,NotPlaced
8814,6.5,1,2,0,69,4.8,Yes,NotPlaced
8815,8.1,1,2,2,78,4.7,Yes,NotPlaced
8816,8.3,2,3,3,89,4.5,Yes,Placed
8817,8,1,3,0,80,4,Yes,NotPlaced
8818,7.8,1,1,0,66,3.7,Yes,Placed
8819,6.6,1,1,2,86,4.7,No,Placed
8820,6.8,1,3,0,83,4.4,Yes,NotPlaced
8821,7.9,2,3,2,80,4.5,Yes,Placed
8822,7.4,1,2,0,75,3.9,Yes,Placed
8823,8.1,0,2,1,88,3.8,Yes,NotPlaced
8824,8.2,2,3,2,82,4.4,Yes,Placed
8825,8.6,0,3,0,86,4.5,No,NotPlaced
8826,8.2,2,3,0,89,4.4,Yes,NotPlaced
8827,8.1,2,2,0,80,4.8,No,Placed
8828,7.4,1,3,1,84,4.5,Yes,Placed
8829,8.2,2,3,2,85,4.8,Yes,Placed
8830,8.3,1,3,2,88,4.8,Yes,Placed
8831,8,2,3,2,82,4.3,Yes,Placed
8832,6.5,1,2,1,69,3.8,Yes,NotPlaced
8833,8.3,2,3,2,90,4.8,Yes,NotPlaced
8834,6.5,1,2,0,76,4.3,No,NotPlaced
8835,7.9,1,1,0,77,4.7,Yes,NotPlaced
8836,8,2,3,2,90,4.8,Yes,Placed
8837,7.9,1,2,1,86,4.4,Yes,NotPlaced
8838,6.5,1,1,0,69,3.5,Yes,NotPlaced
8839,6.9,1,1,0,78,4.2,Yes,Placed
8840,7.9,1,3,2,90,4.8,No,NotPlaced
8841,6.5,0,1,1,81,4.1,No,NotPlaced
8842,8.7,2,3,2,90,4.8,Yes,Placed
8843,6.5,1,2,0,77,4.2,No,NotPlaced
8844,7.4,1,2,2,82,4.3,Yes,NotPlaced
8845,7.4,1,2,1,77,3.9,Yes,NotPlaced
8846,7.6,1,1,1,76,3.4,No,NotPlaced
8847,8.7,2,3,2,79,4.4,Yes,Placed
8848,6.5,0,1,0,73,3.6,No,NotPlaced
8849,8.1,2,1,2,72,4.1,No,NotPlaced
8850,8.6,1,3,2,90,4.8,Yes,Placed
8851,7.7,1,2,1,76,3.7,Yes,NotPlaced
8852,8.4,2,3,2,89,4.1,Yes,Placed
8853,8.2,2,3,2,90,4.8,Yes,Placed
8854,7.6,2,1,0,79,4.8,Yes,NotPlaced
8855,8,0,2,2,90,4.8,Yes,Placed
8856,8.6,1,3,0,82,4.5,Yes,NotPlaced
8857,7.9,2,3,2,90,4.7,Yes,Placed
8858,6.7,1,1,0,80,3.8,Yes,NotPlaced
8859,7.4,1,1,0,66,4.4,No,NotPlaced
8860,7.8,1,2,1,74,4.8,Yes,NotPlaced
8861,8.4,1,1,2,86,4.7,No,NotPlaced
8862,8,2,3,2,89,4.6,Yes,Placed
8863,7.8,1,3,2,80,3.4,No,NotPlaced
8864,7.4,1,1,0,79,3.6,Yes,NotPlaced
8865,7.5,0,1,2,74,4,Yes,NotPlaced
8866,7.7,2,3,2,90,4.8,Yes,Placed
8867,8.3,1,3,2,88,4.6,Yes,Placed
8868,8,2,3,3,85,4.8,Yes,NotPlaced
8869,6.5,0,2,2,85,4.1,Yes,NotPlaced
8870,8.6,2,1,0,70,4.2,Yes,NotPlaced
8871,8.2,2,3,2,83,4.6,Yes,Placed
8872,7.6,2,2,2,60,4.4,No,NotPlaced
8873,8.3,2,3,3,88,4.8,Yes,Placed
8874,8.1,2,3,2,90,4.8,Yes,Placed
8875,6.5,0,2,0,77,4.4,Yes,NotPlaced
8876,7.8,0,1,2,68,4.5,No,Placed
8877,8,1,3,2,90,4.7,Yes,Placed
8878,8.2,1,3,2,90,4.8,Yes,Placed
8879,7.9,1,3,2,78,4.3,Yes,Placed
8880,8.4,1,3,0,81,3.6,Yes,Placed
8881,7.7,1,2,2,82,4.7,Yes,NotPlaced
8882,7.8,1,2,1,70,3.9,Yes,NotPlaced
8883,6.6,1,3,2,79,4.6,Yes,Placed
8884,7.7,1,2,0,76,4.1,Yes,NotPlaced
8885,7.7,1,1,1,86,4.3,Yes,NotPlaced
8886,8,1,2,1,77,4.5,No,NotPlaced
8887,7.5,1,2,1,78,4.7,No,NotPlaced
8888,8.3,1,2,2,85,4.6,Yes,Placed
8889,8.4,1,3,2,90,4.8,Yes,Placed
8890,7.6,0,2,1,77,4.4,Yes,Placed
8891,7.5,1,2,2,87,3.9,Yes,NotPlaced
8892,8.3,2,3,0,90,4.7,Yes,Placed
8893,7,1,1,1,62,3.4,No,NotPlaced
8894,7.9,2,3,2,90,4.8,Yes,Placed
8895,8.4,2,3,2,88,4.8,Yes,Placed
8896,7.6,1,1,0,74,4.3,No,NotPlaced
8897,8.2,1,3,2,90,4.3,Yes,Placed
8898,8.1,0,3,3,88,4.3,Yes,Placed
8899,8.6,1,2,2,64,4,No,NotPlaced
8900,7.7,1,1,0,77,3.7,No,NotPlaced
8901,8.3,2,3,2,88,4.8,Yes,Placed
8902,6.9,2,2,2,90,4.8,Yes,Placed
8903,7.4,1,1,2,90,4.3,Yes,Placed
8904,8.3,1,1,1,71,3.9,No,NotPlaced
8905,7.5,1,2,0,78,3.4,Yes,NotPlaced
8906,6.5,1,1,1,79,4.7,Yes,NotPlaced
8907,7.5,1,2,1,79,4.5,Yes,NotPlaced
8908,7.4,1,3,1,68,3.4,Yes,NotPlaced
8909,8.6,1,3,2,87,4.8,Yes,Placed
8910,8.1,2,3,2,68,4.5,Yes,NotPlaced
8911,7.7,1,3,0,71,4.2,Yes,NotPlaced
8912,6.8,1,1,1,71,4.3,Yes,NotPlaced
8913,8.2,1,2,2,90,4.8,No,NotPlaced
8914,6.5,0,2,0,83,4.6,Yes,NotPlaced
8915,7.6,1,1,1,75,3.6,Yes,NotPlaced
8916,7.5,0,1,0,74,4.5,Yes,NotPlaced
8917,6.6,1,2,0,78,4.1,No,NotPlaced
8918,8.2,0,1,3,84,4.8,Yes,Placed
8919,7.4,2,3,1,78,4.7,Yes,NotPlaced
8920,8.7,2,2,0,89,4.5,Yes,Placed
8921,8.6,2,1,0,86,4.4,Yes,Placed
8922,8.5,1,3,2,89,4.6,Yes,NotPlaced
8923,8.4,1,3,0,90,4.8,No,Placed
8924,8.2,0,2,3,90,4.8,Yes,Placed
8925,8.2,1,2,3,86,3.9,Yes,Placed
8926,8.3,2,3,2,90,4.8,Yes,Placed
8927,7.4,1,1,0,72,4.2,Yes,Placed
8928,8.3,2,3,0,82,4.5,Yes,NotPlaced
8929,8.5,2,1,1,78,4.4,Yes,Placed
8930,8.6,0,3,2,78,4.2,No,NotPlaced
8931,7.6,1,1,1,84,3.3,Yes,Placed
8932,7.4,0,2,2,83,4.5,Yes,NotPlaced
8933,8.4,1,1,2,84,4,Yes,NotPlaced
8934,7.2,1,1,0,73,3.8,No,NotPlaced
8935,7.5,1,2,1,80,3.7,Yes,NotPlaced
8936,6.9,0,2,0,77,4.2,No,NotPlaced
8937,7.7,0,2,0,85,4,Yes,Placed
8938,8.5,1,2,2,82,4,No,Placed
8939,8.3,1,3,1,85,4.3,Yes,NotPlaced
8940,8.3,0,3,2,82,4.8,Yes,Placed
8941,7.6,1,2,1,86,4.4,Yes,Placed
8942,8,2,3,0,84,4.6,Yes,NotPlaced
8943,7,1,1,0,74,4.3,Yes,NotPlaced
8944,7.2,1,1,1,74,3.9,Yes,NotPlaced
8945,6.7,1,1,0,75,3.7,No,NotPlaced
8946,7.3,1,2,1,68,4.6,Yes,NotPlaced
8947,8,1,3,0,81,4.3,Yes,NotPlaced
8948,8,2,3,2,81,3.9,Yes,NotPlaced
8949,7.6,1,1,1,72,4.6,Yes,NotPlaced
8950,7.4,0,2,0,75,4.4,Yes,NotPlaced
8951,8.4,2,3,2,83,4.7,Yes,Placed
8952,6.5,1,2,1,72,4,Yes,Placed
8953,8.2,2,3,2,81,4.8,Yes,NotPlaced
8954,8.4,2,3,2,87,4.6,No,Placed
8955,8.6,2,3,2,90,4.7,Yes,Placed
8956,8.6,2,3,3,83,4.6,No,NotPlaced
8957,7.9,1,2,0,67,4.4,No,Placed
8958,8.3,2,3,2,88,4.8,Yes,Placed
8959,7.7,1,1,1,74,4.5,No,NotPlaced
8960,8,0,2,0,76,4.6,Yes,Placed
8961,7.9,1,3,3,80,4.1,Yes,Placed
8962,7.8,1,3,0,79,4.8,Yes,NotPlaced
8963,8.5,1,2,0,73,4.2,Yes,NotPlaced
8964,7.7,2,2,2,75,4.2,Yes,NotPlaced
8965,8.4,2,2,2,84,4.7,Yes,Placed
8966,7.5,1,3,0,83,4.2,Yes,NotPlaced
8967,7.9,1,2,0,82,4.2,Yes,Placed
8968,7.4,1,1,0,80,4.3,Yes,Placed
8969,6.9,1,1,1,72,3.6,No,NotPlaced
8970,7.9,1,2,1,81,4.8,Yes,NotPlaced
8971,8.4,2,3,2,90,4.8,Yes,Placed
8972,8.4,1,3,0,73,4.7,Yes,NotPlaced
8973,7.8,1,3,2,90,4.8,Yes,Placed
8974,7.7,0,1,1,72,4.1,Yes,NotPlaced
8975,8.3,1,3,1,79,4.3,Yes,NotPlaced
8976,8.5,1,3,2,80,4.6,Yes,Placed
8977,8.3,2,3,2,90,4.8,Yes,Placed
8978,7.5,1,3,1,72,4.2,No,NotPlaced
8979,6.5,1,3,2,77,4.5,Yes,Placed
8980,8.6,2,3,0,87,4.7,Yes,NotPlaced
8981,6.9,1,2,2,77,4.2,Yes,NotPlaced
8982,8.2,2,3,0,81,4.8,No,Placed
8983,8.2,2,3,2,76,4.8,No,NotPlaced
8984,7.4,1,3,0,84,4.6,No,NotPlaced
8985,8.4,0,3,2,83,4,No,Placed
8986,7.7,0,1,0,67,4,No,NotPlaced
8987,8.1,1,2,0,83,3.9,No,NotPlaced
8988,8.6,0,2,2,83,3.9,Yes,NotPlaced
8989,8.5,1,1,1,77,4.5,Yes,NotPlaced
8990,8.2,2,3,2,90,4.8,Yes,Placed
8991,8.2,2,3,2,90,4.8,Yes,Placed
8992,8.7,2,3,2,81,4.6,Yes,Placed
8993,7.3,2,3,2,78,4.7,Yes,NotPlaced
8994,7.9,2,3,0,90,4.8,Yes,Placed
8995,7.9,1,1,0,73,4,Yes,NotPlaced
8996,8.4,1,2,0,81,4,Yes,Placed
8997,6.5,1,2,1,72,4.4,No,NotPlaced
8998,7.5,1,2,0,60,3.6,Yes,NotPlaced
8999,7.8,0,2,2,87,4.6,Yes,Placed
9000,8.1,2,1,0,90,4.5,Yes,NotPlaced
9001,7.8,1,3,2,90,4.8,Yes,Placed
9002,7.5,1,1,0,77,4.6,No,NotPlaced
9003,6.6,1,1,1,67,4.1,Yes,NotPlaced
9004,6.9,1,1,0,74,4.5,Yes,NotPlaced
9005,6.8,1,1,1,75,4.3,Yes,NotPlaced
9006,7.7,1,1,0,80,3.3,No,NotPlaced
9007,7.5,1,3,2,78,4.8,Yes,NotPlaced
9008,6.7,0,1,1,85,4.2,Yes,Placed
9009,6.5,1,3,1,75,4.5,No,NotPlaced
9010,8.3,1,3,0,90,4.8,Yes,Placed
9011,8.6,2,3,2,90,4.8,Yes,Placed
9012,6.5,1,2,1,61,3.9,Yes,NotPlaced
9013,6.8,1,1,0,77,4.2,Yes,NotPlaced
9014,6.7,1,2,0,74,4.6,Yes,Placed
9015,7.6,1,1,0,81,4.1,Yes,NotPlaced
9016,8.4,2,3,2,89,4.5,Yes,Placed
9017,6.5,1,2,1,83,4.1,Yes,NotPlaced
9018,8.4,2,3,0,90,4.7,No,Placed
9019,8.2,1,2,0,81,4.8,Yes,NotPlaced
9020,7.6,1,1,1,73,3.9,No,NotPlaced
9021,7.5,1,1,0,82,4.5,Yes,NotPlaced
9022,8.3,2,3,2,85,4.8,Yes,Placed
9023,6.5,1,2,1,76,4.1,No,NotPlaced
9024,7.8,1,1,1,72,4.6,Yes,NotPlaced
9025,6.8,1,1,0,73,3.1,Yes,NotPlaced
9026,8.6,1,3,2,82,4.8,Yes,Placed
9027,7.8,1,2,1,83,4.6,Yes,Placed
9028,6.8,2,3,2,84,4.8,Yes,Placed
9029,8,1,3,0,85,4.8,Yes,NotPlaced
9030,7.7,1,1,2,76,4.6,Yes,NotPlaced
9031,8.6,2,3,2,76,4.2,Yes,Placed
9032,8,2,3,2,83,4.5,No,NotPlaced
9033,7.3,1,1,0,77,3.7,No,NotPlaced
9034,8.9,1,3,0,83,4.8,Yes,Placed
9035,7.7,1,1,1,73,4.2,No,NotPlaced
9036,8.2,0,2,1,75,4.4,Yes,Placed
9037,6.9,1,1,1,84,4.7,No,NotPlaced
9038,8.8,1,3,2,89,4.5,Yes,Placed
9039,6.8,1,1,1,69,3.7,No,NotPlaced
9040,6.5,1,2,0,83,4.6,Yes,NotPlaced
9041,8.1,2,3,0,90,4.7,Yes,Placed
9042,7.7,1,1,0,78,3.8,Yes,NotPlaced
9043,8.6,1,3,3,88,4.6,Yes,Placed
9044,6.5,1,1,0,68,3.8,Yes,NotPlaced
9045,7.9,2,3,2,79,4.3,No,Placed
9046,8.3,2,3,2,90,4.3,Yes,NotPlaced
9047,7.1,1,2,1,84,4.3,Yes,NotPlaced
9048,6.5,1,2,0,84,4.6,Yes,NotPlaced
9049,7.8,0,1,2,74,4.3,Yes,NotPlaced
9050,8.3,2,3,2,87,4.7,Yes,Placed
9051,7.1,1,1,0,63,4.2,Yes,NotPlaced
9052,8.3,1,3,2,90,4.5,Yes,Placed
9053,8.7,2,3,3,90,4.8,Yes,Placed
9054,8.5,1,2,1,66,3.9,Yes,NotPlaced
9055,6.8,1,2,0,68,4.1,Yes,NotPlaced
9056,7.4,0,1,0,79,4.2,Yes,NotPlaced
9057,7.6,0,3,2,87,4.7,No,Placed
9058,7.5,1,2,1,71,4.1,Yes,NotPlaced
9059,8.3,1,1,0,70,4.6,Yes,NotPlaced
9060,9.1,2,3,2,90,4.8,Yes,Placed
9061,8.1,1,3,2,75,4.7,Yes,NotPlaced
9062,7.6,0,2,0,85,4.2,Yes,Placed
9063,8.6,1,2,2,88,4.3,Yes,Placed
9064,8,0,2,1,89,4.3,Yes,NotPlaced
9065,7.5,1,2,0,64,3.8,No,NotPlaced
9066,7.5,0,1,0,63,4.3,Yes,NotPlaced
9067,7.3,0,2,0,71,3.5,Yes,NotPlaced
9068,7,0,3,3,76,4.5,Yes,Placed
9069,7.5,1,1,1,70,4.4,No,NotPlaced
9070,6.5,1,2,0,76,3.7,No,NotPlaced
9071,8.3,1,2,0,77,3.8,Yes,NotPlaced
9072,6.9,1,1,2,72,3.8,Yes,NotPlaced
9073,8.1,2,3,2,90,4.8,Yes,Placed
9074,7.6,1,2,0,72,4.2,Yes,Placed
9075,6.8,1,1,0,74,4.3,Yes,NotPlaced
9076,8.4,2,3,2,90,4.8,Yes,Placed
9077,7,1,2,0,73,4.5,Yes,NotPlaced
9078,6.9,2,3,3,86,4.8,Yes,Placed
9079,7.3,1,1,1,80,3.8,No,NotPlaced
9080,8.3,2,3,2,90,4.8,Yes,Placed
9081,6.9,1,1,0,78,3.9,Yes,NotPlaced
9082,8.3,2,2,2,80,4.5,Yes,Placed
9083,7.2,1,1,1,72,3.7,No,NotPlaced
9084,8.1,2,2,2,90,3.7,Yes,Placed
9085,7.7,1,1,2,71,4,Yes,NotPlaced
9086,8.4,2,3,2,90,4.7,Yes,Placed
9087,6.6,0,1,0,67,3.3,Yes,NotPlaced
9088,6.8,2,1,2,75,4.6,Yes,NotPlaced
9089,7.8,2,3,2,90,4.7,Yes,Placed
9090,6.9,1,2,0,73,4.2,Yes,NotPlaced
9091,7.6,1,3,2,85,4.4,Yes,Placed
9092,6.5,0,1,1,80,3.2,No,NotPlaced
9093,7.8,2,3,2,86,4.2,No,Placed
9094,7.6,2,1,1,74,3.8,Yes,NotPlaced
9095,8.3,0,3,2,90,4.7,Yes,Placed
9096,7.3,2,1,2,86,3.8,Yes,NotPlaced
9097,7.8,2,2,2,88,4.3,Yes,NotPlaced
9098,7.6,1,2,0,72,4.4,Yes,NotPlaced
9099,7.8,1,3,1,79,3.7,No,NotPlaced
9100,6.5,1,1,1,76,4.3,No,NotPlaced
9101,7.5,0,1,0,82,4.4,Yes,NotPlaced
9102,6.6,0,3,2,87,4.3,No,NotPlaced
9103,6.9,2,1,0,73,4,Yes,NotPlaced
9104,7.4,1,1,0,60,3.8,No,NotPlaced
9105,7.5,1,1,1,63,3.7,Yes,NotPlaced
9106,8,2,3,2,90,4.8,Yes,Placed
9107,8.3,2,3,2,90,4.8,Yes,Placed
9108,8.5,2,2,2,90,4.4,Yes,Placed
9109,6.5,1,1,1,66,4,Yes,NotPlaced
9110,8.6,1,3,2,82,4.6,Yes,Placed
9111,8.2,2,3,2,90,4.8,Yes,Placed
9112,6.7,1,2,1,79,3.9,Yes,NotPlaced
9113,6.5,1,1,1,84,4,Yes,Placed
9114,7.5,2,3,0,81,3.9,Yes,NotPlaced
9115,7.6,0,2,1,74,4.8,Yes,Placed
9116,7.6,0,1,1,77,4.3,Yes,NotPlaced
9117,7.5,1,1,1,77,4.6,No,NotPlaced
9118,8,1,2,1,80,4.3,Yes,NotPlaced
9119,8.2,2,3,2,90,4.6,Yes,Placed
9120,6.5,1,1,0,78,4,No,NotPlaced
9121,7,1,1,0,81,3.6,Yes,NotPlaced
9122,8.4,2,3,1,84,4.5,Yes,Placed
9123,8.4,2,1,0,90,4.6,Yes,NotPlaced
9124,7,1,1,1,70,3.3,Yes,NotPlaced
9125,8.7,1,2,2,77,4.5,Yes,Placed
9126,7.4,1,1,1,65,4.3,No,NotPlaced
9127,7.9,1,2,1,86,3.8,Yes,NotPlaced
9128,8.1,1,3,1,82,4.6,Yes,Placed
9129,6.5,0,1,0,64,4.1,No,NotPlaced
9130,8.5,2,1,0,86,4.7,Yes,NotPlaced
9131,8.2,1,3,2,89,4.8,Yes,Placed
9132,7.6,2,3,0,76,4.8,Yes,NotPlaced
9133,8.2,1,3,2,81,4.5,No,Placed
9134,7.6,1,1,1,68,4,No,NotPlaced
9135,8.3,0,2,2,72,4,Yes,NotPlaced
9136,7.5,1,2,0,89,4.5,Yes,Placed
9137,8,2,3,0,90,4.4,Yes,Placed
9138,7.8,2,3,0,83,4.4,No,NotPlaced
9139,8.6,2,3,2,88,4.8,Yes,Placed
9140,6.7,1,1,0,85,4,Yes,NotPlaced
9141,7.6,0,1,0,83,3.7,No,NotPlaced
9142,7.6,1,1,0,74,4.1,No,NotPlaced
9143,7.7,1,3,3,88,4.8,No,NotPlaced
9144,8.1,1,1,0,86,4.8,Yes,Placed
9145,7.8,1,2,0,82,3.9,Yes,NotPlaced
9146,7.4,1,1,0,82,4.5,Yes,NotPlaced
9147,7.7,1,1,1,74,4.3,Yes,NotPlaced
9148,7.7,1,1,1,69,3.9,Yes,NotPlaced
9149,6.8,1,2,2,83,4.5,Yes,Placed
9150,7.4,2,3,1,89,4.6,Yes,NotPlaced
9151,6.5,1,2,1,69,4.1,No,NotPlaced
9152,7.6,1,3,2,84,4.6,Yes,Placed
9153,6.5,2,2,2,85,4.4,Yes,Placed
9154,7.6,2,3,0,84,4.5,Yes,NotPlaced
9155,7.3,0,1,2,85,4.7,Yes,Placed
9156,6.6,1,2,0,65,4.2,No,NotPlaced
9157,8,2,2,2,87,4.8,No,Placed
9158,6.6,0,2,0,73,4.8,Yes,NotPlaced
9159,7.4,1,2,0,85,4.6,No,NotPlaced
9160,7.5,1,2,0,62,4.4,No,NotPlaced
9161,6.8,0,2,0,73,4.2,Yes,NotPlaced
9162,7.5,1,1,0,83,4.4,No,NotPlaced
9163,8.3,2,3,2,88,4.8,No,NotPlaced
9164,8.2,0,1,1,81,4.2,Yes,Placed
9165,8.2,1,3,0,84,4.1,Yes,Placed
9166,8.1,2,3,2,90,4.8,Yes,Placed
9167,8.3,1,2,1,88,4.2,Yes,Placed
9168,7.6,0,3,2,72,4.6,Yes,NotPlaced
9169,7.3,0,3,1,70,3.8,No,Placed
9170,7.6,2,2,0,77,4.5,Yes,NotPlaced
9171,8.4,2,2,2,71,3.8,Yes,Placed
9172,7.9,0,2,0,82,4.2,Yes,Placed
9173,8.1,1,3,1,90,4.8,No,Placed
9174,7.7,2,1,0,78,4,No,NotPlaced
9175,8.1,0,1,2,77,4.6,Yes,Placed
9176,7.8,1,3,2,83,4.5,Yes,Placed
9177,8.1,1,3,2,90,4.2,Yes,Placed
9178,8.3,2,3,2,90,4.8,Yes,Placed
9179,8.4,1,2,3,90,4.7,Yes,Placed
9180,7.9,1,1,0,90,4.1,Yes,Placed
9181,7.6,0,1,0,82,3.8,No,NotPlaced
9182,7.6,1,1,0,72,4.5,No,NotPlaced
9183,8.2,1,2,1,83,4.7,Yes,Placed
9184,8.2,0,1,0,73,4.1,No,NotPlaced
9185,7.4,1,1,1,86,4.2,Yes,NotPlaced
9186,6.7,0,1,0,75,4.6,Yes,NotPlaced
9187,7.8,2,2,3,70,4.6,Yes,NotPlaced
9188,8.2,2,3,2,86,4.4,Yes,Placed
9189,8.2,2,3,2,90,4.6,Yes,Placed
9190,8.5,2,3,2,84,4.5,Yes,Placed
9191,8.4,2,2,2,81,4.2,Yes,Placed
9192,7.7,1,1,1,73,4.2,Yes,NotPlaced
9193,7.8,2,3,2,87,4.5,No,Placed
9194,8.6,2,3,2,81,4.8,Yes,Placed
9195,8.5,2,1,1,70,4.3,Yes,Placed
9196,8.4,1,3,2,90,4.8,Yes,NotPlaced
9197,7.7,2,2,0,90,4.7,Yes,Placed
9198,8.1,1,2,2,85,4.4,Yes,NotPlaced
9199,8.4,1,3,2,90,4.8,Yes,Placed
9200,7.8,1,3,2,75,4.3,Yes,NotPlaced
9201,7.7,2,3,0,90,4.6,Yes,NotPlaced
9202,6.5,0,3,0,85,4.3,No,NotPlaced
9203,7.6,1,2,0,69,4.2,Yes,NotPlaced
9204,7.7,1,3,2,85,4.8,No,NotPlaced
9205,8,2,2,2,87,4.8,Yes,Placed
9206,7.6,1,1,1,73,4.5,No,NotPlaced
9207,7.5,1,1,0,60,4.2,Yes,Placed
9208,7,1,2,0,72,4.6,Yes,Placed
9209,6.5,1,2,0,81,3.3,No,NotPlaced
9210,7.5,1,2,0,78,4,Yes,NotPlaced
9211,6.7,1,1,0,81,4.5,Yes,NotPlaced
9212,8.4,0,3,2,90,4.8,Yes,Placed
9213,8.4,2,3,2,90,4.8,Yes,Placed
9214,7.7,1,2,0,83,4.6,Yes,NotPlaced
9215,8.1,1,3,2,90,4.7,Yes,NotPlaced
9216,7.6,0,1,0,78,4.3,Yes,Placed
9217,8,0,3,1,90,4.1,Yes,Placed
9218,8.7,0,2,2,89,4.6,Yes,Placed
9219,8.4,2,1,1,77,4.4,Yes,NotPlaced
9220,8.3,1,3,2,82,4.7,No,Placed
9221,7.5,0,1,1,64,4.3,Yes,NotPlaced
9222,7.5,0,1,0,68,3.4,No,NotPlaced
9223,7.6,1,1,0,78,3.6,Yes,NotPlaced
9224,6.5,0,2,2,81,4.6,Yes,Placed
9225,7.7,2,3,1,90,4.8,Yes,NotPlaced
9226,7.7,1,2,2,83,3.9,Yes,NotPlaced
9227,7.8,1,1,1,84,3.9,Yes,NotPlaced
9228,7.7,1,1,0,77,4,Yes,NotPlaced
9229,8.5,2,3,2,90,4.8,Yes,Placed
9230,8.1,2,1,1,87,3.8,Yes,NotPlaced
9231,6.7,0,3,2,86,4.8,Yes,Placed
9232,8,1,3,1,82,4.4,Yes,NotPlaced
9233,7.6,0,1,0,83,3.8,Yes,NotPlaced
9234,8.5,1,3,0,88,4.6,Yes,Placed
9235,6.5,0,2,1,60,3.1,No,NotPlaced
9236,8.4,0,1,1,85,4.8,Yes,Placed
9237,6.8,0,3,2,75,4.4,Yes,NotPlaced
9238,6.6,2,3,2,90,4.8,Yes,Placed
9239,6.5,1,2,0,69,3.7,No,NotPlaced
9240,6.7,1,2,0,82,4.7,Yes,Placed
9241,8.1,2,3,0,85,4.2,Yes,NotPlaced
9242,8.1,2,3,2,88,4.8,Yes,Placed
9243,7.5,1,2,0,73,3.5,Yes,NotPlaced
9244,7.2,1,2,0,82,3.6,Yes,Placed
9245,7.4,0,1,2,90,4.5,Yes,Placed
9246,8,2,3,2,90,4.8,Yes,Placed
9247,6.5,0,2,2,74,4.3,Yes,NotPlaced
9248,7.8,0,1,0,73,4.4,No,Placed
9249,7.7,1,2,0,69,3.5,Yes,NotPlaced
9250,7.6,1,1,2,79,4.4,Yes,Placed
9251,8.1,1,3,2,83,4.7,Yes,Placed
9252,6.5,1,2,1,79,4.2,Yes,Placed
9253,6.5,1,2,0,69,4.7,Yes,NotPlaced
9254,6.8,1,1,0,79,4.3,No,NotPlaced
9255,8,1,3,3,87,4.6,No,Placed
9256,7.7,0,1,0,73,4.3,Yes,Placed
9257,8.2,2,3,2,90,4.8,Yes,Placed
9258,6.5,1,2,1,72,3.5,No,NotPlaced
9259,8.1,2,1,0,87,4,Yes,NotPlaced
9260,8.6,0,3,1,85,4.6,Yes,Placed
9261,7.6,1,2,1,82,4.3,No,NotPlaced
9262,7.3,1,2,0,65,4.2,No,NotPlaced
9263,7.8,1,1,0,70,4.2,Yes,NotPlaced
9264,6.5,1,1,1,69,3.5,No,NotPlaced
9265,6.9,2,3,0,78,4.2,Yes,Placed
9266,6.5,0,1,2,85,3.6,No,NotPlaced
9267,8.6,2,3,3,90,4.8,Yes,Placed
9268,8.4,2,3,2,85,4.5,Yes,Placed
9269,8.2,1,1,0,73,4.5,Yes,NotPlaced
9270,6.6,0,1,0,70,4.6,No,NotPlaced
9271,7.7,1,1,1,83,4.1,No,NotPlaced
9272,7.5,0,1,0,72,3.7,Yes,NotPlaced
9273,8.3,1,3,1,88,4.8,Yes,Placed
9274,8.5,2,2,2,90,4.4,Yes,Placed
9275,8.4,1,1,1,83,4.8,No,Placed
9276,8.4,2,1,2,90,4.5,Yes,Placed
9277,7.7,2,3,2,75,4.4,No,Placed
9278,7.6,0,3,2,81,4.5,Yes,Placed
9279,7.8,1,3,2,88,4.3,Yes,Placed
9280,7.8,0,2,0,71,4.4,Yes,NotPlaced
9281,8.2,1,1,2,75,4.3,Yes,Placed
9282,7.6,0,1,0,73,3.8,No,Placed
9283,8.8,0,3,0,88,4.6,Yes,Placed
9284,8.7,2,3,2,83,4.8,Yes,Placed
9285,7.5,2,1,1,75,4.8,No,NotPlaced
9286,7.6,1,1,2,90,4.8,Yes,NotPlaced
9287,6.6,1,1,1,74,4,Yes,Placed
9288,8,2,3,2,90,4.8,Yes,Placed
9289,8.7,0,3,1,90,4.6,Yes,Placed
9290,7.4,1,1,0,87,3.7,Yes,NotPlaced
9291,8.2,0,2,0,78,4.8,Yes,Placed
9292,8.7,1,3,0,89,4.5,Yes,Placed
9293,7.6,1,1,2,90,4.4,Yes,NotPlaced
9294,7.4,0,1,0,77,4.4,No,NotPlaced
9295,7.5,2,3,2,90,4.7,Yes,NotPlaced
9296,8.3,1,2,2,87,4.7,Yes,NotPlaced
9297,7.7,2,2,0,82,4.3,No,NotPlaced
9298,8,0,2,1,67,4.1,Yes,NotPlaced
9299,6.7,1,1,1,71,3.8,No,NotPlaced
9300,6.5,0,1,1,75,3.4,No,NotPlaced
9301,7.5,1,2,0,87,3.9,No,NotPlaced
9302,6.5,1,2,0,69,3.4,Yes,Placed
9303,8.2,1,3,2,90,4.8,Yes,Placed
9304,7.7,0,1,1,76,4.2,No,NotPlaced
9305,6.5,1,1,1,77,4.2,Yes,NotPlaced
9306,7.6,1,2,2,75,4.7,Yes,NotPlaced
9307,7.8,1,3,3,77,4.5,Yes,Placed
9308,8.3,1,3,2,85,4.8,Yes,Placed
9309,6.7,1,1,0,60,4.7,Yes,NotPlaced
9310,6.7,1,1,0,60,3.7,No,NotPlaced
9311,8.3,2,3,0,72,3.6,Yes,NotPlaced
9312,7.3,1,1,1,70,3.9,No,NotPlaced
9313,8.1,1,1,2,82,4.8,No,NotPlaced
9314,8.5,2,3,2,90,4.7,Yes,Placed
9315,8.5,1,3,0,86,4.8,Yes,Placed
9316,6.9,0,2,1,69,4,Yes,NotPlaced
9317,8.4,1,3,2,90,4.8,Yes,Placed
9318,7.7,1,3,2,70,3.8,Yes,NotPlaced
9319,6.5,0,2,1,71,3.8,Yes,NotPlaced
9320,8.6,0,3,2,83,4.8,Yes,Placed
9321,8.2,2,3,2,88,4.5,Yes,Placed
9322,7.8,1,1,0,76,4.6,Yes,NotPlaced
9323,7.9,2,3,2,90,4.8,Yes,Placed
9324,7.6,1,2,0,79,4.3,Yes,NotPlaced
9325,8.4,1,1,3,90,4.5,Yes,Placed
9326,7.4,0,2,0,80,4.2,Yes,NotPlaced
9327,8.3,1,2,3,77,4.1,Yes,Placed
9328,7.7,1,3,2,90,4.3,Yes,Placed
9329,7.5,1,2,1,68,4.8,No,NotPlaced
9330,6.7,1,2,2,82,3.2,No,Placed
9331,8.3,2,2,0,89,4.8,Yes,Placed
9332,6.7,1,2,1,78,4.4,Yes,NotPlaced
9333,7.6,1,3,2,71,4.2,Yes,NotPlaced
9334,7.9,0,2,0,75,4.3,No,NotPlaced
9335,8.5,2,3,0,79,4.8,Yes,Placed
9336,8.2,1,3,2,86,4.7,Yes,Placed
9337,7.9,2,3,2,90,4.8,Yes,Placed
9338,8,2,3,1,90,4.8,Yes,Placed
9339,6.9,0,1,1,60,3.6,Yes,NotPlaced
9340,7.6,0,1,0,63,3.7,No,NotPlaced
9341,8.2,1,3,0,86,4.8,Yes,Placed
9342,6.5,1,1,2,68,3.8,No,NotPlaced
9343,8.2,1,3,0,80,4.5,Yes,Placed
9344,6.8,1,1,1,67,4.4,No,NotPlaced
9345,6.6,1,2,0,79,3.9,Yes,NotPlaced
9346,7.1,0,1,1,72,4.4,Yes,NotPlaced
9347,7.7,1,3,2,74,4.5,Yes,NotPlaced
9348,8.6,2,3,2,90,4.8,Yes,NotPlaced
9349,8.3,2,1,2,70,4.3,No,NotPlaced
9350,7.8,2,3,2,90,4.8,Yes,Placed
9351,6.6,0,1,1,66,3.7,No,NotPlaced
9352,7.6,0,2,0,72,4.4,No,Placed
9353,8.7,0,3,2,85,4.5,No,NotPlaced
9354,8.3,1,2,1,73,4.1,Yes,NotPlaced
9355,8.8,2,2,2,90,4.7,No,Placed
9356,6.5,1,2,0,75,4,No,NotPlaced
9357,7.5,0,2,1,64,3.7,No,NotPlaced
9358,7.4,1,1,0,67,4.2,Yes,Placed
9359,8.6,1,3,2,86,4.4,Yes,Placed
9360,7.6,1,2,1,75,4.1,No,NotPlaced
9361,8,2,3,0,90,4.8,Yes,Placed
9362,6.5,1,3,1,70,4.2,Yes,NotPlaced
9363,6.6,1,1,0,70,4.6,No,NotPlaced
9364,8.6,2,2,1,78,4.8,No,NotPlaced
9365,6.5,1,1,0,64,3.7,No,NotPlaced
9366,8.4,2,3,2,90,4.8,Yes,Placed
9367,6.5,1,2,0,78,4,Yes,NotPlaced
9368,8.1,1,3,0,90,4.8,Yes,Placed
9369,8.2,1,2,1,70,3.9,Yes,NotPlaced
9370,7.4,0,1,1,72,3.5,Yes,NotPlaced
9371,7.5,1,1,1,87,4.8,Yes,Placed
9372,8.3,2,3,2,86,4.8,Yes,Placed
9373,8.2,2,1,0,87,4.8,Yes,Placed
9374,6.5,1,1,1,71,4.3,Yes,NotPlaced
9375,8.4,2,1,1,83,3.5,Yes,Placed
9376,7.7,1,1,1,74,3.7,Yes,NotPlaced
9377,7.6,1,1,0,72,3.8,No,NotPlaced
9378,8.6,1,3,2,89,4.7,Yes,Placed
9379,7.5,1,1,1,65,3.9,Yes,NotPlaced
9380,7.6,1,1,1,72,4.5,Yes,NotPlaced
9381,8.2,1,3,0,90,4.7,Yes,Placed
9382,7.5,0,1,0,68,3.8,Yes,NotPlaced
9383,8.3,2,3,0,87,4.8,Yes,Placed
9384,6.9,0,1,1,74,4.8,Yes,NotPlaced
9385,7.6,1,1,0,72,3.9,No,NotPlaced
9386,7.3,1,2,0,70,3.8,No,NotPlaced
9387,8.1,2,3,2,89,4.8,Yes,Placed
9388,7.9,2,2,0,71,4.4,No,NotPlaced
9389,7.2,1,1,0,65,3.7,No,NotPlaced
9390,6.6,1,1,1,72,3.9,No,NotPlaced
9391,8.5,1,1,2,90,4.6,Yes,Placed
9392,7.8,1,3,2,90,4,Yes,NotPlaced
9393,6.8,0,1,1,67,3.5,No,NotPlaced
9394,6.8,1,2,0,64,3.4,Yes,NotPlaced
9395,7.7,0,2,3,74,4,Yes,NotPlaced
9396,7.5,1,1,1,70,3.8,No,NotPlaced
9397,7.6,0,2,0,76,4.1,Yes,Placed
9398,6.5,1,1,0,79,3.8,Yes,Placed
9399,8,2,3,2,90,4.8,Yes,Placed
9400,8.1,2,3,1,79,4.4,Yes,Placed
9401,7.7,1,2,0,88,4.8,Yes,Placed
9402,7.5,1,3,1,86,4.2,Yes,NotPlaced
9403,6.8,2,3,2,86,4.5,Yes,NotPlaced
9404,7.4,1,1,3,85,4,Yes,NotPlaced
9405,7.5,1,2,0,71,4.7,No,NotPlaced
9406,7.7,0,3,0,89,4.2,No,NotPlaced
9407,7,0,1,0,85,4.4,Yes,NotPlaced
9408,7.7,0,1,0,69,4.1,No,NotPlaced
9409,8.8,0,3,0,68,4.1,Yes,NotPlaced
9410,6.9,0,1,1,70,3.5,Yes,NotPlaced
9411,8.8,2,3,2,90,4.8,Yes,Placed
9412,6.8,2,2,0,69,4.8,No,NotPlaced
9413,8.6,2,2,0,77,3.5,Yes,NotPlaced
9414,7.4,1,1,0,79,3.8,No,NotPlaced
9415,6.8,1,1,0,67,4.7,Yes,Placed
9416,8.6,2,3,1,82,4.5,Yes,Placed
9417,8.3,2,3,2,80,4.3,Yes,Placed
9418,7.7,1,3,2,83,4,Yes,Placed
9419,6.6,1,3,1,67,3.9,Yes,NotPlaced
9420,8.1,1,0,1,82,3.4,No,NotPlaced
9421,6.6,0,1,0,69,4.5,Yes,NotPlaced
9422,7.8,1,2,1,77,4.2,Yes,NotPlaced
9423,7.8,1,3,0,80,3.8,Yes,Placed
9424,7.7,1,2,1,69,4.2,No,NotPlaced
9425,8.2,0,3,2,80,4.4,Yes,Placed
9426,8.2,0,3,1,89,4.8,No,Placed
9427,7.4,1,2,1,72,4.4,Yes,Placed
9428,7.7,1,1,1,72,4,Yes,Placed
9429,8.3,1,3,2,90,4.8,Yes,Placed
9430,8.3,1,2,0,81,4.1,Yes,NotPlaced
9431,7.2,1,1,0,60,3.2,Yes,NotPlaced
9432,7.7,1,1,1,66,4.1,Yes,NotPlaced
9433,8.1,2,2,0,90,4.8,Yes,Placed
9434,6.5,0,1,0,84,4.1,Yes,NotPlaced
9435,7.4,1,1,0,65,4,No,NotPlaced
9436,6.5,2,1,0,73,4,No,NotPlaced
9437,8.1,2,1,2,89,4.8,Yes,Placed
9438,7.9,1,2,2,71,4.3,Yes,NotPlaced
9439,8.5,2,1,2,86,4.4,Yes,Placed
9440,7.7,1,2,0,73,4.8,Yes,Placed
9441,7.9,2,2,0,74,4.4,Yes,NotPlaced
9442,8.2,0,3,0,65,4.2,Yes,NotPlaced
9443,8,2,3,2,90,4.8,Yes,Placed
9444,8.6,1,3,2,90,4.8,Yes,Placed
9445,8.5,1,2,2,85,4.8,Yes,Placed
9446,6.7,0,1,1,70,4.5,No,NotPlaced
9447,8.4,2,3,1,90,4.8,Yes,Placed
9448,8.2,1,1,1,90,4.8,Yes,Placed
9449,6.5,1,1,0,80,4.4,Yes,NotPlaced
9450,8.4,2,3,2,90,4.8,Yes,Placed
9451,8.6,2,3,2,90,4.8,Yes,Placed
9452,8.9,2,3,2,90,4.8,Yes,Placed
9453,7.4,0,1,3,66,3.3,Yes,NotPlaced
9454,8.4,0,1,0,83,4.6,Yes,NotPlaced
9455,8.4,2,3,2,86,4.3,Yes,NotPlaced
9456,8.2,1,3,2,90,4.8,Yes,Placed
9457,8.1,2,3,2,90,4.8,Yes,Placed
9458,8.3,2,3,2,79,4.6,No,NotPlaced
9459,7.7,0,2,0,74,4.5,Yes,NotPlaced
9460,7.7,1,1,1,72,3.9,Yes,NotPlaced
9461,7,0,1,0,74,4.4,No,NotPlaced
9462,8.2,2,2,1,87,4.5,Yes,NotPlaced
9463,7.3,0,1,1,70,3.5,No,NotPlaced
9464,7.4,1,2,0,80,4.1,Yes,NotPlaced
9465,8.2,1,3,0,90,4.1,Yes,Placed
9466,8.4,0,3,3,80,4.6,Yes,NotPlaced
9467,6.8,0,1,1,75,4.3,No,NotPlaced
9468,6.5,0,2,0,81,3.7,Yes,Placed
9469,8.4,2,3,2,87,4.7,Yes,Placed
9470,8.3,2,3,2,90,4.8,Yes,Placed
9471,8.1,1,3,2,90,4.8,Yes,Placed
9472,8.7,2,3,2,90,4.8,Yes,Placed
9473,7.9,1,3,0,82,4.4,Yes,Placed
9474,7.3,1,1,2,79,4.4,Yes,NotPlaced
9475,7.9,0,1,0,60,3.1,No,NotPlaced
9476,7.5,1,1,1,60,3.4,Yes,NotPlaced
9477,6.5,0,1,0,65,3.7,No,NotPlaced
9478,7.3,1,1,1,62,4,Yes,NotPlaced
9479,7.5,1,1,0,75,3.8,Yes,NotPlaced
9480,8.2,2,3,0,76,3.9,Yes,NotPlaced
9481,8,1,3,1,80,4.6,No,NotPlaced
9482,7.9,1,2,2,78,3.9,Yes,NotPlaced
9483,7.6,0,1,0,71,3.5,Yes,NotPlaced
9484,7.8,0,3,2,90,4.8,No,Placed
9485,6.5,0,3,0,78,4.2,Yes,NotPlaced
9486,6.6,0,2,1,79,4.2,Yes,NotPlaced
9487,7.5,2,1,0,84,3.8,No,Placed
9488,6.9,1,1,1,68,4.4,Yes,NotPlaced
9489,7.4,1,1,1,65,3.7,No,NotPlaced
9490,8.2,2,3,0,80,4.3,Yes,NotPlaced
9491,6.5,1,1,1,60,4.2,No,NotPlaced
9492,7.5,0,3,1,78,4.7,Yes,Placed
9493,7.6,1,1,0,81,3.8,Yes,NotPlaced
9494,8.5,2,3,2,90,4.6,Yes,Placed
9495,8.5,1,3,2,90,4.8,Yes,Placed
9496,7.6,0,2,1,75,4.7,Yes,NotPlaced
9497,7.8,1,3,2,90,4.8,No,NotPlaced
9498,7.4,1,1,0,76,4.7,Yes,Placed
9499,7,1,2,0,81,4.5,Yes,NotPlaced
9500,8.3,0,3,2,74,4.7,Yes,NotPlaced
9501,7.6,2,3,2,82,4.8,Yes,Placed
9502,8,2,3,2,90,4.6,Yes,Placed
9503,8.1,1,3,2,90,4.7,Yes,Placed
9504,6.8,1,2,1,72,4.3,Yes,NotPlaced
9505,7.4,1,2,1,69,3.4,Yes,NotPlaced
9506,7.8,1,2,2,90,4.8,Yes,Placed
9507,7.7,1,2,0,74,3.9,Yes,NotPlaced
9508,7.5,2,3,0,86,4.8,No,Placed
9509,6.7,1,1,0,78,4.2,Yes,Placed
9510,7.6,1,1,1,74,4.5,No,NotPlaced
9511,6.6,2,1,2,62,4.3,No,NotPlaced
9512,8.2,1,3,1,83,4.8,Yes,Placed
9513,8.2,1,2,1,71,4.6,Yes,NotPlaced
9514,8.3,1,3,1,86,4.3,Yes,Placed
9515,8.2,1,1,2,74,4.5,No,Placed
9516,8.4,2,3,2,89,4.5,Yes,NotPlaced
9517,8.1,2,3,1,85,4.8,Yes,Placed
9518,7.8,1,2,0,83,3.5,No,NotPlaced
9519,7.1,2,2,2,83,4.8,Yes,Placed
9520,8.7,1,1,1,80,4.1,Yes,Placed
9521,8.1,1,1,0,81,4.7,Yes,NotPlaced
9522,6.7,1,2,1,77,4.5,Yes,NotPlaced
9523,7.7,0,1,1,68,3.3,Yes,NotPlaced
9524,7.7,1,1,0,78,4.3,No,NotPlaced
9525,7.3,1,1,1,85,4.8,Yes,Placed
9526,7.5,1,2,1,76,4.3,Yes,NotPlaced
9527,7.6,0,1,0,80,4.2,No,NotPlaced
9528,6.8,1,2,1,78,4.4,No,NotPlaced
9529,8.3,0,1,0,81,4.4,No,NotPlaced
9530,7.6,0,1,1,69,3.9,No,NotPlaced
9531,7.7,1,1,1,84,4.4,Yes,NotPlaced
9532,8.1,1,3,2,90,4.8,Yes,Placed
9533,6.9,1,1,1,65,3,No,NotPlaced
9534,8.4,2,3,2,86,4.2,Yes,Placed
9535,8.3,1,1,1,76,4.2,Yes,NotPlaced
9536,7.8,1,2,2,76,4.7,Yes,Placed
9537,7.5,1,2,1,78,4.8,Yes,NotPlaced
9538,8,1,1,1,70,4,Yes,NotPlaced
9539,7.8,1,2,1,69,4.5,No,NotPlaced
9540,8.1,2,1,0,73,3.6,Yes,NotPlaced
9541,8.3,2,3,2,89,4.8,Yes,Placed
9542,8,2,3,2,86,4.8,Yes,Placed
9543,8.4,2,3,2,90,4.8,Yes,Placed
9544,7.4,1,3,0,88,4.8,Yes,Placed
9545,8.4,2,3,1,84,4.2,Yes,NotPlaced
9546,7.6,1,1,1,70,3.8,Yes,NotPlaced
9547,8.3,1,3,2,90,4.8,Yes,Placed
9548,8.6,2,3,0,90,4.7,Yes,Placed
9549,7.4,1,1,0,82,3.8,Yes,Placed
9550,8.2,2,3,2,88,4.7,Yes,Placed
9551,8.1,2,1,0,85,4.1,Yes,Placed
9552,8.5,1,3,2,87,3.7,Yes,Placed
9553,6.6,1,1,0,75,4.4,No,NotPlaced
9554,7.6,2,3,1,78,3.8,Yes,NotPlaced
9555,8.2,0,2,2,88,3.3,Yes,Placed
9556,7.5,2,3,0,90,4.7,No,Placed
9557,8.1,1,3,2,88,4.8,Yes,Placed
9558,8.5,1,3,0,74,4.3,Yes,NotPlaced
9559,8.3,1,3,2,87,4.6,Yes,Placed
9560,8.4,2,3,2,90,4.8,Yes,Placed
9561,8.4,2,3,2,90,4.1,Yes,Placed
9562,6.8,1,1,2,64,3.5,No,NotPlaced
9563,7.8,1,1,0,66,4.6,No,NotPlaced
9564,7.3,1,2,2,82,4.2,No,NotPlaced
9565,8.5,1,3,2,90,4.4,Yes,NotPlaced
9566,8,1,3,2,90,4.4,Yes,Placed
9567,7.4,2,1,1,75,4.4,Yes,NotPlaced
9568,7.5,2,2,0,65,4.3,No,NotPlaced
9569,7.6,1,1,0,81,4.2,Yes,NotPlaced
9570,8.4,2,3,2,88,4.8,Yes,Placed
9571,6.5,1,1,1,66,3.6,No,NotPlaced
9572,8,0,1,1,76,3.6,No,NotPlaced
9573,7.8,0,2,0,86,4.3,Yes,NotPlaced
9574,7.6,0,1,0,82,3.9,Yes,NotPlaced
9575,7.7,1,2,1,84,4.5,Yes,Placed
9576,7.4,2,3,2,83,4.2,Yes,NotPlaced
9577,7.3,1,2,0,84,3.9,Yes,Placed
9578,8.8,2,3,2,90,4.8,Yes,Placed
9579,8.6,1,3,2,88,4.8,Yes,Placed
9580,7.8,2,3,0,90,4.6,Yes,NotPlaced
9581,8,2,3,2,86,4.8,No,NotPlaced
9582,7.7,1,2,0,73,4.8,Yes,NotPlaced
9583,8.4,1,3,2,85,4.4,Yes,Placed
9584,7.7,2,1,3,72,4.6,Yes,Placed
9585,8.7,2,3,2,79,4.4,Yes,Placed
9586,7.6,1,1,0,68,3.7,No,NotPlaced
9587,6.7,0,3,0,90,4.3,Yes,Placed
9588,8.1,2,3,2,90,4.6,No,Placed
9589,8.2,2,3,0,83,4.5,Yes,Placed
9590,6.5,1,2,0,68,4.2,Yes,NotPlaced
9591,8.5,1,3,0,90,4.8,Yes,Placed
9592,7.8,1,3,1,77,3.7,Yes,NotPlaced
9593,7.5,1,3,2,88,4.5,Yes,Placed
9594,6.7,0,2,0,73,4.5,Yes,NotPlaced
9595,8.3,1,1,1,68,4.3,Yes,NotPlaced
9596,7,1,3,1,80,4.8,Yes,Placed
9597,8.3,2,1,2,82,4.2,Yes,Placed
9598,8.3,1,3,0,90,4.4,Yes,Placed
9599,6.5,1,1,0,82,4.4,Yes,NotPlaced
9600,7.6,1,1,0,76,3.6,Yes,NotPlaced
9601,8.5,2,3,2,90,4.8,Yes,Placed
9602,8.5,1,3,0,83,4.6,Yes,Placed
9603,8,2,3,2,90,4.8,Yes,Placed
9604,8.4,2,2,0,84,3.9,Yes,NotPlaced
9605,8.4,2,3,2,85,4.1,No,Placed
9606,7.5,1,1,1,68,4.6,Yes,NotPlaced
9607,7.3,0,3,1,85,4.7,No,NotPlaced
9608,8.4,2,3,2,88,4.7,Yes,Placed
9609,6.5,2,2,0,83,4.1,Yes,NotPlaced
9610,8.3,2,3,2,90,4.8,Yes,Placed
9611,8.2,2,3,2,90,4.8,Yes,Placed
9612,6.5,2,2,1,88,3.9,Yes,NotPlaced
9613,7.6,0,1,0,78,3.2,Yes,NotPlaced
9614,7.2,1,3,2,81,4.8,Yes,NotPlaced
9615,8.3,1,3,0,90,4.8,Yes,Placed
9616,8.1,1,1,1,90,4.6,No,NotPlaced
9617,7.4,1,2,1,83,4.1,Yes,NotPlaced
9618,7.4,0,3,0,79,3.3,Yes,NotPlaced
9619,8.2,2,3,2,80,4,Yes,Placed
9620,7.4,2,1,2,62,4.7,No,NotPlaced
9621,8,0,3,2,90,4.8,Yes,Placed
9622,8.2,2,3,2,90,4.8,Yes,Placed
9623,7.6,1,1,1,83,4.5,Yes,NotPlaced
9624,7.6,1,2,0,66,3.5,Yes,NotPlaced
9625,6.7,1,1,0,85,4.4,Yes,NotPlaced
9626,8.4,0,3,2,87,4.8,Yes,Placed
9627,7.6,2,2,2,89,4.6,Yes,Placed
9628,8.4,1,3,0,82,4.5,Yes,Placed
9629,8.4,0,3,2,90,4.8,Yes,Placed
9630,6.7,1,1,0,81,4.8,No,NotPlaced
9631,6.5,1,1,0,69,4,Yes,NotPlaced
9632,8.2,2,2,2,90,4.8,Yes,NotPlaced
9633,8.3,2,1,1,90,4.6,Yes,NotPlaced
9634,8.2,0,3,2,81,4.5,Yes,NotPlaced
9635,7.6,2,3,2,79,4.7,Yes,Placed
9636,7.7,2,2,2,90,4.7,Yes,Placed
9637,6.5,1,3,0,83,4.3,Yes,NotPlaced
9638,7.3,0,1,0,87,4.8,No,NotPlaced
9639,7.9,2,3,2,83,4.5,Yes,Placed
9640,8.7,2,3,2,90,4.8,Yes,Placed
9641,7.6,0,1,1,82,4.1,No,NotPlaced
9642,6.8,1,3,0,80,4.4,Yes,NotPlaced
9643,7.5,1,1,0,63,4.1,Yes,NotPlaced
9644,6.6,0,2,2,84,3.8,No,NotPlaced
9645,7.7,1,2,0,78,3.7,Yes,NotPlaced
9646,8.5,1,3,2,90,4.3,Yes,Placed
9647,7.6,1,1,1,67,4.4,No,NotPlaced
9648,7.3,1,3,0,77,4.2,No,NotPlaced
9649,8.4,2,3,0,89,4.6,Yes,Placed
9650,7.4,1,2,1,77,3.6,No,NotPlaced
9651,8.4,2,3,2,80,4.7,Yes,Placed
9652,7.4,1,1,1,83,4,Yes,NotPlaced
9653,6.7,2,1,2,85,3.5,Yes,NotPlaced
9654,8.5,1,0,2,70,4.2,No,NotPlaced
9655,7.7,2,2,2,80,4.4,Yes,Placed
9656,7.9,1,1,0,70,4.2,Yes,NotPlaced
9657,7.6,1,1,0,61,3.7,No,NotPlaced
9658,8.2,1,3,1,85,4.4,Yes,NotPlaced
9659,7.6,2,2,2,86,4.2,Yes,Placed
9660,7.9,2,3,2,90,4.8,Yes,Placed
9661,8.3,0,1,0,82,4.1,Yes,Placed
9662,7.4,1,2,1,81,4.2,Yes,NotPlaced
9663,7.4,0,1,0,60,3.4,No,NotPlaced
9664,8.3,2,3,2,90,4.8,Yes,Placed
9665,8.4,2,3,2,90,4.8,Yes,Placed
9666,8.5,0,1,0,73,4.6,Yes,NotPlaced
9667,7.4,2,1,0,61,3.9,No,NotPlaced
9668,7.6,2,2,0,86,4.6,Yes,NotPlaced
9669,7.7,1,1,1,78,3.2,No,NotPlaced
9670,7.7,1,3,2,74,4.2,Yes,NotPlaced
9671,7.4,0,2,0,80,4.8,Yes,NotPlaced
9672,6.8,2,1,0,77,3.8,Yes,Placed
9673,7.5,2,2,1,71,3.8,Yes,NotPlaced
9674,8.2,2,2,3,84,3.9,Yes,NotPlaced
9675,8.7,1,2,1,73,4.4,Yes,Placed
9676,6.9,1,2,0,88,4.6,Yes,NotPlaced
9677,6.5,0,2,2,78,4.2,Yes,NotPlaced
9678,7.4,1,1,0,68,3.9,Yes,NotPlaced
9679,7.7,1,1,0,83,4.2,No,NotPlaced
9680,6.9,0,1,1,86,3.8,Yes,Placed
9681,8.1,2,3,2,86,4.8,Yes,Placed
9682,7.6,1,1,0,74,4.2,Yes,NotPlaced
9683,7.6,1,2,1,73,3.7,Yes,NotPlaced
9684,8.2,2,3,2,90,4.8,Yes,Placed
9685,6.5,0,1,0,80,3.6,No,NotPlaced
9686,7.3,1,1,0,75,3.7,Yes,NotPlaced
9687,8.4,2,1,0,90,4.4,Yes,Placed
9688,7.7,1,1,1,82,4,No,NotPlaced
9689,7.5,1,1,1,77,3.7,Yes,NotPlaced
9690,6.5,0,1,0,75,3.9,No,NotPlaced
9691,8.1,0,1,1,71,4.4,No,NotPlaced
9692,7.6,0,2,1,85,4.3,Yes,Placed
9693,8.8,2,3,2,90,4.8,Yes,Placed
9694,7.5,1,1,0,72,4.2,No,NotPlaced
9695,8.1,0,3,2,90,4.8,Yes,Placed
9696,7.8,1,1,0,85,4.1,Yes,NotPlaced
9697,7.7,1,1,0,81,3.9,No,NotPlaced
9698,8,2,3,3,86,4.8,Yes,Placed
9699,6.7,1,1,1,60,4.1,Yes,NotPlaced
9700,8.2,1,3,2,85,4.4,Yes,Placed
9701,7.9,0,2,0,69,4.1,No,NotPlaced
9702,8.3,2,3,2,90,4.8,Yes,Placed
9703,7.6,1,3,0,90,4.8,Yes,Placed
9704,7.6,0,2,0,75,3.8,Yes,NotPlaced
9705,8.1,1,3,0,81,3.8,Yes,Placed
9706,8.2,1,2,1,79,4.2,Yes,Placed
9707,7.6,1,2,1,66,4.4,Yes,NotPlaced
9708,8.4,2,3,2,90,4.3,No,NotPlaced
9709,8.3,2,3,2,85,4.8,No,NotPlaced
9710,8.2,1,1,2,82,4.6,No,Placed
9711,7.3,1,1,0,77,4,No,NotPlaced
9712,8.1,2,3,1,82,4.2,No,NotPlaced
9713,7,1,1,0,68,3.9,Yes,NotPlaced
9714,8.2,2,3,2,90,4.8,Yes,Placed
9715,7.4,1,1,0,67,3.7,Yes,NotPlaced
9716,7.4,1,2,1,68,3.3,No,NotPlaced
9717,8,0,3,1,82,4.8,Yes,NotPlaced
9718,8.7,0,1,1,81,4.8,No,NotPlaced
9719,7.6,1,1,0,79,4.2,Yes,NotPlaced
9720,6.6,1,2,1,74,4.1,Yes,Placed
9721,7.7,2,3,2,90,4.8,Yes,Placed
9722,7,2,3,2,90,4.6,Yes,Placed
9723,8.6,0,1,0,82,4.6,No,NotPlaced
9724,8.1,1,3,1,89,4.4,Yes,Placed
9725,7.7,1,1,0,72,4.1,No,NotPlaced
9726,7.7,1,1,1,61,3.9,No,NotPlaced
9727,8,2,3,0,85,4.8,No,NotPlaced
9728,7.6,0,1,0,86,4,No,NotPlaced
9729,6.5,1,1,2,81,3.8,No,NotPlaced
9730,6.6,1,2,0,83,4,Yes,NotPlaced
9731,7.5,1,2,0,84,4.5,No,NotPlaced
9732,6.5,0,2,1,66,4.5,No,NotPlaced
9733,8.4,1,3,1,80,4.6,Yes,Placed
9734,7,1,1,1,72,3.8,No,NotPlaced
9735,7.8,1,2,0,80,4.5,Yes,Placed
9736,6.5,1,3,2,85,4.8,Yes,NotPlaced
9737,8.2,1,1,1,74,4.6,No,NotPlaced
9738,7,0,2,1,64,4.1,Yes,Placed
9739,6.6,1,1,0,76,4.8,Yes,NotPlaced
9740,8.3,2,3,0,90,4.8,Yes,Placed
9741,6.5,1,1,1,62,3.9,No,NotPlaced
9742,7.9,2,3,3,81,4.4,No,Placed
9743,6.5,1,1,1,67,3.6,No,NotPlaced
9744,7.5,1,1,1,75,3.9,No,NotPlaced
9745,8.9,2,3,1,90,4.3,Yes,Placed
9746,8.9,0,3,0,83,4.8,Yes,Placed
9747,7.3,0,1,1,72,3.6,Yes,NotPlaced
9748,8.4,1,2,2,86,4.8,Yes,Placed
9749,7.4,1,1,0,65,3.7,No,NotPlaced
9750,7.3,1,2,0,77,3.9,Yes,NotPlaced
9751,7.5,1,1,0,69,3.9,Yes,NotPlaced
9752,7.7,1,1,0,82,4.6,No,NotPlaced
9753,7.5,1,2,2,78,4.5,Yes,NotPlaced
9754,6.7,1,1,0,66,4.4,No,NotPlaced
9755,7.6,0,1,0,70,3.5,Yes,NotPlaced
9756,6.5,1,3,1,71,4,Yes,NotPlaced
9757,7.6,1,1,1,73,3.9,Yes,NotPlaced
9758,7.5,0,3,2,90,4.8,No,Placed
9759,8.2,1,3,0,79,4.3,No,NotPlaced
9760,7.7,0,2,1,71,4.3,Yes,NotPlaced
9761,6.6,1,1,1,64,4.4,No,NotPlaced
9762,7.9,1,3,0,81,4.5,Yes,NotPlaced
9763,7.6,1,1,1,73,4.7,No,NotPlaced
9764,7.7,2,1,3,77,3.9,Yes,NotPlaced
9765,6.7,1,2,0,78,3.7,No,NotPlaced
9766,8.3,2,3,2,90,4.8,Yes,Placed
9767,7.5,1,1,2,75,4,Yes,NotPlaced
9768,8.3,1,1,1,65,4.2,No,NotPlaced
9769,8.1,1,3,2,90,4.6,Yes,Placed
9770,7.7,0,2,1,66,4.3,Yes,NotPlaced
9771,8.1,1,3,2,90,4.6,Yes,NotPlaced
9772,8.3,1,3,0,83,4.7,No,NotPlaced
9773,8.2,1,2,1,90,4.7,Yes,NotPlaced
9774,8.2,2,3,2,90,4.8,Yes,Placed
9775,8,1,0,2,89,4.8,Yes,Placed
9776,6.6,1,1,1,85,3.4,No,Placed
9777,8,1,3,0,90,4.8,No,Placed
9778,8.6,1,3,2,85,4.8,Yes,Placed
9779,7.9,1,3,2,90,4.8,Yes,Placed
9780,7.2,0,1,1,65,3.8,Yes,NotPlaced
9781,6.5,0,3,1,67,4.1,Yes,NotPlaced
9782,7.5,1,1,0,60,3.7,No,NotPlaced
9783,7.5,1,1,0,81,4.7,Yes,Placed
9784,8.4,1,2,2,83,4.2,Yes,Placed
9785,8.5,2,2,2,88,4.8,Yes,Placed
9786,7.2,1,2,1,80,4.1,Yes,NotPlaced
9787,7.4,1,1,1,65,3.6,No,NotPlaced
9788,8,2,3,2,90,4.8,Yes,Placed
9789,8.5,1,3,0,81,4.8,Yes,Placed
9790,7.4,0,1,0,81,3.9,Yes,NotPlaced
9791,8.5,2,3,2,90,4.8,Yes,Placed
9792,8.5,1,3,0,70,3.7,Yes,NotPlaced
9793,8,1,3,2,72,4.4,Yes,Placed
9794,8.3,0,2,0,77,4.1,No,NotPlaced
9795,7.8,0,2,0,82,4.3,Yes,NotPlaced
9796,8.1,2,3,2,90,4.8,Yes,Placed
9797,6.6,1,1,1,64,4.1,No,NotPlaced
9798,7.5,1,1,1,72,4.8,No,NotPlaced
9799,6.6,0,3,0,85,4,No,Placed
9800,6.5,2,1,0,78,3.1,No,NotPlaced
9801,7.5,1,2,1,72,4.8,Yes,NotPlaced
9802,6.8,2,3,2,90,4.3,Yes,NotPlaced
9803,7.3,1,2,0,74,3.6,Yes,NotPlaced
9804,7.5,0,1,1,71,3.6,Yes,NotPlaced
9805,8.7,1,3,2,89,4.6,Yes,Placed
9806,8.2,1,3,1,78,4,Yes,Placed
9807,8.1,2,3,2,77,4.8,No,NotPlaced
9808,7.7,1,2,0,72,4.2,Yes,NotPlaced
9809,7.8,1,2,0,75,4.1,No,NotPlaced
9810,8,2,3,2,90,4.8,Yes,Placed
9811,7.6,1,2,1,75,4.7,Yes,NotPlaced
9812,8.2,2,3,0,77,3.5,Yes,NotPlaced
9813,7.5,0,1,1,64,3.3,Yes,NotPlaced
9814,8.9,2,3,2,85,4.6,Yes,Placed
9815,7.4,0,2,1,81,4,No,NotPlaced
9816,6.5,1,2,0,76,4.2,Yes,NotPlaced
9817,6.5,0,3,2,87,4.8,No,NotPlaced
9818,8.2,2,2,2,90,4.8,Yes,Placed
9819,8.1,1,3,0,88,3.8,Yes,NotPlaced
9820,7.2,1,2,0,70,3.6,Yes,NotPlaced
9821,8.2,1,3,2,90,4.8,Yes,Placed
9822,8.6,2,3,3,89,4.7,Yes,Placed
9823,7.5,1,1,0,75,4.3,Yes,NotPlaced
9824,7.4,1,1,0,73,4.1,Yes,NotPlaced
9825,6.6,1,1,1,74,3.6,No,NotPlaced
9826,7.7,1,3,3,80,4.1,Yes,NotPlaced
9827,7.5,1,1,1,64,4.6,Yes,NotPlaced
9828,7.4,1,3,2,80,4.7,Yes,Placed
9829,7.5,0,2,0,74,4,Yes,NotPlaced
9830,8.4,2,3,2,90,4.5,Yes,NotPlaced
9831,6.8,1,1,1,89,4.6,Yes,NotPlaced
9832,8,1,2,2,77,4.7,Yes,Placed
9833,8.3,2,3,2,90,3.8,No,NotPlaced
9834,8.3,2,1,1,84,3.5,Yes,NotPlaced
9835,7.6,2,3,3,82,4.5,Yes,Placed
9836,7.7,0,2,0,71,4.8,Yes,NotPlaced
9837,8.3,1,3,2,90,4.8,Yes,Placed
9838,8.7,2,1,1,63,4,Yes,NotPlaced
9839,7.6,0,1,1,70,4.1,Yes,NotPlaced
9840,6.8,0,2,0,70,4.2,No,NotPlaced
9841,6.5,1,1,2,85,4.6,Yes,Placed
9842,8,0,3,1,78,4.5,Yes,NotPlaced
9843,7.7,2,3,2,87,4.8,Yes,NotPlaced
9844,8,2,3,2,85,4.8,No,Placed
9845,8.3,2,3,2,90,4.7,Yes,Placed
9846,8,2,3,2,90,4.8,Yes,Placed
9847,8.3,2,2,0,74,4.8,Yes,Placed
9848,7.6,1,1,1,82,3.9,Yes,NotPlaced
9849,7.5,1,2,0,67,4.1,No,NotPlaced
9850,6.8,2,2,2,80,4.5,Yes,Placed
9851,8,1,2,1,77,4.6,Yes,NotPlaced
9852,8.3,2,3,2,90,4.8,Yes,Placed
9853,7.3,1,1,0,75,3.2,No,NotPlaced
9854,8.2,2,3,2,90,4.6,Yes,Placed
9855,6.8,1,1,1,85,4.5,Yes,NotPlaced
9856,8.5,1,2,1,80,4,Yes,NotPlaced
9857,7.9,0,1,0,79,4.2,No,NotPlaced
9858,7.8,2,3,2,87,4.5,Yes,NotPlaced
9859,7.5,1,3,2,90,4.8,Yes,NotPlaced
9860,6.5,1,1,0,69,3.7,Yes,NotPlaced
9861,8.3,2,2,1,80,4.8,Yes,Placed
9862,7.5,0,1,1,77,4.4,Yes,Placed
9863,7.8,2,3,0,86,4.8,No,Placed
9864,8.4,1,2,1,83,3.7,Yes,NotPlaced
9865,8.5,0,3,2,90,4.8,Yes,Placed
9866,6.5,0,1,1,76,4.2,Yes,NotPlaced
9867,8.4,1,1,0,72,3.5,No,NotPlaced
9868,6.5,0,1,2,77,3.6,Yes,Placed
9869,7.6,1,2,0,90,4.8,Yes,NotPlaced
9870,8.5,0,3,1,85,3.8,Yes,Placed
9871,7.5,0,2,0,62,4.3,Yes,NotPlaced
9872,7.4,0,1,1,83,3.8,No,NotPlaced
9873,7.5,1,2,1,74,3.8,Yes,NotPlaced
9874,8.5,2,2,0,83,4.7,Yes,NotPlaced
9875,8.2,2,3,2,90,4.6,Yes,Placed
9876,6.5,1,2,0,68,3.7,Yes,NotPlaced
9877,7.4,2,3,0,80,4.5,Yes,Placed
9878,7.5,2,3,2,87,4.7,Yes,Placed
9879,7.6,2,3,1,79,4.8,Yes,Placed
9880,7.8,1,3,2,82,4.2,Yes,Placed
9881,7.6,1,2,0,71,4.6,Yes,NotPlaced
9882,7.5,1,1,0,79,3.2,No,NotPlaced
9883,8,1,3,2,84,4.3,Yes,Placed
9884,8.4,2,3,2,84,4.8,Yes,Placed
9885,6.7,1,1,0,76,3.8,Yes,NotPlaced
9886,7.8,1,1,0,78,4,No,NotPlaced
9887,6.8,0,2,2,80,4.5,Yes,NotPlaced
9888,8.2,0,2,2,79,4.5,Yes,NotPlaced
9889,7.8,1,2,0,73,3.5,Yes,NotPlaced
9890,8.2,0,3,2,90,4.7,Yes,Placed
9891,7.4,1,2,1,75,4,Yes,NotPlaced
9892,7.7,1,3,1,72,4.5,Yes,Placed
9893,6.5,1,2,0,77,4,Yes,NotPlaced
9894,8.3,1,2,0,65,4.1,Yes,Placed
9895,7.8,2,3,0,88,4.5,Yes,Placed
9896,8.1,1,1,1,70,4.6,No,NotPlaced
9897,8.4,2,3,1,84,4.3,Yes,NotPlaced
9898,6.5,1,1,0,65,3.6,Yes,NotPlaced
9899,7.5,0,1,1,73,4.6,Yes,NotPlaced
9900,8.1,0,1,2,80,4.3,Yes,NotPlaced
9901,7.6,1,2,2,79,4.2,Yes,NotPlaced
9902,6.5,1,1,1,76,4,No,NotPlaced
9903,8.3,2,3,2,90,4.8,Yes,Placed
9904,7.6,1,2,0,76,4,Yes,NotPlaced
9905,8.7,2,1,2,85,4.8,Yes,Placed
9906,8.1,1,2,0,78,4.3,Yes,NotPlaced
9907,8.1,2,3,2,90,4.7,Yes,Placed
9908,8.2,1,3,2,70,4.6,Yes,Placed
9909,8.5,1,3,2,88,4.6,Yes,NotPlaced
9910,8.5,1,3,0,90,4.3,Yes,Placed
9911,8.4,1,3,2,82,4.6,Yes,Placed
9912,7.9,2,3,0,84,4.7,Yes,NotPlaced
9913,8.7,2,3,2,83,4.8,Yes,NotPlaced
9914,7.6,2,1,2,88,4.6,Yes,Placed
9915,8.3,2,2,2,90,4.6,Yes,NotPlaced
9916,6.6,0,1,0,74,4.3,No,Placed
9917,8.3,2,3,3,90,4.8,Yes,Placed
9918,7.4,1,2,0,70,4.3,Yes,NotPlaced
9919,7.6,1,2,0,77,4.2,Yes,NotPlaced
9920,7.5,2,1,1,82,4.7,Yes,Placed
9921,7.3,1,3,2,75,4.2,Yes,NotPlaced
9922,7.5,1,1,0,64,3.8,No,NotPlaced
9923,7.9,1,1,1,79,4,Yes,NotPlaced
9924,7.3,0,2,1,69,4.1,Yes,NotPlaced
9925,8.3,0,1,1,80,4.3,No,NotPlaced
9926,7.6,1,3,1,74,4,Yes,NotPlaced
9927,8.2,1,3,1,69,3.8,Yes,NotPlaced
9928,6.5,1,1,0,82,4.1,Yes,NotPlaced
9929,8.3,2,3,2,90,4.8,Yes,Placed
9930,8.5,1,3,2,83,4.4,Yes,Placed
9931,7.4,1,1,0,78,3.9,Yes,NotPlaced
9932,7.9,1,2,0,83,4.5,Yes,Placed
9933,8.7,0,3,0,85,4.8,Yes,Placed
9934,7.6,1,2,0,65,3.3,Yes,NotPlaced
9935,6.6,1,2,0,71,4.4,Yes,NotPlaced
9936,7.8,1,2,0,80,4.8,Yes,Placed
9937,8.2,1,3,2,85,4.6,Yes,Placed
9938,6.5,1,2,1,63,3,No,NotPlaced
9939,7.4,1,1,2,69,4.5,Yes,NotPlaced
9940,8.4,1,2,2,81,4.6,Yes,NotPlaced
9941,8.6,1,1,1,78,4.3,Yes,NotPlaced
9942,7.8,1,1,1,71,3.8,Yes,NotPlaced
9943,8.1,2,2,2,90,4.8,Yes,Placed
9944,8.2,2,3,1,83,4.3,Yes,Placed
9945,7,1,2,1,67,3.4,Yes,NotPlaced
9946,6.6,1,1,1,70,4.1,Yes,NotPlaced
9947,7.5,0,1,1,68,3.6,Yes,NotPlaced
9948,7.7,0,2,1,64,4.4,Yes,NotPlaced
9949,7.8,1,1,1,78,3.7,Yes,NotPlaced
9950,6.9,1,1,0,71,3.8,Yes,NotPlaced
9951,8,1,2,2,90,4.3,Yes,Placed
9952,6.8,1,1,1,66,4.1,No,NotPlaced
9953,8.1,2,3,2,90,4.8,Yes,Placed
9954,8.4,2,3,2,90,4.8,Yes,Placed
9955,6.5,0,1,0,74,4.4,Yes,NotPlaced
9956,8.1,2,1,0,83,4.1,No,NotPlaced
9957,8,1,3,1,79,3.9,Yes,Placed
9958,7.5,1,1,0,73,4.4,Yes,NotPlaced
9959,8.2,2,3,2,90,4.4,Yes,Placed
9960,7.7,0,1,1,64,4.4,Yes,NotPlaced
9961,8.3,1,1,0,70,4.1,Yes,NotPlaced
9962,6.9,1,3,0,73,4.5,No,NotPlaced
9963,7.3,1,1,0,60,4.5,No,NotPlaced
9964,6.5,2,1,0,65,3.3,No,NotPlaced
9965,7.5,1,3,1,87,4.5,Yes,Placed
9966,6.8,0,2,1,90,4.8,Yes,NotPlaced
9967,8.3,1,3,2,90,4.8,Yes,Placed
9968,7.8,0,3,2,85,4.6,Yes,NotPlaced
9969,8.2,1,2,2,82,4.3,Yes,NotPlaced
9970,8.5,1,3,0,85,4.2,No,NotPlaced
9971,8.2,0,3,1,90,3.8,Yes,NotPlaced
9972,7.1,0,1,0,76,3.9,No,NotPlaced
9973,8.4,2,3,2,90,4.8,Yes,Placed
9974,7.7,1,2,1,68,4.2,Yes,NotPlaced
9975,7.6,2,1,1,65,4.4,Yes,NotPlaced
9976,7.9,2,3,2,90,4.6,Yes,Placed
9977,8,2,3,2,88,4.8,Yes,Placed
9978,8.3,2,3,2,90,4.8,Yes,Placed
9979,7.2,1,2,2,84,4.8,Yes,Placed
9980,8.3,2,3,2,90,4.7,Yes,Placed
9981,8.6,1,2,0,87,4.3,Yes,NotPlaced
9982,7.8,1,1,0,76,3.9,Yes,NotPlaced
9983,7.7,0,2,2,90,4.8,Yes,Placed
9984,6.6,2,1,0,60,4.1,No,NotPlaced
9985,8.5,1,3,2,90,4.8,Yes,Placed
9986,8.5,2,3,2,90,4.8,Yes,Placed
9987,7.5,0,2,1,66,3.9,Yes,NotPlaced
9988,7.7,1,2,0,82,4.2,Yes,Placed
9989,7.3,1,2,1,81,4,Yes,NotPlaced
9990,8.3,2,3,0,90,4.6,No,Placed
9991,7.4,0,3,1,90,3.8,Yes,NotPlaced
9992,8.4,2,3,1,84,4.5,Yes,Placed
9993,8,2,1,2,78,4.4,Yes,Placed
9994,6.6,1,1,1,71,4.5,Yes,NotPlaced
9995,7.8,2,2,2,80,4.8,Yes,NotPlaced
9996,7.5,1,1,2,72,3.9,No,NotPlaced
9997,7.4,0,1,0,90,4.8,No,Placed
9998,8.4,1,3,0,70,4.8,Yes,Placed
9999,8.9,0,3,2,87,4.8,Yes,Placed
10000,8.4,0,1,1,66,3.8,No,NotPlaced
